operator,centre,instrument,instrument_model,analysis,material,vial,round,excluded,parameter,percent
A,2,2,1,centr,PBMC,1,1,No,CD3,67.34
A,2,2,1,centr,PBMC,1,1,No,CD4,32.49
A,2,2,1,centr,PBMC,1,1,No,CD8,61.8
A,2,2,1,centr,PBMC,1,1,No,CD3_N,10.24
A,2,2,1,centr,PBMC,1,1,No,CD4_N,19.49
A,2,2,1,centr,PBMC,1,1,No,CD8_N,5.61
A,2,2,1,centr,PBMC,1,1,No,CD3_CM,20.76
A,2,2,1,centr,PBMC,1,1,No,CD4_CM,41.93
A,2,2,1,centr,PBMC,1,1,No,CD8_CM,7.96
A,2,2,1,centr,PBMC,1,1,No,CD3_EM,29.2
A,2,2,1,centr,PBMC,1,1,No,CD4_EM,32.72
A,2,2,1,centr,PBMC,1,1,No,CD8_EM,31.08
A,2,2,1,centr,PBMC,1,1,No,CD3_TD,39.8
A,2,2,1,centr,PBMC,1,1,No,CD4_TD,5.85
A,2,2,1,centr,PBMC,1,1,No,CD8_TD,55.35
A,2,2,1,centr,PBMC,1,2,No,CD3,75.74
A,2,2,1,centr,PBMC,1,2,No,CD4,45.38
A,2,2,1,centr,PBMC,1,2,No,CD8,49.88
A,2,2,1,centr,PBMC,1,2,No,CD3_N,16.8
A,2,2,1,centr,PBMC,1,2,No,CD4_N,28.68
A,2,2,1,centr,PBMC,1,2,No,CD8_N,7.51
A,2,2,1,centr,PBMC,1,2,No,CD3_CM,20.04
A,2,2,1,centr,PBMC,1,2,No,CD4_CM,37.28
A,2,2,1,centr,PBMC,1,2,No,CD8_CM,6.71
A,2,2,1,centr,PBMC,1,2,No,CD3_EM,28.98
A,2,2,1,centr,PBMC,1,2,No,CD4_EM,30.24
A,2,2,1,centr,PBMC,1,2,No,CD8_EM,29.46
A,2,2,1,centr,PBMC,1,2,No,CD3_TD,34.18
A,2,2,1,centr,PBMC,1,2,No,CD4_TD,3.8
A,2,2,1,centr,PBMC,1,2,No,CD8_TD,56.32
A,2,2,1,centr,PBMC,1,3,No,CD3,68.97
A,2,2,1,centr,PBMC,1,3,No,CD4,24.92
A,2,2,1,centr,PBMC,1,3,No,CD8,69.11
A,2,2,1,centr,PBMC,1,3,No,CD3_N,6.95
A,2,2,1,centr,PBMC,1,3,No,CD4_N,18.33
A,2,2,1,centr,PBMC,1,3,No,CD8_N,3.58
A,2,2,1,centr,PBMC,1,3,No,CD3_CM,8.32
A,2,2,1,centr,PBMC,1,3,No,CD4_CM,25.6
A,2,2,1,centr,PBMC,1,3,No,CD8_CM,3.46
A,2,2,1,centr,PBMC,1,3,No,CD3_EM,28.94
A,2,2,1,centr,PBMC,1,3,No,CD4_EM,45.49
A,2,2,1,centr,PBMC,1,3,No,CD8_EM,25.52
A,2,2,1,centr,PBMC,1,3,No,CD3_TD,55.79
A,2,2,1,centr,PBMC,1,3,No,CD4_TD,10.58
A,2,2,1,centr,PBMC,1,3,No,CD8_TD,67.43
A,2,2,1,centr,PBMC,2,1,No,CD3,84.13
A,2,2,1,centr,PBMC,2,1,No,CD4,34.06
A,2,2,1,centr,PBMC,2,1,No,CD8,62.86
A,2,2,1,centr,PBMC,2,1,No,CD3_N,4.22
A,2,2,1,centr,PBMC,2,1,No,CD4_N,2.95
A,2,2,1,centr,PBMC,2,1,No,CD8_N,3.98
A,2,2,1,centr,PBMC,2,1,No,CD3_CM,12.07
A,2,2,1,centr,PBMC,2,1,No,CD4_CM,22.1
A,2,2,1,centr,PBMC,2,1,No,CD8_CM,5.97
A,2,2,1,centr,PBMC,2,1,No,CD3_EM,35.94
A,2,2,1,centr,PBMC,2,1,No,CD4_EM,72.07
A,2,2,1,centr,PBMC,2,1,No,CD8_EM,17.76
A,2,2,1,centr,PBMC,2,1,No,CD3_TD,47.78
A,2,2,1,centr,PBMC,2,1,No,CD4_TD,2.88
A,2,2,1,centr,PBMC,2,1,No,CD8_TD,72.29
A,2,2,1,centr,PBMC,2,2,No,CD3,84.64
A,2,2,1,centr,PBMC,2,2,No,CD4,37.3
A,2,2,1,centr,PBMC,2,2,No,CD8,60.19
A,2,2,1,centr,PBMC,2,2,No,CD3_N,7.42
A,2,2,1,centr,PBMC,2,2,No,CD4_N,9.86
A,2,2,1,centr,PBMC,2,2,No,CD8_N,6.33
A,2,2,1,centr,PBMC,2,2,No,CD3_CM,12.38
A,2,2,1,centr,PBMC,2,2,No,CD4_CM,25.35
A,2,2,1,centr,PBMC,2,2,No,CD8_CM,5.36
A,2,2,1,centr,PBMC,2,2,No,CD3_EM,30.24
A,2,2,1,centr,PBMC,2,2,No,CD4_EM,59.93
A,2,2,1,centr,PBMC,2,2,No,CD8_EM,11.37
A,2,2,1,centr,PBMC,2,2,No,CD3_TD,49.95
A,2,2,1,centr,PBMC,2,2,No,CD4_TD,4.85
A,2,2,1,centr,PBMC,2,2,No,CD8_TD,76.94
A,2,2,1,centr,PBMC,2,3,No,CD3,82.39
A,2,2,1,centr,PBMC,2,3,No,CD4,29.96
A,2,2,1,centr,PBMC,2,3,No,CD8,67.51
A,2,2,1,centr,PBMC,2,3,No,CD3_N,3.65
A,2,2,1,centr,PBMC,2,3,No,CD4_N,1.44
A,2,2,1,centr,PBMC,2,3,No,CD8_N,4.78
A,2,2,1,centr,PBMC,2,3,No,CD3_CM,5.46
A,2,2,1,centr,PBMC,2,3,No,CD4_CM,10.71
A,2,2,1,centr,PBMC,2,3,No,CD8_CM,3.83
A,2,2,1,centr,PBMC,2,3,No,CD3_EM,35.28
A,2,2,1,centr,PBMC,2,3,No,CD4_EM,81.79
A,2,2,1,centr,PBMC,2,3,No,CD8_EM,14.58
A,2,2,1,centr,PBMC,2,3,No,CD3_TD,55.61
A,2,2,1,centr,PBMC,2,3,No,CD4_TD,6.06
A,2,2,1,centr,PBMC,2,3,No,CD8_TD,76.81
A,2,2,1,centr,PBMC,3,1,No,CD3,69.6
A,2,2,1,centr,PBMC,3,1,No,CD4,44.49
A,2,2,1,centr,PBMC,3,1,No,CD8,46.06
A,2,2,1,centr,PBMC,3,1,No,CD3_N,12.28
A,2,2,1,centr,PBMC,3,1,No,CD4_N,15.02
A,2,2,1,centr,PBMC,3,1,No,CD8_N,9.69
A,2,2,1,centr,PBMC,3,1,No,CD3_CM,29.36
A,2,2,1,centr,PBMC,3,1,No,CD4_CM,54.79
A,2,2,1,centr,PBMC,3,1,No,CD8_CM,8.39
A,2,2,1,centr,PBMC,3,1,No,CD3_EM,25.21
A,2,2,1,centr,PBMC,3,1,No,CD4_EM,29.8
A,2,2,1,centr,PBMC,3,1,No,CD8_EM,21.69
A,2,2,1,centr,PBMC,3,1,No,CD3_TD,33.15
A,2,2,1,centr,PBMC,3,1,No,CD4_TD,0.4
A,2,2,1,centr,PBMC,3,1,No,CD8_TD,60.23
A,2,2,1,centr,PBMC,3,2,No,CD3,75.55
A,2,2,1,centr,PBMC,3,2,No,CD4,53.52
A,2,2,1,centr,PBMC,3,2,No,CD8,39.67
A,2,2,1,centr,PBMC,3,2,No,CD3_N,20.71
A,2,2,1,centr,PBMC,3,2,No,CD4_N,29.27
A,2,2,1,centr,PBMC,3,2,No,CD8_N,13.62
A,2,2,1,centr,PBMC,3,2,No,CD3_CM,25.82
A,2,2,1,centr,PBMC,3,2,No,CD4_CM,42.44
A,2,2,1,centr,PBMC,3,2,No,CD8_CM,7.53
A,2,2,1,centr,PBMC,3,2,No,CD3_EM,24.53
A,2,2,1,centr,PBMC,3,2,No,CD4_EM,27.77
A,2,2,1,centr,PBMC,3,2,No,CD8_EM,18.98
A,2,2,1,centr,PBMC,3,2,No,CD3_TD,28.94
A,2,2,1,centr,PBMC,3,2,No,CD4_TD,0.52
A,2,2,1,centr,PBMC,3,2,No,CD8_TD,59.87
A,2,2,1,centr,PBMC,3,3,No,CD3,69.52
A,2,2,1,centr,PBMC,3,3,No,CD4,40.82
A,2,2,1,centr,PBMC,3,3,No,CD8,50.34
A,2,2,1,centr,PBMC,3,3,No,CD3_N,14.06
A,2,2,1,centr,PBMC,3,3,No,CD4_N,20.99
A,2,2,1,centr,PBMC,3,3,No,CD8_N,10.8
A,2,2,1,centr,PBMC,3,3,No,CD3_CM,22.12
A,2,2,1,centr,PBMC,3,3,No,CD4_CM,43.31
A,2,2,1,centr,PBMC,3,3,No,CD8_CM,7.92
A,2,2,1,centr,PBMC,3,3,No,CD3_EM,25.83
A,2,2,1,centr,PBMC,3,3,No,CD4_EM,35.25
A,2,2,1,centr,PBMC,3,3,No,CD8_EM,16.8
A,2,2,1,centr,PBMC,3,3,No,CD3_TD,37.99
A,2,2,1,centr,PBMC,3,3,No,CD4_TD,0.46
A,2,2,1,centr,PBMC,3,3,No,CD8_TD,64.48
A,2,2,1,centr,WB,1,1,No,CD3,58.28
A,2,2,1,centr,WB,1,1,No,CD4,63.26
A,2,2,1,centr,WB,1,1,No,CD8,33.68
A,2,2,1,centr,WB,1,1,No,CD3_N,37.96
A,2,2,1,centr,WB,1,1,No,CD4_N,39.05
A,2,2,1,centr,WB,1,1,No,CD8_N,38.42
A,2,2,1,centr,WB,1,1,No,CD3_CM,38.66
A,2,2,1,centr,WB,1,1,No,CD4_CM,49.2
A,2,2,1,centr,WB,1,1,No,CD8_CM,19.88
A,2,2,1,centr,WB,1,1,No,CD3_EM,16.96
A,2,2,1,centr,WB,1,1,No,CD4_EM,11.58
A,2,2,1,centr,WB,1,1,No,CD8_EM,26.47
A,2,2,1,centr,WB,1,1,No,CD3_TD,6.43
A,2,2,1,centr,WB,1,1,No,CD4_TD,0.17
A,2,2,1,centr,WB,1,1,No,CD8_TD,15.23
A,2,2,1,centr,WB,1,2,No,CD3,57.68
A,2,2,1,centr,WB,1,2,No,CD4,63.29
A,2,2,1,centr,WB,1,2,No,CD8,33.69
A,2,2,1,centr,WB,1,2,No,CD3_N,37.65
A,2,2,1,centr,WB,1,2,No,CD4_N,39.03
A,2,2,1,centr,WB,1,2,No,CD8_N,37.65
A,2,2,1,centr,WB,1,2,No,CD3_CM,38.07
A,2,2,1,centr,WB,1,2,No,CD4_CM,49.05
A,2,2,1,centr,WB,1,2,No,CD8_CM,18.47
A,2,2,1,centr,WB,1,2,No,CD3_EM,17.73
A,2,2,1,centr,WB,1,2,No,CD4_EM,11.74
A,2,2,1,centr,WB,1,2,No,CD8_EM,27.97
A,2,2,1,centr,WB,1,2,No,CD3_TD,6.55
A,2,2,1,centr,WB,1,2,No,CD4_TD,0.19
A,2,2,1,centr,WB,1,2,No,CD8_TD,15.92
A,2,2,1,centr,WB,1,3,No,CD3,57.35
A,2,2,1,centr,WB,1,3,No,CD4,63.38
A,2,2,1,centr,WB,1,3,No,CD8,33.49
A,2,2,1,centr,WB,1,3,No,CD3_N,37.37
A,2,2,1,centr,WB,1,3,No,CD4_N,38.46
A,2,2,1,centr,WB,1,3,No,CD8_N,37.66
A,2,2,1,centr,WB,1,3,No,CD3_CM,38.91
A,2,2,1,centr,WB,1,3,No,CD4_CM,49.72
A,2,2,1,centr,WB,1,3,No,CD8_CM,19.66
A,2,2,1,centr,WB,1,3,No,CD3_EM,17.31
A,2,2,1,centr,WB,1,3,No,CD4_EM,11.66
A,2,2,1,centr,WB,1,3,No,CD8_EM,27.09
A,2,2,1,centr,WB,1,3,No,CD3_TD,6.41
A,2,2,1,centr,WB,1,3,No,CD4_TD,0.16
A,2,2,1,centr,WB,1,3,No,CD8_TD,15.58
A,2,2,1,centr,WB,2,1,No,CD3,67.39
A,2,2,1,centr,WB,2,1,No,CD4,68.54
A,2,2,1,centr,WB,2,1,No,CD8,24.87
A,2,2,1,centr,WB,2,1,No,CD3_N,16.32
A,2,2,1,centr,WB,2,1,No,CD4_N,17.25
A,2,2,1,centr,WB,2,1,No,CD8_N,17.61
A,2,2,1,centr,WB,2,1,No,CD3_CM,41.53
A,2,2,1,centr,WB,2,1,No,CD4_CM,51.26
A,2,2,1,centr,WB,2,1,No,CD8_CM,25.5
A,2,2,1,centr,WB,2,1,No,CD3_EM,31.27
A,2,2,1,centr,WB,2,1,No,CD4_EM,29.1
A,2,2,1,centr,WB,2,1,No,CD8_EM,28.75
A,2,2,1,centr,WB,2,1,No,CD3_TD,10.88
A,2,2,1,centr,WB,2,1,No,CD4_TD,2.38
A,2,2,1,centr,WB,2,1,No,CD8_TD,28.14
A,2,2,1,centr,WB,2,2,No,CD3,67.11
A,2,2,1,centr,WB,2,2,No,CD4,68.31
A,2,2,1,centr,WB,2,2,No,CD8,25.19
A,2,2,1,centr,WB,2,2,No,CD3_N,16.11
A,2,2,1,centr,WB,2,2,No,CD4_N,16.72
A,2,2,1,centr,WB,2,2,No,CD8_N,18.02
A,2,2,1,centr,WB,2,2,No,CD3_CM,41.92
A,2,2,1,centr,WB,2,2,No,CD4_CM,51.78
A,2,2,1,centr,WB,2,2,No,CD8_CM,25.73
A,2,2,1,centr,WB,2,2,No,CD3_EM,31.52
A,2,2,1,centr,WB,2,2,No,CD4_EM,29.46
A,2,2,1,centr,WB,2,2,No,CD8_EM,28.87
A,2,2,1,centr,WB,2,2,No,CD3_TD,10.45
A,2,2,1,centr,WB,2,2,No,CD4_TD,2.05
A,2,2,1,centr,WB,2,2,No,CD8_TD,27.38
A,2,2,1,centr,WB,2,3,No,CD3,67.41
A,2,2,1,centr,WB,2,3,No,CD4,68.39
A,2,2,1,centr,WB,2,3,No,CD8,24.97
A,2,2,1,centr,WB,2,3,No,CD3_N,15.82
A,2,2,1,centr,WB,2,3,No,CD4_N,16.58
A,2,2,1,centr,WB,2,3,No,CD8_N,17.36
A,2,2,1,centr,WB,2,3,No,CD3_CM,41.79
A,2,2,1,centr,WB,2,3,No,CD4_CM,51.49
A,2,2,1,centr,WB,2,3,No,CD8_CM,25.89
A,2,2,1,centr,WB,2,3,No,CD3_EM,31.95
A,2,2,1,centr,WB,2,3,No,CD4_EM,29.78
A,2,2,1,centr,WB,2,3,No,CD8_EM,29.7
A,2,2,1,centr,WB,2,3,No,CD3_TD,10.44
A,2,2,1,centr,WB,2,3,No,CD4_TD,2.16
A,2,2,1,centr,WB,2,3,No,CD8_TD,27.05
A,2,2,1,centr,WB,3,1,No,CD3,58.13
A,2,2,1,centr,WB,3,1,No,CD4,66.45
A,2,2,1,centr,WB,3,1,No,CD8,27.88
A,2,2,1,centr,WB,3,1,No,CD3_N,20.48
A,2,2,1,centr,WB,3,1,No,CD4_N,15.73
A,2,2,1,centr,WB,3,1,No,CD8_N,35.09
A,2,2,1,centr,WB,3,1,No,CD3_CM,40.14
A,2,2,1,centr,WB,3,1,No,CD4_CM,55.16
A,2,2,1,centr,WB,3,1,No,CD8_CM,15.22
A,2,2,1,centr,WB,3,1,No,CD3_EM,21.6
A,2,2,1,centr,WB,3,1,No,CD4_EM,20.9
A,2,2,1,centr,WB,3,1,No,CD8_EM,17.21
A,2,2,1,centr,WB,3,1,No,CD3_TD,17.78
A,2,2,1,centr,WB,3,1,No,CD4_TD,8.21
A,2,2,1,centr,WB,3,1,No,CD8_TD,32.48
A,2,2,1,centr,WB,3,2,No,CD3,58.45
A,2,2,1,centr,WB,3,2,No,CD4,66.35
A,2,2,1,centr,WB,3,2,No,CD8,27.86
A,2,2,1,centr,WB,3,2,No,CD3_N,19.94
A,2,2,1,centr,WB,3,2,No,CD4_N,15.38
A,2,2,1,centr,WB,3,2,No,CD8_N,34.29
A,2,2,1,centr,WB,3,2,No,CD3_CM,39.97
A,2,2,1,centr,WB,3,2,No,CD4_CM,55.08
A,2,2,1,centr,WB,3,2,No,CD8_CM,14.58
A,2,2,1,centr,WB,3,2,No,CD3_EM,21.81
A,2,2,1,centr,WB,3,2,No,CD4_EM,21.12
A,2,2,1,centr,WB,3,2,No,CD8_EM,18.27
A,2,2,1,centr,WB,3,2,No,CD3_TD,18.28
A,2,2,1,centr,WB,3,2,No,CD4_TD,8.43
A,2,2,1,centr,WB,3,2,No,CD8_TD,32.86
A,2,2,1,centr,WB,3,3,No,CD3,57.94
A,2,2,1,centr,WB,3,3,No,CD4,66.31
A,2,2,1,centr,WB,3,3,No,CD8,27.87
A,2,2,1,centr,WB,3,3,No,CD3_N,18.46
A,2,2,1,centr,WB,3,3,No,CD4_N,13.68
A,2,2,1,centr,WB,3,3,No,CD8_N,32.49
A,2,2,1,centr,WB,3,3,No,CD3_CM,42.27
A,2,2,1,centr,WB,3,3,No,CD4_CM,57.4
A,2,2,1,centr,WB,3,3,No,CD8_CM,17.74
A,2,2,1,centr,WB,3,3,No,CD3_EM,22.66
A,2,2,1,centr,WB,3,3,No,CD4_EM,20.7
A,2,2,1,centr,WB,3,3,No,CD8_EM,21.97
A,2,2,1,centr,WB,3,3,No,CD3_TD,16.6
A,2,2,1,centr,WB,3,3,No,CD4_TD,8.22
A,2,2,1,centr,WB,3,3,No,CD8_TD,27.79
A,2,2,1,local,PBMC,1,1,No,CD3,68.3
A,2,2,1,local,PBMC,1,1,No,CD4,31
A,2,2,1,local,PBMC,1,1,No,CD8,63.1
A,2,2,1,local,PBMC,1,1,No,CD3_N,7.5
A,2,2,1,local,PBMC,1,1,No,CD4_N,15.8
A,2,2,1,local,PBMC,1,1,No,CD8_N,3.9
A,2,2,1,local,PBMC,1,1,No,CD3_CM,16.2
A,2,2,1,local,PBMC,1,1,No,CD4_CM,38.2
A,2,2,1,local,PBMC,1,1,No,CD8_CM,6.9
A,2,2,1,local,PBMC,1,1,No,CD3_EM,36
A,2,2,1,local,PBMC,1,1,No,CD4_EM,40.6
A,2,2,1,local,PBMC,1,1,No,CD8_EM,35
A,2,2,1,local,PBMC,1,1,No,CD3_TD,40.2
A,2,2,1,local,PBMC,1,1,No,CD4_TD,5.5
A,2,2,1,local,PBMC,1,1,No,CD8_TD,54.3
A,2,2,1,local,PBMC,1,2,No,CD3,74
A,2,2,1,local,PBMC,1,2,No,CD4,45
A,2,2,1,local,PBMC,1,2,No,CD8,49.5
A,2,2,1,local,PBMC,1,2,No,CD3_N,15
A,2,2,1,local,PBMC,1,2,No,CD4_N,25
A,2,2,1,local,PBMC,1,2,No,CD8_N,6
A,2,2,1,local,PBMC,1,2,No,CD3_CM,18.9
A,2,2,1,local,PBMC,1,2,No,CD4_CM,34.4
A,2,2,1,local,PBMC,1,2,No,CD8_CM,6
A,2,2,1,local,PBMC,1,2,No,CD3_EM,33.3
A,2,2,1,local,PBMC,1,2,No,CD4_EM,36.8
A,2,2,1,local,PBMC,1,2,No,CD8_EM,34.6
A,2,2,1,local,PBMC,1,2,No,CD3_TD,32
A,2,2,1,local,PBMC,1,2,No,CD4_TD,3
A,2,2,1,local,PBMC,1,2,No,CD8_TD,53.2
A,2,2,1,local,PBMC,1,3,No,CD3,66.5
A,2,2,1,local,PBMC,1,3,No,CD4,40.77
A,2,2,1,local,PBMC,1,3,No,CD8,52.73
A,2,2,1,local,PBMC,1,3,No,CD3_N,8.3
A,2,2,1,local,PBMC,1,3,No,CD4_N,17.37
A,2,2,1,local,PBMC,1,3,No,CD8_N,7.57
A,2,2,1,local,PBMC,1,3,No,CD3_CM,15.3
A,2,2,1,local,PBMC,1,3,No,CD4_CM,35.27
A,2,2,1,local,PBMC,1,3,No,CD8_CM,6.97
A,2,2,1,local,PBMC,1,3,No,CD3_EM,33.1
A,2,2,1,local,PBMC,1,3,No,CD4_EM,44.9
A,2,2,1,local,PBMC,1,3,No,CD8_EM,21.43
A,2,2,1,local,PBMC,1,3,No,CD3_TD,43
A,2,2,1,local,PBMC,1,3,No,CD4_TD,2.13
A,2,2,1,local,PBMC,1,3,No,CD8_TD,63.97
A,2,2,1,local,PBMC,2,1,No,CD3,84
A,2,2,1,local,PBMC,2,1,No,CD4,33.8
A,2,2,1,local,PBMC,2,1,No,CD8,62.9
A,2,2,1,local,PBMC,2,1,No,CD3_N,3.4
A,2,2,1,local,PBMC,2,1,No,CD4_N,2.8
A,2,2,1,local,PBMC,2,1,No,CD8_N,3.1
A,2,2,1,local,PBMC,2,1,No,CD3_CM,10.6
A,2,2,1,local,PBMC,2,1,No,CD4_CM,17.4
A,2,2,1,local,PBMC,2,1,No,CD8_CM,7.5
A,2,2,1,local,PBMC,2,1,No,CD3_EM,37.8
A,2,2,1,local,PBMC,2,1,No,CD4_EM,76.6
A,2,2,1,local,PBMC,2,1,No,CD8_EM,21.2
A,2,2,1,local,PBMC,2,1,No,CD3_TD,48
A,2,2,1,local,PBMC,2,1,No,CD4_TD,3.2
A,2,2,1,local,PBMC,2,1,No,CD8_TD,68.1
A,2,2,1,local,PBMC,2,2,No,CD3,83.8
A,2,2,1,local,PBMC,2,2,No,CD4,37
A,2,2,1,local,PBMC,2,2,No,CD8,60
A,2,2,1,local,PBMC,2,2,No,CD3_N,6
A,2,2,1,local,PBMC,2,2,No,CD4_N,8.4
A,2,2,1,local,PBMC,2,2,No,CD8_N,4.5
A,2,2,1,local,PBMC,2,2,No,CD3_CM,12.3
A,2,2,1,local,PBMC,2,2,No,CD4_CM,23.6
A,2,2,1,local,PBMC,2,2,No,CD8_CM,5
A,2,2,1,local,PBMC,2,2,No,CD3_EM,34.1
A,2,2,1,local,PBMC,2,2,No,CD4_EM,64.8
A,2,2,1,local,PBMC,2,2,No,CD8_EM,14.5
A,2,2,1,local,PBMC,2,2,No,CD3_TD,47.6
A,2,2,1,local,PBMC,2,2,No,CD4_TD,3.1
A,2,2,1,local,PBMC,2,2,No,CD8_TD,76
A,2,2,1,local,PBMC,2,3,No,CD3,81.5
A,2,2,1,local,PBMC,2,3,No,CD4,30.5
A,2,2,1,local,PBMC,2,3,No,CD8,66.5
A,2,2,1,local,PBMC,2,3,No,CD3_N,4.2
A,2,2,1,local,PBMC,2,3,No,CD4_N,1.4
A,2,2,1,local,PBMC,2,3,No,CD8_N,4.3
A,2,2,1,local,PBMC,2,3,No,CD3_CM,7.4
A,2,2,1,local,PBMC,2,3,No,CD4_CM,14.1
A,2,2,1,local,PBMC,2,3,No,CD8_CM,4
A,2,2,1,local,PBMC,2,3,No,CD3_EM,36.9
A,2,2,1,local,PBMC,2,3,No,CD4_EM,79.6
A,2,2,1,local,PBMC,2,3,No,CD8_EM,16.8
A,2,2,1,local,PBMC,2,3,No,CD3_TD,51.4
A,2,2,1,local,PBMC,2,3,No,CD4_TD,4.9
A,2,2,1,local,PBMC,2,3,No,CD8_TD,75
A,2,2,1,local,PBMC,3,1,No,CD3,69.3
A,2,2,1,local,PBMC,3,1,No,CD4,43.6
A,2,2,1,local,PBMC,3,1,No,CD8,46.4
A,2,2,1,local,PBMC,3,1,No,CD3_N,11.9
A,2,2,1,local,PBMC,3,1,No,CD4_N,14.8
A,2,2,1,local,PBMC,3,1,No,CD8_N,8.9
A,2,2,1,local,PBMC,3,1,No,CD3_CM,27.3
A,2,2,1,local,PBMC,3,1,No,CD4_CM,49.8
A,2,2,1,local,PBMC,3,1,No,CD8_CM,11.5
A,2,2,1,local,PBMC,3,1,No,CD3_EM,28.2
A,2,2,1,local,PBMC,3,1,No,CD4_EM,35.1
A,2,2,1,local,PBMC,3,1,No,CD8_EM,24.9
A,2,2,1,local,PBMC,3,1,No,CD3_TD,32.4
A,2,2,1,local,PBMC,3,1,No,CD4_TD,0.4
A,2,2,1,local,PBMC,3,1,No,CD8_TD,54.7
A,2,2,1,local,PBMC,3,2,No,CD3,74.8
A,2,2,1,local,PBMC,3,2,No,CD4,53.3
A,2,2,1,local,PBMC,3,2,No,CD8,39
A,2,2,1,local,PBMC,3,2,No,CD3_N,17.9
A,2,2,1,local,PBMC,3,2,No,CD4_N,23.6
A,2,2,1,local,PBMC,3,2,No,CD8_N,11.7
A,2,2,1,local,PBMC,3,2,No,CD3_CM,26.6
A,2,2,1,local,PBMC,3,2,No,CD4_CM,44.3
A,2,2,1,local,PBMC,3,2,No,CD8_CM,7
A,2,2,1,local,PBMC,3,2,No,CD3_EM,29.2
A,2,2,1,local,PBMC,3,2,No,CD4_EM,32
A,2,2,1,local,PBMC,3,2,No,CD8_EM,24
A,2,2,1,local,PBMC,3,2,No,CD3_TD,26.3
A,2,2,1,local,PBMC,3,2,No,CD4_TD,0.3
A,2,2,1,local,PBMC,3,2,No,CD8_TD,57.2
A,2,2,1,local,PBMC,3,3,No,CD3,68.7
A,2,2,1,local,PBMC,3,3,No,CD4,40.3
A,2,2,1,local,PBMC,3,3,No,CD8,48.7
A,2,2,1,local,PBMC,3,3,No,CD3_N,14.5
A,2,2,1,local,PBMC,3,3,No,CD4_N,18.7
A,2,2,1,local,PBMC,3,3,No,CD8_N,12.2
A,2,2,1,local,PBMC,3,3,No,CD3_CM,25.1
A,2,2,1,local,PBMC,3,3,No,CD4_CM,47.8
A,2,2,1,local,PBMC,3,3,No,CD8_CM,9.9
A,2,2,1,local,PBMC,3,3,No,CD3_EM,24
A,2,2,1,local,PBMC,3,3,No,CD4_EM,33.1
A,2,2,1,local,PBMC,3,3,No,CD8_EM,15.2
A,2,2,1,local,PBMC,3,3,No,CD3_TD,36.4
A,2,2,1,local,PBMC,3,3,No,CD4_TD,0.3
A,2,2,1,local,PBMC,3,3,No,CD8_TD,62.7
A,2,2,1,local,WB,1,1,No,CD3,58.8
A,2,2,1,local,WB,1,1,No,CD4,63.9
A,2,2,1,local,WB,1,1,No,CD8,34.4
A,2,2,1,local,WB,1,1,No,CD3_N,34.6
A,2,2,1,local,WB,1,1,No,CD4_N,31.8
A,2,2,1,local,WB,1,1,No,CD8_N,40.2
A,2,2,1,local,WB,1,1,No,CD3_CM,43.7
A,2,2,1,local,WB,1,1,No,CD4_CM,57.1
A,2,2,1,local,WB,1,1,No,CD8_CM,20.7
A,2,2,1,local,WB,1,1,No,CD3_EM,15.2
A,2,2,1,local,WB,1,1,No,CD4_EM,10.8
A,2,2,1,local,WB,1,1,No,CD8_EM,21.9
A,2,2,1,local,WB,1,1,No,CD3_TD,6.4
A,2,2,1,local,WB,1,1,No,CD4_TD,0.2
A,2,2,1,local,WB,1,1,No,CD8_TD,17.3
A,2,2,1,local,WB,1,2,No,CD3,58
A,2,2,1,local,WB,1,2,No,CD4,64
A,2,2,1,local,WB,1,2,No,CD8,34.4
A,2,2,1,local,WB,1,2,No,CD3_N,35
A,2,2,1,local,WB,1,2,No,CD4_N,33
A,2,2,1,local,WB,1,2,No,CD8_N,39.1
A,2,2,1,local,WB,1,2,No,CD3_CM,42.6
A,2,2,1,local,WB,1,2,No,CD4_CM,55.7
A,2,2,1,local,WB,1,2,No,CD8_CM,19.8
A,2,2,1,local,WB,1,2,No,CD3_EM,15.8
A,2,2,1,local,WB,1,2,No,CD4_EM,11
A,2,2,1,local,WB,1,2,No,CD8_EM,23.2
A,2,2,1,local,WB,1,2,No,CD3_TD,6.6
A,2,2,1,local,WB,1,2,No,CD4_TD,0.2
A,2,2,1,local,WB,1,2,No,CD8_TD,18
A,2,2,1,local,WB,1,3,No,CD3,57.8
A,2,2,1,local,WB,1,3,No,CD4,64.2
A,2,2,1,local,WB,1,3,No,CD8,34.2
A,2,2,1,local,WB,1,3,No,CD3_N,34.5
A,2,2,1,local,WB,1,3,No,CD4_N,32.1
A,2,2,1,local,WB,1,3,No,CD8_N,39.4
A,2,2,1,local,WB,1,3,No,CD3_CM,43.7
A,2,2,1,local,WB,1,3,No,CD4_CM,56.9
A,2,2,1,local,WB,1,3,No,CD8_CM,20.8
A,2,2,1,local,WB,1,3,No,CD3_EM,15.4
A,2,2,1,local,WB,1,3,No,CD4_EM,10.8
A,2,2,1,local,WB,1,3,No,CD8_EM,22.5
A,2,2,1,local,WB,1,3,No,CD3_TD,6.3
A,2,2,1,local,WB,1,3,No,CD4_TD,0.2
A,2,2,1,local,WB,1,3,No,CD8_TD,17.3
A,2,2,1,local,WB,2,1,No,CD3,67.6
A,2,2,1,local,WB,2,1,No,CD4,71
A,2,2,1,local,WB,2,1,No,CD8,26.8
A,2,2,1,local,WB,2,1,No,CD3_N,16.6
A,2,2,1,local,WB,2,1,No,CD4_N,16.5
A,2,2,1,local,WB,2,1,No,CD8_N,17
A,2,2,1,local,WB,2,1,No,CD3_CM,43.7
A,2,2,1,local,WB,2,1,No,CD4_CM,52.9
A,2,2,1,local,WB,2,1,No,CD8_CM,24
A,2,2,1,local,WB,2,1,No,CD3_EM,28.8
A,2,2,1,local,WB,2,1,No,CD4_EM,28.2
A,2,2,1,local,WB,2,1,No,CD8_EM,31
A,2,2,1,local,WB,2,1,No,CD3_TD,10.9
A,2,2,1,local,WB,2,1,No,CD4_TD,2.5
A,2,2,1,local,WB,2,1,No,CD8_TD,27.8
A,2,2,1,local,WB,2,2,No,CD3,67.3
A,2,2,1,local,WB,2,2,No,CD4,70.7
A,2,2,1,local,WB,2,2,No,CD8,27.1
A,2,2,1,local,WB,2,2,No,CD3_N,16.3
A,2,2,1,local,WB,2,2,No,CD4_N,16
A,2,2,1,local,WB,2,2,No,CD8_N,17.5
A,2,2,1,local,WB,2,2,No,CD3_CM,44
A,2,2,1,local,WB,2,2,No,CD4_CM,53.3
A,2,2,1,local,WB,2,2,No,CD8_CM,24.1
A,2,2,1,local,WB,2,2,No,CD3_EM,29.3
A,2,2,1,local,WB,2,2,No,CD4_EM,28.6
A,2,2,1,local,WB,2,2,No,CD8_EM,31.3
A,2,2,1,local,WB,2,2,No,CD3_TD,10.4
A,2,2,1,local,WB,2,2,No,CD4_TD,2.2
A,2,2,1,local,WB,2,2,No,CD8_TD,27.1
A,2,2,1,local,WB,2,3,No,CD3,67.6
A,2,2,1,local,WB,2,3,No,CD4,70.9
A,2,2,1,local,WB,2,3,No,CD8,26.9
A,2,2,1,local,WB,2,3,No,CD3_N,16
A,2,2,1,local,WB,2,3,No,CD4_N,15.8
A,2,2,1,local,WB,2,3,No,CD8_N,16.8
A,2,2,1,local,WB,2,3,No,CD3_CM,43.9
A,2,2,1,local,WB,2,3,No,CD4_CM,53.1
A,2,2,1,local,WB,2,3,No,CD8_CM,24.4
A,2,2,1,local,WB,2,3,No,CD3_EM,29.7
A,2,2,1,local,WB,2,3,No,CD4_EM,28.9
A,2,2,1,local,WB,2,3,No,CD8_EM,32
A,2,2,1,local,WB,2,3,No,CD3_TD,10.4
A,2,2,1,local,WB,2,3,No,CD4_TD,2.3
A,2,2,1,local,WB,2,3,No,CD8_TD,26.7
A,2,2,1,local,WB,3,1,No,CD3,58.3
A,2,2,1,local,WB,3,1,No,CD4,68.3
A,2,2,1,local,WB,3,1,No,CD8,29.4
A,2,2,1,local,WB,3,1,No,CD3_N,21.6
A,2,2,1,local,WB,3,1,No,CD4_N,15.7
A,2,2,1,local,WB,3,1,No,CD8_N,35
A,2,2,1,local,WB,3,1,No,CD3_CM,44.8
A,2,2,1,local,WB,3,1,No,CD4_CM,57.1
A,2,2,1,local,WB,3,1,No,CD8_CM,19.9
A,2,2,1,local,WB,3,1,No,CD3_EM,16.7
A,2,2,1,local,WB,3,1,No,CD4_EM,17.8
A,2,2,1,local,WB,3,1,No,CD8_EM,14.9
A,2,2,1,local,WB,3,1,No,CD3_TD,16.9
A,2,2,1,local,WB,3,1,No,CD4_TD,9.3
A,2,2,1,local,WB,3,1,No,CD8_TD,30.2
A,2,2,1,local,WB,3,2,No,CD3,58.6
A,2,2,1,local,WB,3,2,No,CD4,68.2
A,2,2,1,local,WB,3,2,No,CD8,29.4
A,2,2,1,local,WB,3,2,No,CD3_N,21
A,2,2,1,local,WB,3,2,No,CD4_N,15.4
A,2,2,1,local,WB,3,2,No,CD8_N,33.9
A,2,2,1,local,WB,3,2,No,CD3_CM,44.6
A,2,2,1,local,WB,3,2,No,CD4_CM,57.1
A,2,2,1,local,WB,3,2,No,CD8_CM,19.6
A,2,2,1,local,WB,3,2,No,CD3_EM,16.9
A,2,2,1,local,WB,3,2,No,CD4_EM,18
A,2,2,1,local,WB,3,2,No,CD8_EM,15.5
A,2,2,1,local,WB,3,2,No,CD3_TD,17.5
A,2,2,1,local,WB,3,2,No,CD4_TD,9.5
A,2,2,1,local,WB,3,2,No,CD8_TD,31
A,2,2,1,local,WB,3,3,No,CD3,57.9
A,2,2,1,local,WB,3,3,No,CD4,68.4
A,2,2,1,local,WB,3,3,No,CD8,29.4
A,2,2,1,local,WB,3,3,No,CD3_N,19.8
A,2,2,1,local,WB,3,3,No,CD4_N,14.1
A,2,2,1,local,WB,3,3,No,CD8_N,32.9
A,2,2,1,local,WB,3,3,No,CD3_CM,46.8
A,2,2,1,local,WB,3,3,No,CD4_CM,59
A,2,2,1,local,WB,3,3,No,CD8_CM,21.4
A,2,2,1,local,WB,3,3,No,CD3_EM,17.4
A,2,2,1,local,WB,3,3,No,CD4_EM,17.6
A,2,2,1,local,WB,3,3,No,CD8_EM,17.9
A,2,2,1,local,WB,3,3,No,CD3_TD,15.9
A,2,2,1,local,WB,3,3,No,CD4_TD,9.4
A,2,2,1,local,WB,3,3,No,CD8_TD,28
B,3,3,1,centr,PBMC,1,1,No,CD3,73.27
B,3,3,1,centr,PBMC,1,1,No,CD4,42.62
B,3,3,1,centr,PBMC,1,1,No,CD8,52.03
B,3,3,1,centr,PBMC,1,1,No,CD3_N,16.74
B,3,3,1,centr,PBMC,1,1,No,CD4_N,20.44
B,3,3,1,centr,PBMC,1,1,No,CD8_N,4.15
B,3,3,1,centr,PBMC,1,1,No,CD3_CM,19.97
B,3,3,1,centr,PBMC,1,1,No,CD4_CM,48.81
B,3,3,1,centr,PBMC,1,1,No,CD8_CM,10.28
B,3,3,1,centr,PBMC,1,1,No,CD3_EM,18.93
B,3,3,1,centr,PBMC,1,1,No,CD4_EM,28.06
B,3,3,1,centr,PBMC,1,1,No,CD8_EM,56.52
B,3,3,1,centr,PBMC,1,1,No,CD3_TD,44.37
B,3,3,1,centr,PBMC,1,1,No,CD4_TD,2.69
B,3,3,1,centr,PBMC,1,1,No,CD8_TD,29.05
B,3,3,1,centr,PBMC,1,2,No,CD3,73.38
B,3,3,1,centr,PBMC,1,2,No,CD4,38.93
B,3,3,1,centr,PBMC,1,2,No,CD8,55.67
B,3,3,1,centr,PBMC,1,2,No,CD3_N,11.09
B,3,3,1,centr,PBMC,1,2,No,CD4_N,17.05
B,3,3,1,centr,PBMC,1,2,No,CD8_N,4.82
B,3,3,1,centr,PBMC,1,2,No,CD3_CM,19.05
B,3,3,1,centr,PBMC,1,2,No,CD4_CM,41.27
B,3,3,1,centr,PBMC,1,2,No,CD8_CM,8.06
B,3,3,1,centr,PBMC,1,2,No,CD3_EM,33.04
B,3,3,1,centr,PBMC,1,2,No,CD4_EM,36.09
B,3,3,1,centr,PBMC,1,2,No,CD8_EM,39.36
B,3,3,1,centr,PBMC,1,2,No,CD3_TD,36.82
B,3,3,1,centr,PBMC,1,2,No,CD4_TD,5.59
B,3,3,1,centr,PBMC,1,2,No,CD8_TD,47.77
B,3,3,1,centr,PBMC,1,3,No,CD3,68.7
B,3,3,1,centr,PBMC,1,3,No,CD4,40.03
B,3,3,1,centr,PBMC,1,3,No,CD8,54.31
B,3,3,1,centr,PBMC,1,3,No,CD3_N,13.83
B,3,3,1,centr,PBMC,1,3,No,CD4_N,23.07
B,3,3,1,centr,PBMC,1,3,No,CD8_N,8.94
B,3,3,1,centr,PBMC,1,3,No,CD3_CM,23.5
B,3,3,1,centr,PBMC,1,3,No,CD4_CM,47
B,3,3,1,centr,PBMC,1,3,No,CD8_CM,8.62
B,3,3,1,centr,PBMC,1,3,No,CD3_EM,29.64
B,3,3,1,centr,PBMC,1,3,No,CD4_EM,25.93
B,3,3,1,centr,PBMC,1,3,No,CD8_EM,30.01
B,3,3,1,centr,PBMC,1,3,No,CD3_TD,33.03
B,3,3,1,centr,PBMC,1,3,No,CD4_TD,4.01
B,3,3,1,centr,PBMC,1,3,No,CD8_TD,52.42
B,3,3,1,centr,PBMC,2,1,No,CD3,83.83
B,3,3,1,centr,PBMC,2,1,No,CD4,38.84
B,3,3,1,centr,PBMC,2,1,No,CD8,57.89
B,3,3,1,centr,PBMC,2,1,No,CD3_N,9.26
B,3,3,1,centr,PBMC,2,1,No,CD4_N,5.64
B,3,3,1,centr,PBMC,2,1,No,CD8_N,4.46
B,3,3,1,centr,PBMC,2,1,No,CD3_CM,13.96
B,3,3,1,centr,PBMC,2,1,No,CD4_CM,28.96
B,3,3,1,centr,PBMC,2,1,No,CD8_CM,10.82
B,3,3,1,centr,PBMC,2,1,No,CD3_EM,32.36
B,3,3,1,centr,PBMC,2,1,No,CD4_EM,63.57
B,3,3,1,centr,PBMC,2,1,No,CD8_EM,34.71
B,3,3,1,centr,PBMC,2,1,No,CD3_TD,44.42
B,3,3,1,centr,PBMC,2,1,No,CD4_TD,1.83
B,3,3,1,centr,PBMC,2,1,No,CD8_TD,50.01
B,3,3,1,centr,PBMC,2,2,No,CD3,84.61
B,3,3,1,centr,PBMC,2,2,No,CD4,39.27
B,3,3,1,centr,PBMC,2,2,No,CD8,57.59
B,3,3,1,centr,PBMC,2,2,No,CD3_N,7.66
B,3,3,1,centr,PBMC,2,2,No,CD4_N,7.95
B,3,3,1,centr,PBMC,2,2,No,CD8_N,5.7
B,3,3,1,centr,PBMC,2,2,No,CD3_CM,12.01
B,3,3,1,centr,PBMC,2,2,No,CD4_CM,23.86
B,3,3,1,centr,PBMC,2,2,No,CD8_CM,6.73
B,3,3,1,centr,PBMC,2,2,No,CD3_EM,31.31
B,3,3,1,centr,PBMC,2,2,No,CD4_EM,60.97
B,3,3,1,centr,PBMC,2,2,No,CD8_EM,13.63
B,3,3,1,centr,PBMC,2,2,No,CD3_TD,49.02
B,3,3,1,centr,PBMC,2,2,No,CD4_TD,7.22
B,3,3,1,centr,PBMC,2,2,No,CD8_TD,73.94
B,3,3,1,centr,PBMC,2,3,No,CD3,80.21
B,3,3,1,centr,PBMC,2,3,No,CD4,37.41
B,3,3,1,centr,PBMC,2,3,No,CD8,59.92
B,3,3,1,centr,PBMC,2,3,No,CD3_N,6.85
B,3,3,1,centr,PBMC,2,3,No,CD4_N,6.99
B,3,3,1,centr,PBMC,2,3,No,CD8_N,6.89
B,3,3,1,centr,PBMC,2,3,No,CD3_CM,15.42
B,3,3,1,centr,PBMC,2,3,No,CD4_CM,26.41
B,3,3,1,centr,PBMC,2,3,No,CD8_CM,7.78
B,3,3,1,centr,PBMC,2,3,No,CD3_EM,32.37
B,3,3,1,centr,PBMC,2,3,No,CD4_EM,61.21
B,3,3,1,centr,PBMC,2,3,No,CD8_EM,13.26
B,3,3,1,centr,PBMC,2,3,No,CD3_TD,45.36
B,3,3,1,centr,PBMC,2,3,No,CD4_TD,5.39
B,3,3,1,centr,PBMC,2,3,No,CD8_TD,72.07
B,3,3,1,centr,PBMC,3,1,No,CD3,67.16
B,3,3,1,centr,PBMC,3,1,No,CD4,41.07
B,3,3,1,centr,PBMC,3,1,No,CD8,50.22
B,3,3,1,centr,PBMC,3,1,No,CD3_N,16.1
B,3,3,1,centr,PBMC,3,1,No,CD4_N,21.88
B,3,3,1,centr,PBMC,3,1,No,CD8_N,8.81
B,3,3,1,centr,PBMC,3,1,No,CD3_CM,27.79
B,3,3,1,centr,PBMC,3,1,No,CD4_CM,55.12
B,3,3,1,centr,PBMC,3,1,No,CD8_CM,12.68
B,3,3,1,centr,PBMC,3,1,No,CD3_EM,21.31
B,3,3,1,centr,PBMC,3,1,No,CD4_EM,22.73
B,3,3,1,centr,PBMC,3,1,No,CD8_EM,26.96
B,3,3,1,centr,PBMC,3,1,No,CD3_TD,34.8
B,3,3,1,centr,PBMC,3,1,No,CD4_TD,0.27
B,3,3,1,centr,PBMC,3,1,No,CD8_TD,51.55
B,3,3,1,centr,PBMC,3,2,No,CD3,69.49
B,3,3,1,centr,PBMC,3,2,No,CD4,40.82
B,3,3,1,centr,PBMC,3,2,No,CD8,49.97
B,3,3,1,centr,PBMC,3,2,No,CD3_N,18.92
B,3,3,1,centr,PBMC,3,2,No,CD4_N,25.27
B,3,3,1,centr,PBMC,3,2,No,CD8_N,11.59
B,3,3,1,centr,PBMC,3,2,No,CD3_CM,23.63
B,3,3,1,centr,PBMC,3,2,No,CD4_CM,46.43
B,3,3,1,centr,PBMC,3,2,No,CD8_CM,12.58
B,3,3,1,centr,PBMC,3,2,No,CD3_EM,22.15
B,3,3,1,centr,PBMC,3,2,No,CD4_EM,27.39
B,3,3,1,centr,PBMC,3,2,No,CD8_EM,20.12
B,3,3,1,centr,PBMC,3,2,No,CD3_TD,35.29
B,3,3,1,centr,PBMC,3,2,No,CD4_TD,0.91
B,3,3,1,centr,PBMC,3,2,No,CD8_TD,55.71
B,3,3,1,centr,PBMC,3,3,No,CD3,62.55
B,3,3,1,centr,PBMC,3,3,No,CD4,38.26
B,3,3,1,centr,PBMC,3,3,No,CD8,52.53
B,3,3,1,centr,PBMC,3,3,No,CD3_N,17.84
B,3,3,1,centr,PBMC,3,3,No,CD4_N,31.67
B,3,3,1,centr,PBMC,3,3,No,CD8_N,9.73
B,3,3,1,centr,PBMC,3,3,No,CD3_CM,22.61
B,3,3,1,centr,PBMC,3,3,No,CD4_CM,42.57
B,3,3,1,centr,PBMC,3,3,No,CD8_CM,9.97
B,3,3,1,centr,PBMC,3,3,No,CD3_EM,21.1
B,3,3,1,centr,PBMC,3,3,No,CD4_EM,25.07
B,3,3,1,centr,PBMC,3,3,No,CD8_EM,20.76
B,3,3,1,centr,PBMC,3,3,No,CD3_TD,38.46
B,3,3,1,centr,PBMC,3,3,No,CD4_TD,0.69
B,3,3,1,centr,PBMC,3,3,No,CD8_TD,59.53
B,3,3,1,centr,WB,1,1,No,CD3,56.85
B,3,3,1,centr,WB,1,1,No,CD4,63.4
B,3,3,1,centr,WB,1,1,No,CD8,33.51
B,3,3,1,centr,WB,1,1,No,CD3_N,38.79
B,3,3,1,centr,WB,1,1,No,CD4_N,40.04
B,3,3,1,centr,WB,1,1,No,CD8_N,38.31
B,3,3,1,centr,WB,1,1,No,CD3_CM,39.89
B,3,3,1,centr,WB,1,1,No,CD4_CM,52.02
B,3,3,1,centr,WB,1,1,No,CD8_CM,19.44
B,3,3,1,centr,WB,1,1,No,CD3_EM,13.32
B,3,3,1,centr,WB,1,1,No,CD4_EM,7.67
B,3,3,1,centr,WB,1,1,No,CD8_EM,21.87
B,3,3,1,centr,WB,1,1,No,CD3_TD,8
B,3,3,1,centr,WB,1,1,No,CD4_TD,0.27
B,3,3,1,centr,WB,1,1,No,CD8_TD,20.37
B,3,3,1,centr,WB,1,2,No,CD3,56.64
B,3,3,1,centr,WB,1,2,No,CD4,63.11
B,3,3,1,centr,WB,1,2,No,CD8,33.72
B,3,3,1,centr,WB,1,2,No,CD3_N,40.04
B,3,3,1,centr,WB,1,2,No,CD4_N,39.91
B,3,3,1,centr,WB,1,2,No,CD8_N,39.16
B,3,3,1,centr,WB,1,2,No,CD3_CM,39.33
B,3,3,1,centr,WB,1,2,No,CD4_CM,51.42
B,3,3,1,centr,WB,1,2,No,CD8_CM,19.35
B,3,3,1,centr,WB,1,2,No,CD3_EM,12.1
B,3,3,1,centr,WB,1,2,No,CD4_EM,8.37
B,3,3,1,centr,WB,1,2,No,CD8_EM,19.52
B,3,3,1,centr,WB,1,2,No,CD3_TD,8.53
B,3,3,1,centr,WB,1,2,No,CD4_TD,0.29
B,3,3,1,centr,WB,1,2,No,CD8_TD,21.97
B,3,3,1,centr,WB,1,3,No,CD3,56.3
B,3,3,1,centr,WB,1,3,No,CD4,63.36
B,3,3,1,centr,WB,1,3,No,CD8,33.29
B,3,3,1,centr,WB,1,3,No,CD3_N,39.25
B,3,3,1,centr,WB,1,3,No,CD4_N,39.49
B,3,3,1,centr,WB,1,3,No,CD8_N,38.41
B,3,3,1,centr,WB,1,3,No,CD3_CM,38.26
B,3,3,1,centr,WB,1,3,No,CD4_CM,51.71
B,3,3,1,centr,WB,1,3,No,CD8_CM,17.45
B,3,3,1,centr,WB,1,3,No,CD3_EM,13.54
B,3,3,1,centr,WB,1,3,No,CD4_EM,8.54
B,3,3,1,centr,WB,1,3,No,CD8_EM,21.15
B,3,3,1,centr,WB,1,3,No,CD3_TD,8.95
B,3,3,1,centr,WB,1,3,No,CD4_TD,0.26
B,3,3,1,centr,WB,1,3,No,CD8_TD,22.98
B,3,3,1,centr,WB,2,1,No,CD3,65.18
B,3,3,1,centr,WB,2,1,No,CD4,67.58
B,3,3,1,centr,WB,2,1,No,CD8,26.18
B,3,3,1,centr,WB,2,1,No,CD3_N,19.36
B,3,3,1,centr,WB,2,1,No,CD4_N,19.54
B,3,3,1,centr,WB,2,1,No,CD8_N,19.91
B,3,3,1,centr,WB,2,1,No,CD3_CM,45.75
B,3,3,1,centr,WB,2,1,No,CD4_CM,56.04
B,3,3,1,centr,WB,2,1,No,CD8_CM,24.39
B,3,3,1,centr,WB,2,1,No,CD3_EM,20.53
B,3,3,1,centr,WB,2,1,No,CD4_EM,19.93
B,3,3,1,centr,WB,2,1,No,CD8_EM,23.1
B,3,3,1,centr,WB,2,1,No,CD3_TD,14.35
B,3,3,1,centr,WB,2,1,No,CD4_TD,4.49
B,3,3,1,centr,WB,2,1,No,CD8_TD,32.61
B,3,3,1,centr,WB,2,2,No,CD3,61.62
B,3,3,1,centr,WB,2,2,No,CD4,65.91
B,3,3,1,centr,WB,2,2,No,CD8,27.5
B,3,3,1,centr,WB,2,2,No,CD3_N,17.23
B,3,3,1,centr,WB,2,2,No,CD4_N,18.24
B,3,3,1,centr,WB,2,2,No,CD8_N,19.92
B,3,3,1,centr,WB,2,2,No,CD3_CM,44.98
B,3,3,1,centr,WB,2,2,No,CD4_CM,56.38
B,3,3,1,centr,WB,2,2,No,CD8_CM,24.54
B,3,3,1,centr,WB,2,2,No,CD3_EM,23.38
B,3,3,1,centr,WB,2,2,No,CD4_EM,20.16
B,3,3,1,centr,WB,2,2,No,CD8_EM,22.86
B,3,3,1,centr,WB,2,2,No,CD3_TD,14.41
B,3,3,1,centr,WB,2,2,No,CD4_TD,5.22
B,3,3,1,centr,WB,2,2,No,CD8_TD,32.67
B,3,3,1,centr,WB,2,3,No,CD3,58.43
B,3,3,1,centr,WB,2,3,No,CD4,65.28
B,3,3,1,centr,WB,2,3,No,CD8,27.9
B,3,3,1,centr,WB,2,3,No,CD3_N,18.43
B,3,3,1,centr,WB,2,3,No,CD4_N,19.7
B,3,3,1,centr,WB,2,3,No,CD8_N,21.99
B,3,3,1,centr,WB,2,3,No,CD3_CM,43.26
B,3,3,1,centr,WB,2,3,No,CD4_CM,54.5
B,3,3,1,centr,WB,2,3,No,CD8_CM,23.05
B,3,3,1,centr,WB,2,3,No,CD3_EM,22.25
B,3,3,1,centr,WB,2,3,No,CD4_EM,19.66
B,3,3,1,centr,WB,2,3,No,CD8_EM,20.28
B,3,3,1,centr,WB,2,3,No,CD3_TD,16.06
B,3,3,1,centr,WB,2,3,No,CD4_TD,6.14
B,3,3,1,centr,WB,2,3,No,CD8_TD,34.68
B,3,3,1,centr,WB,3,1,No,CD3,57.58
B,3,3,1,centr,WB,3,1,No,CD4,65.62
B,3,3,1,centr,WB,3,1,No,CD8,27.89
B,3,3,1,centr,WB,3,1,No,CD3_N,21.46
B,3,3,1,centr,WB,3,1,No,CD4_N,17
B,3,3,1,centr,WB,3,1,No,CD8_N,34.89
B,3,3,1,centr,WB,3,1,No,CD3_CM,43.56
B,3,3,1,centr,WB,3,1,No,CD4_CM,59.15
B,3,3,1,centr,WB,3,1,No,CD8_CM,16.27
B,3,3,1,centr,WB,3,1,No,CD3_EM,15.24
B,3,3,1,centr,WB,3,1,No,CD4_EM,15.87
B,3,3,1,centr,WB,3,1,No,CD8_EM,12.54
B,3,3,1,centr,WB,3,1,No,CD3_TD,19.74
B,3,3,1,centr,WB,3,1,No,CD4_TD,7.98
B,3,3,1,centr,WB,3,1,No,CD8_TD,36.29
B,3,3,1,centr,WB,3,2,No,CD3,55.87
B,3,3,1,centr,WB,3,2,No,CD4,65.41
B,3,3,1,centr,WB,3,2,No,CD8,27.93
B,3,3,1,centr,WB,3,2,No,CD3_N,21.74
B,3,3,1,centr,WB,3,2,No,CD4_N,16.94
B,3,3,1,centr,WB,3,2,No,CD8_N,36.27
B,3,3,1,centr,WB,3,2,No,CD3_CM,43.95
B,3,3,1,centr,WB,3,2,No,CD4_CM,58.98
B,3,3,1,centr,WB,3,2,No,CD8_CM,18.46
B,3,3,1,centr,WB,3,2,No,CD3_EM,14
B,3,3,1,centr,WB,3,2,No,CD4_EM,15.54
B,3,3,1,centr,WB,3,2,No,CD8_EM,9.13
B,3,3,1,centr,WB,3,2,No,CD3_TD,20.32
B,3,3,1,centr,WB,3,2,No,CD4_TD,8.54
B,3,3,1,centr,WB,3,2,No,CD8_TD,36.14
B,3,3,1,centr,WB,3,3,No,CD3,53.68
B,3,3,1,centr,WB,3,3,No,CD4,64
B,3,3,1,centr,WB,3,3,No,CD8,28.82
B,3,3,1,centr,WB,3,3,No,CD3_N,24.55
B,3,3,1,centr,WB,3,3,No,CD4_N,19.24
B,3,3,1,centr,WB,3,3,No,CD8_N,39.56
B,3,3,1,centr,WB,3,3,No,CD3_CM,40.59
B,3,3,1,centr,WB,3,3,No,CD4_CM,56.25
B,3,3,1,centr,WB,3,3,No,CD8_CM,14.94
B,3,3,1,centr,WB,3,3,No,CD3_EM,14.58
B,3,3,1,centr,WB,3,3,No,CD4_EM,16.13
B,3,3,1,centr,WB,3,3,No,CD8_EM,9.89
B,3,3,1,centr,WB,3,3,No,CD3_TD,20.28
B,3,3,1,centr,WB,3,3,No,CD4_TD,8.37
B,3,3,1,centr,WB,3,3,No,CD8_TD,35.6
B,3,3,1,local,PBMC,1,1,No,CD3,82.6
B,3,3,1,local,PBMC,1,1,No,CD4,55.2
B,3,3,1,local,PBMC,1,1,No,CD8,40.5
B,3,3,1,local,PBMC,1,1,No,CD3_N,21.1
B,3,3,1,local,PBMC,1,1,No,CD4_N,29.7
B,3,3,1,local,PBMC,1,1,No,CD8_N,9.4
B,3,3,1,local,PBMC,1,1,No,CD3_CM,28.5
B,3,3,1,local,PBMC,1,1,No,CD4_CM,44.8
B,3,3,1,local,PBMC,1,1,No,CD8_CM,8.5
B,3,3,1,local,PBMC,1,1,No,CD3_EM,25.1
B,3,3,1,local,PBMC,1,1,No,CD4_EM,22.3
B,3,3,1,local,PBMC,1,1,No,CD8_EM,29.5
B,3,3,1,local,PBMC,1,1,No,CD3_TD,25.3
B,3,3,1,local,PBMC,1,1,No,CD4_TD,3.1
B,3,3,1,local,PBMC,1,1,No,CD8_TD,52.6
B,3,3,1,local,PBMC,1,2,No,CD3,78.9
B,3,3,1,local,PBMC,1,2,No,CD4,48.1
B,3,3,1,local,PBMC,1,2,No,CD8,46.9
B,3,3,1,local,PBMC,1,2,No,CD3_N,18.9
B,3,3,1,local,PBMC,1,2,No,CD4_N,28.5
B,3,3,1,local,PBMC,1,2,No,CD8_N,9.8
B,3,3,1,local,PBMC,1,2,No,CD3_CM,24.8
B,3,3,1,local,PBMC,1,2,No,CD4_CM,43.1
B,3,3,1,local,PBMC,1,2,No,CD8_CM,7.8
B,3,3,1,local,PBMC,1,2,No,CD3_EM,24
B,3,3,1,local,PBMC,1,2,No,CD4_EM,24.1
B,3,3,1,local,PBMC,1,2,No,CD8_EM,24
B,3,3,1,local,PBMC,1,2,No,CD3_TD,32.3
B,3,3,1,local,PBMC,1,2,No,CD4_TD,4.2
B,3,3,1,local,PBMC,1,2,No,CD8_TD,58.3
B,3,3,1,local,PBMC,1,3,No,CD3,80.8
B,3,3,1,local,PBMC,1,3,No,CD4,48
B,3,3,1,local,PBMC,1,3,No,CD8,47.5
B,3,3,1,local,PBMC,1,3,No,CD3_N,16.1
B,3,3,1,local,PBMC,1,3,No,CD4_N,25.4
B,3,3,1,local,PBMC,1,3,No,CD8_N,7.5
B,3,3,1,local,PBMC,1,3,No,CD3_CM,23.7
B,3,3,1,local,PBMC,1,3,No,CD4_CM,42.2
B,3,3,1,local,PBMC,1,3,No,CD8_CM,6.5
B,3,3,1,local,PBMC,1,3,No,CD3_EM,27.1
B,3,3,1,local,PBMC,1,3,No,CD4_EM,27.9
B,3,3,1,local,PBMC,1,3,No,CD8_EM,26.3
B,3,3,1,local,PBMC,1,3,No,CD3_TD,33.1
B,3,3,1,local,PBMC,1,3,No,CD4_TD,4.5
B,3,3,1,local,PBMC,1,3,No,CD8_TD,59.7
B,3,3,1,local,PBMC,2,1,No,CD3,91.3
B,3,3,1,local,PBMC,2,1,No,CD4,42.1
B,3,3,1,local,PBMC,2,1,No,CD8,55.7
B,3,3,1,local,PBMC,2,1,No,CD3_N,17.9
B,3,3,1,local,PBMC,2,1,No,CD4_N,13.7
B,3,3,1,local,PBMC,2,1,No,CD8_N,20.7
B,3,3,1,local,PBMC,2,1,No,CD3_CM,21
B,3,3,1,local,PBMC,2,1,No,CD4_CM,38.2
B,3,3,1,local,PBMC,2,1,No,CD8_CM,8
B,3,3,1,local,PBMC,2,1,No,CD3_EM,22.9
B,3,3,1,local,PBMC,2,1,No,CD4_EM,43.3
B,3,3,1,local,PBMC,2,1,No,CD8_EM,7.4
B,3,3,1,local,PBMC,2,1,No,CD3_TD,38.2
B,3,3,1,local,PBMC,2,1,No,CD4_TD,4.8
B,3,3,1,local,PBMC,2,1,No,CD8_TD,63.9
B,3,3,1,local,PBMC,2,2,No,CD3,88.5
B,3,3,1,local,PBMC,2,2,No,CD4,42.7
B,3,3,1,local,PBMC,2,2,No,CD8,54.2
B,3,3,1,local,PBMC,2,2,No,CD3_N,11.5
B,3,3,1,local,PBMC,2,2,No,CD4_N,13.7
B,3,3,1,local,PBMC,2,2,No,CD8_N,9.6
B,3,3,1,local,PBMC,2,2,No,CD3_CM,16.3
B,3,3,1,local,PBMC,2,2,No,CD4_CM,30.5
B,3,3,1,local,PBMC,2,2,No,CD8_CM,5.5
B,3,3,1,local,PBMC,2,2,No,CD3_EM,25.9
B,3,3,1,local,PBMC,2,2,No,CD4_EM,48.8
B,3,3,1,local,PBMC,2,2,No,CD8_EM,7.4
B,3,3,1,local,PBMC,2,2,No,CD3_TD,46.3
B,3,3,1,local,PBMC,2,2,No,CD4_TD,7
B,3,3,1,local,PBMC,2,2,No,CD8_TD,77.5
B,3,3,1,local,PBMC,2,3,No,CD3,89
B,3,3,1,local,PBMC,2,3,No,CD4,42
B,3,3,1,local,PBMC,2,3,No,CD8,55.1
B,3,3,1,local,PBMC,2,3,No,CD3_N,10.3
B,3,3,1,local,PBMC,2,3,No,CD4_N,13.1
B,3,3,1,local,PBMC,2,3,No,CD8_N,7.9
B,3,3,1,local,PBMC,2,3,No,CD3_CM,15.1
B,3,3,1,local,PBMC,2,3,No,CD4_CM,28.6
B,3,3,1,local,PBMC,2,3,No,CD8_CM,5.1
B,3,3,1,local,PBMC,2,3,No,CD3_EM,27.3
B,3,3,1,local,PBMC,2,3,No,CD4_EM,51.8
B,3,3,1,local,PBMC,2,3,No,CD8_EM,8.1
B,3,3,1,local,PBMC,2,3,No,CD3_TD,47.4
B,3,3,1,local,PBMC,2,3,No,CD4_TD,6.5
B,3,3,1,local,PBMC,2,3,No,CD8_TD,79
B,3,3,1,local,PBMC,3,1,No,CD3,75.1
B,3,3,1,local,PBMC,3,1,No,CD4,40.4
B,3,3,1,local,PBMC,3,1,No,CD8,50.3
B,3,3,1,local,PBMC,3,1,No,CD3_N,20.4
B,3,3,1,local,PBMC,3,1,No,CD4_N,34.4
B,3,3,1,local,PBMC,3,1,No,CD8_N,11.9
B,3,3,1,local,PBMC,3,1,No,CD3_CM,20.9
B,3,3,1,local,PBMC,3,1,No,CD4_CM,41.6
B,3,3,1,local,PBMC,3,1,No,CD8_CM,7.3
B,3,3,1,local,PBMC,3,1,No,CD3_EM,16.7
B,3,3,1,local,PBMC,3,1,No,CD4_EM,23.1
B,3,3,1,local,PBMC,3,1,No,CD8_EM,10.8
B,3,3,1,local,PBMC,3,1,No,CD3_TD,41.9
B,3,3,1,local,PBMC,3,1,No,CD4_TD,1
B,3,3,1,local,PBMC,3,1,No,CD8_TD,70
B,3,3,1,local,PBMC,3,2,No,CD3,75.5
B,3,3,1,local,PBMC,3,2,No,CD4,47.8
B,3,3,1,local,PBMC,3,2,No,CD8,44.6
B,3,3,1,local,PBMC,3,2,No,CD3_N,21.4
B,3,3,1,local,PBMC,3,2,No,CD4_N,32.2
B,3,3,1,local,PBMC,3,2,No,CD8_N,12.3
B,3,3,1,local,PBMC,3,2,No,CD3_CM,25.1
B,3,3,1,local,PBMC,3,2,No,CD4_CM,44.2
B,3,3,1,local,PBMC,3,2,No,CD8_CM,7.9
B,3,3,1,local,PBMC,3,2,No,CD3_EM,18.4
B,3,3,1,local,PBMC,3,2,No,CD4_EM,22.8
B,3,3,1,local,PBMC,3,2,No,CD8_EM,12.2
B,3,3,1,local,PBMC,3,2,No,CD3_TD,35.1
B,3,3,1,local,PBMC,3,2,No,CD4_TD,0.8
B,3,3,1,local,PBMC,3,2,No,CD8_TD,67.6
B,3,3,1,local,PBMC,3,3,No,CD3,78.9
B,3,3,1,local,PBMC,3,3,No,CD4,57.6
B,3,3,1,local,PBMC,3,3,No,CD8,35.1
B,3,3,1,local,PBMC,3,3,No,CD3_N,23.8
B,3,3,1,local,PBMC,3,3,No,CD4_N,30.2
B,3,3,1,local,PBMC,3,3,No,CD8_N,13.9
B,3,3,1,local,PBMC,3,3,No,CD3_CM,33.2
B,3,3,1,local,PBMC,3,3,No,CD4_CM,49.2
B,3,3,1,local,PBMC,3,3,No,CD8_CM,12.1
B,3,3,1,local,PBMC,3,3,No,CD3_EM,17.7
B,3,3,1,local,PBMC,3,3,No,CD4_EM,19.9
B,3,3,1,local,PBMC,3,3,No,CD8_EM,12.8
B,3,3,1,local,PBMC,3,3,No,CD3_TD,25.3
B,3,3,1,local,PBMC,3,3,No,CD4_TD,0.6
B,3,3,1,local,PBMC,3,3,No,CD8_TD,61.2
B,3,3,1,local,WB,1,1,No,CD3,59.7
B,3,3,1,local,WB,1,1,No,CD4,63.3
B,3,3,1,local,WB,1,1,No,CD8,31.9
B,3,3,1,local,WB,1,1,No,CD3_N,36.8
B,3,3,1,local,WB,1,1,No,CD4_N,37
B,3,3,1,local,WB,1,1,No,CD8_N,40
B,3,3,1,local,WB,1,1,No,CD3_CM,36.8
B,3,3,1,local,WB,1,1,No,CD4_CM,49.5
B,3,3,1,local,WB,1,1,No,CD8_CM,15
B,3,3,1,local,WB,1,1,No,CD3_EM,17.8
B,3,3,1,local,WB,1,1,No,CD4_EM,13.2
B,3,3,1,local,WB,1,1,No,CD8_EM,22.7
B,3,3,1,local,WB,1,1,No,CD3_TD,8.6
B,3,3,1,local,WB,1,1,No,CD4_TD,0.4
B,3,3,1,local,WB,1,1,No,CD8_TD,22.4
B,3,3,1,local,WB,1,2,No,CD3,59.2
B,3,3,1,local,WB,1,2,No,CD4,63.2
B,3,3,1,local,WB,1,2,No,CD8,31.7
B,3,3,1,local,WB,1,2,No,CD3_N,38.5
B,3,3,1,local,WB,1,2,No,CD4_N,39
B,3,3,1,local,WB,1,2,No,CD8_N,41
B,3,3,1,local,WB,1,2,No,CD3_CM,36
B,3,3,1,local,WB,1,2,No,CD4_CM,48.2
B,3,3,1,local,WB,1,2,No,CD8_CM,14.7
B,3,3,1,local,WB,1,2,No,CD3_EM,16.4
B,3,3,1,local,WB,1,2,No,CD4_EM,12.4
B,3,3,1,local,WB,1,2,No,CD8_EM,20.2
B,3,3,1,local,WB,1,2,No,CD3_TD,9.2
B,3,3,1,local,WB,1,2,No,CD4_TD,0.4
B,3,3,1,local,WB,1,2,No,CD8_TD,24
B,3,3,1,local,WB,1,3,No,CD3,58.6
B,3,3,1,local,WB,1,3,No,CD4,63.2
B,3,3,1,local,WB,1,3,No,CD8,31.5
B,3,3,1,local,WB,1,3,No,CD3_N,37.8
B,3,3,1,local,WB,1,3,No,CD4_N,38.3
B,3,3,1,local,WB,1,3,No,CD8_N,41.1
B,3,3,1,local,WB,1,3,No,CD3_CM,36.3
B,3,3,1,local,WB,1,3,No,CD4_CM,48.8
B,3,3,1,local,WB,1,3,No,CD8_CM,14.6
B,3,3,1,local,WB,1,3,No,CD3_EM,16.6
B,3,3,1,local,WB,1,3,No,CD4_EM,12.5
B,3,3,1,local,WB,1,3,No,CD8_EM,19.9
B,3,3,1,local,WB,1,3,No,CD3_TD,9.3
B,3,3,1,local,WB,1,3,No,CD4_TD,0.4
B,3,3,1,local,WB,1,3,No,CD8_TD,24.4
B,3,3,1,local,WB,2,1,No,CD3,69.4
B,3,3,1,local,WB,2,1,No,CD4,67.4
B,3,3,1,local,WB,2,1,No,CD8,22.5
B,3,3,1,local,WB,2,1,No,CD3_N,18.9
B,3,3,1,local,WB,2,1,No,CD4_N,19.6
B,3,3,1,local,WB,2,1,No,CD8_N,21.8
B,3,3,1,local,WB,2,1,No,CD3_CM,38.9
B,3,3,1,local,WB,2,1,No,CD4_CM,49.1
B,3,3,1,local,WB,2,1,No,CD8_CM,21
B,3,3,1,local,WB,2,1,No,CD3_EM,27
B,3,3,1,local,WB,2,1,No,CD4_EM,26.7
B,3,3,1,local,WB,2,1,No,CD8_EM,24.6
B,3,3,1,local,WB,2,1,No,CD3_TD,15.2
B,3,3,1,local,WB,2,1,No,CD4_TD,4.6
B,3,3,1,local,WB,2,1,No,CD8_TD,32.7
B,3,3,1,local,WB,2,2,No,CD3,69
B,3,3,1,local,WB,2,2,No,CD4,66.8
B,3,3,1,local,WB,2,2,No,CD8,22.6
B,3,3,1,local,WB,2,2,No,CD3_N,19.4
B,3,3,1,local,WB,2,2,No,CD4_N,19.9
B,3,3,1,local,WB,2,2,No,CD8_N,21.7
B,3,3,1,local,WB,2,2,No,CD3_CM,36.5
B,3,3,1,local,WB,2,2,No,CD4_CM,45.8
B,3,3,1,local,WB,2,2,No,CD8_CM,20.5
B,3,3,1,local,WB,2,2,No,CD3_EM,28.4
B,3,3,1,local,WB,2,2,No,CD4_EM,29.2
B,3,3,1,local,WB,2,2,No,CD8_EM,24.4
B,3,3,1,local,WB,2,2,No,CD3_TD,15.8
B,3,3,1,local,WB,2,2,No,CD4_TD,5.1
B,3,3,1,local,WB,2,2,No,CD8_TD,33.3
B,3,3,1,local,WB,2,3,No,CD3,66.8
B,3,3,1,local,WB,2,3,No,CD4,66.4
B,3,3,1,local,WB,2,3,No,CD8,22.4
B,3,3,1,local,WB,2,3,No,CD3_N,20.8
B,3,3,1,local,WB,2,3,No,CD4_N,21.2
B,3,3,1,local,WB,2,3,No,CD8_N,24.3
B,3,3,1,local,WB,2,3,No,CD3_CM,34.8
B,3,3,1,local,WB,2,3,No,CD4_CM,44.2
B,3,3,1,local,WB,2,3,No,CD8_CM,19
B,3,3,1,local,WB,2,3,No,CD3_EM,26.7
B,3,3,1,local,WB,2,3,No,CD4_EM,28.4
B,3,3,1,local,WB,2,3,No,CD8_EM,21.6
B,3,3,1,local,WB,2,3,No,CD3_TD,17.7
B,3,3,1,local,WB,2,3,No,CD4_TD,6.2
B,3,3,1,local,WB,2,3,No,CD8_TD,35.1
B,3,3,1,local,WB,3,1,No,CD3,60.4
B,3,3,1,local,WB,3,1,No,CD4,65.9
B,3,3,1,local,WB,3,1,No,CD8,26
B,3,3,1,local,WB,3,1,No,CD3_N,21.6
B,3,3,1,local,WB,3,1,No,CD4_N,16.8
B,3,3,1,local,WB,3,1,No,CD8_N,37.1
B,3,3,1,local,WB,3,1,No,CD3_CM,43.1
B,3,3,1,local,WB,3,1,No,CD4_CM,56.6
B,3,3,1,local,WB,3,1,No,CD8_CM,18.8
B,3,3,1,local,WB,3,1,No,CD3_EM,16.4
B,3,3,1,local,WB,3,1,No,CD4_EM,18.8
B,3,3,1,local,WB,3,1,No,CD8_EM,11.5
B,3,3,1,local,WB,3,1,No,CD3_TD,18.9
B,3,3,1,local,WB,3,1,No,CD4_TD,7.9
B,3,3,1,local,WB,3,1,No,CD8_TD,32.6
B,3,3,1,local,WB,3,2,No,CD3,59.2
B,3,3,1,local,WB,3,2,No,CD4,65.7
B,3,3,1,local,WB,3,2,No,CD8,26
B,3,3,1,local,WB,3,2,No,CD3_N,22.5
B,3,3,1,local,WB,3,2,No,CD4_N,17
B,3,3,1,local,WB,3,2,No,CD8_N,39.9
B,3,3,1,local,WB,3,2,No,CD3_CM,43.2
B,3,3,1,local,WB,3,2,No,CD4_CM,56
B,3,3,1,local,WB,3,2,No,CD8_CM,21.2
B,3,3,1,local,WB,3,2,No,CD3_EM,15.2
B,3,3,1,local,WB,3,2,No,CD4_EM,18.7
B,3,3,1,local,WB,3,2,No,CD8_EM,7.8
B,3,3,1,local,WB,3,2,No,CD3_TD,19.1
B,3,3,1,local,WB,3,2,No,CD4_TD,8.4
B,3,3,1,local,WB,3,2,No,CD8_TD,31.2
B,3,3,1,local,WB,3,3,No,CD3,55.6
B,3,3,1,local,WB,3,3,No,CD4,64
B,3,3,1,local,WB,3,3,No,CD8,27.2
B,3,3,1,local,WB,3,3,No,CD3_N,24.5
B,3,3,1,local,WB,3,3,No,CD4_N,18.5
B,3,3,1,local,WB,3,3,No,CD8_N,42.1
B,3,3,1,local,WB,3,3,No,CD3_CM,39.4
B,3,3,1,local,WB,3,3,No,CD4_CM,52.7
B,3,3,1,local,WB,3,3,No,CD8_CM,17.1
B,3,3,1,local,WB,3,3,No,CD3_EM,16.4
B,3,3,1,local,WB,3,3,No,CD4_EM,20.4
B,3,3,1,local,WB,3,3,No,CD8_EM,8.8
B,3,3,1,local,WB,3,3,No,CD3_TD,19.6
B,3,3,1,local,WB,3,3,No,CD4_TD,8.4
B,3,3,1,local,WB,3,3,No,CD8_TD,32
C,5,7,1,centr,PBMC,1,1,No,CD3,79.81
C,5,7,1,centr,PBMC,1,1,No,CD4,50.25
C,5,7,1,centr,PBMC,1,1,No,CD8,44.7
C,5,7,1,centr,PBMC,1,1,No,CD3_N,15.85
C,5,7,1,centr,PBMC,1,1,No,CD4_N,24.35
C,5,7,1,centr,PBMC,1,1,No,CD8_N,6.68
C,5,7,1,centr,PBMC,1,1,No,CD3_CM,27.07
C,5,7,1,centr,PBMC,1,1,No,CD4_CM,43.62
C,5,7,1,centr,PBMC,1,1,No,CD8_CM,7.09
C,5,7,1,centr,PBMC,1,1,No,CD3_EM,32.29
C,5,7,1,centr,PBMC,1,1,No,CD4_EM,29.85
C,5,7,1,centr,PBMC,1,1,No,CD8_EM,40.76
C,5,7,1,centr,PBMC,1,1,No,CD3_TD,24.8
C,5,7,1,centr,PBMC,1,1,No,CD4_TD,2.18
C,5,7,1,centr,PBMC,1,1,No,CD8_TD,45.47
C,5,7,1,centr,PBMC,1,2,No,CD3,77.95
C,5,7,1,centr,PBMC,1,2,No,CD4,47.29
C,5,7,1,centr,PBMC,1,2,No,CD8,46.95
C,5,7,1,centr,PBMC,1,2,No,CD3_N,14.41
C,5,7,1,centr,PBMC,1,2,No,CD4_N,22.42
C,5,7,1,centr,PBMC,1,2,No,CD8_N,5.34
C,5,7,1,centr,PBMC,1,2,No,CD3_CM,25.27
C,5,7,1,centr,PBMC,1,2,No,CD4_CM,42.13
C,5,7,1,centr,PBMC,1,2,No,CD8_CM,7.11
C,5,7,1,centr,PBMC,1,2,No,CD3_EM,33.51
C,5,7,1,centr,PBMC,1,2,No,CD4_EM,32.73
C,5,7,1,centr,PBMC,1,2,No,CD8_EM,41.48
C,5,7,1,centr,PBMC,1,2,No,CD3_TD,26.81
C,5,7,1,centr,PBMC,1,2,No,CD4_TD,2.72
C,5,7,1,centr,PBMC,1,2,No,CD8_TD,46.06
C,5,7,1,centr,PBMC,1,3,No,CD3,77.6
C,5,7,1,centr,PBMC,1,3,No,CD4,46.8
C,5,7,1,centr,PBMC,1,3,No,CD8,47.84
C,5,7,1,centr,PBMC,1,3,No,CD3_N,13.4
C,5,7,1,centr,PBMC,1,3,No,CD4_N,21.85
C,5,7,1,centr,PBMC,1,3,No,CD8_N,5.67
C,5,7,1,centr,PBMC,1,3,No,CD3_CM,24.58
C,5,7,1,centr,PBMC,1,3,No,CD4_CM,41.67
C,5,7,1,centr,PBMC,1,3,No,CD8_CM,6.29
C,5,7,1,centr,PBMC,1,3,No,CD3_EM,36.89
C,5,7,1,centr,PBMC,1,3,No,CD4_EM,34.1
C,5,7,1,centr,PBMC,1,3,No,CD8_EM,46.25
C,5,7,1,centr,PBMC,1,3,No,CD3_TD,25.13
C,5,7,1,centr,PBMC,1,3,No,CD4_TD,2.38
C,5,7,1,centr,PBMC,1,3,No,CD8_TD,41.79
C,5,7,1,centr,PBMC,2,1,No,CD3,88.77
C,5,7,1,centr,PBMC,2,1,No,CD4,43.52
C,5,7,1,centr,PBMC,2,1,No,CD8,52.18
C,5,7,1,centr,PBMC,2,1,No,CD3_N,8.11
C,5,7,1,centr,PBMC,2,1,No,CD4_N,9.32
C,5,7,1,centr,PBMC,2,1,No,CD8_N,5.72
C,5,7,1,centr,PBMC,2,1,No,CD3_CM,21.61
C,5,7,1,centr,PBMC,2,1,No,CD4_CM,36.56
C,5,7,1,centr,PBMC,2,1,No,CD8_CM,7.78
C,5,7,1,centr,PBMC,2,1,No,CD3_EM,32.7
C,5,7,1,centr,PBMC,2,1,No,CD4_EM,52.14
C,5,7,1,centr,PBMC,2,1,No,CD8_EM,19.09
C,5,7,1,centr,PBMC,2,1,No,CD3_TD,37.58
C,5,7,1,centr,PBMC,2,1,No,CD4_TD,1.98
C,5,7,1,centr,PBMC,2,1,No,CD8_TD,67.41
C,5,7,1,centr,PBMC,2,2,No,CD3,87.12
C,5,7,1,centr,PBMC,2,2,No,CD4,45.06
C,5,7,1,centr,PBMC,2,2,No,CD8,50.95
C,5,7,1,centr,PBMC,2,2,No,CD3_N,9.68
C,5,7,1,centr,PBMC,2,2,No,CD4_N,12.36
C,5,7,1,centr,PBMC,2,2,No,CD8_N,5.99
C,5,7,1,centr,PBMC,2,2,No,CD3_CM,19.16
C,5,7,1,centr,PBMC,2,2,No,CD4_CM,33.12
C,5,7,1,centr,PBMC,2,2,No,CD8_CM,5.55
C,5,7,1,centr,PBMC,2,2,No,CD3_EM,30.16
C,5,7,1,centr,PBMC,2,2,No,CD4_EM,51.14
C,5,7,1,centr,PBMC,2,2,No,CD8_EM,14.3
C,5,7,1,centr,PBMC,2,2,No,CD3_TD,40.99
C,5,7,1,centr,PBMC,2,2,No,CD4_TD,3.38
C,5,7,1,centr,PBMC,2,2,No,CD8_TD,74.16
C,5,7,1,centr,PBMC,2,3,No,CD3,86.85
C,5,7,1,centr,PBMC,2,3,No,CD4,39.43
C,5,7,1,centr,PBMC,2,3,No,CD8,56.44
C,5,7,1,centr,PBMC,2,3,No,CD3_N,5.59
C,5,7,1,centr,PBMC,2,3,No,CD4_N,5.56
C,5,7,1,centr,PBMC,2,3,No,CD8_N,4.57
C,5,7,1,centr,PBMC,2,3,No,CD3_CM,17.24
C,5,7,1,centr,PBMC,2,3,No,CD4_CM,30.28
C,5,7,1,centr,PBMC,2,3,No,CD8_CM,6.68
C,5,7,1,centr,PBMC,2,3,No,CD3_EM,38.51
C,5,7,1,centr,PBMC,2,3,No,CD4_EM,62.42
C,5,7,1,centr,PBMC,2,3,No,CD8_EM,25
C,5,7,1,centr,PBMC,2,3,No,CD3_TD,38.66
C,5,7,1,centr,PBMC,2,3,No,CD4_TD,1.75
C,5,7,1,centr,PBMC,2,3,No,CD8_TD,63.75
C,5,7,1,centr,PBMC,3,1,No,CD3,78.22
C,5,7,1,centr,PBMC,3,1,No,CD4,52.91
C,5,7,1,centr,PBMC,3,1,No,CD8,39.14
C,5,7,1,centr,PBMC,3,1,No,CD3_N,19.75
C,5,7,1,centr,PBMC,3,1,No,CD4_N,26.45
C,5,7,1,centr,PBMC,3,1,No,CD8_N,11.96
C,5,7,1,centr,PBMC,3,1,No,CD3_CM,32.27
C,5,7,1,centr,PBMC,3,1,No,CD4_CM,50.32
C,5,7,1,centr,PBMC,3,1,No,CD8_CM,9.02
C,5,7,1,centr,PBMC,3,1,No,CD3_EM,22.44
C,5,7,1,centr,PBMC,3,1,No,CD4_EM,22.94
C,5,7,1,centr,PBMC,3,1,No,CD8_EM,24.01
C,5,7,1,centr,PBMC,3,1,No,CD3_TD,25.54
C,5,7,1,centr,PBMC,3,1,No,CD4_TD,0.28
C,5,7,1,centr,PBMC,3,1,No,CD8_TD,55
C,5,7,1,centr,PBMC,3,2,No,CD3,77.82
C,5,7,1,centr,PBMC,3,2,No,CD4,51.04
C,5,7,1,centr,PBMC,3,2,No,CD8,40.88
C,5,7,1,centr,PBMC,3,2,No,CD3_N,19.17
C,5,7,1,centr,PBMC,3,2,No,CD4_N,27.64
C,5,7,1,centr,PBMC,3,2,No,CD8_N,9.91
C,5,7,1,centr,PBMC,3,2,No,CD3_CM,27.98
C,5,7,1,centr,PBMC,3,2,No,CD4_CM,45.04
C,5,7,1,centr,PBMC,3,2,No,CD8_CM,7.83
C,5,7,1,centr,PBMC,3,2,No,CD3_EM,23.73
C,5,7,1,centr,PBMC,3,2,No,CD4_EM,26.88
C,5,7,1,centr,PBMC,3,2,No,CD8_EM,23.01
C,5,7,1,centr,PBMC,3,2,No,CD3_TD,29.12
C,5,7,1,centr,PBMC,3,2,No,CD4_TD,0.45
C,5,7,1,centr,PBMC,3,2,No,CD8_TD,59.25
C,5,7,1,centr,PBMC,3,3,No,CD3,77.94
C,5,7,1,centr,PBMC,3,3,No,CD4,48.73
C,5,7,1,centr,PBMC,3,3,No,CD8,42.91
C,5,7,1,centr,PBMC,3,3,No,CD3_N,14.78
C,5,7,1,centr,PBMC,3,3,No,CD4_N,20.85
C,5,7,1,centr,PBMC,3,3,No,CD8_N,9.66
C,5,7,1,centr,PBMC,3,3,No,CD3_CM,29.47
C,5,7,1,centr,PBMC,3,3,No,CD4_CM,49.06
C,5,7,1,centr,PBMC,3,3,No,CD8_CM,7.73
C,5,7,1,centr,PBMC,3,3,No,CD3_EM,27.9
C,5,7,1,centr,PBMC,3,3,No,CD4_EM,29.69
C,5,7,1,centr,PBMC,3,3,No,CD8_EM,28.23
C,5,7,1,centr,PBMC,3,3,No,CD3_TD,27.85
C,5,7,1,centr,PBMC,3,3,No,CD4_TD,0.39
C,5,7,1,centr,PBMC,3,3,No,CD8_TD,54.38
C,5,7,1,centr,WB,1,1,No,CD3,57.05
C,5,7,1,centr,WB,1,1,No,CD4,63.3
C,5,7,1,centr,WB,1,1,No,CD8,33.54
C,5,7,1,centr,WB,1,1,No,CD3_N,35.75
C,5,7,1,centr,WB,1,1,No,CD4_N,37.43
C,5,7,1,centr,WB,1,1,No,CD8_N,35.37
C,5,7,1,centr,WB,1,1,No,CD3_CM,41.17
C,5,7,1,centr,WB,1,1,No,CD4_CM,52.5
C,5,7,1,centr,WB,1,1,No,CD8_CM,20.57
C,5,7,1,centr,WB,1,1,No,CD3_EM,16.74
C,5,7,1,centr,WB,1,1,No,CD4_EM,9.91
C,5,7,1,centr,WB,1,1,No,CD8_EM,27.62
C,5,7,1,centr,WB,1,1,No,CD3_TD,6.34
C,5,7,1,centr,WB,1,1,No,CD4_TD,0.17
C,5,7,1,centr,WB,1,1,No,CD8_TD,16.44
C,5,7,1,centr,WB,1,2,No,CD3,57.09
C,5,7,1,centr,WB,1,2,No,CD4,63.19
C,5,7,1,centr,WB,1,2,No,CD8,33.82
C,5,7,1,centr,WB,1,2,No,CD3_N,37.29
C,5,7,1,centr,WB,1,2,No,CD4_N,39.45
C,5,7,1,centr,WB,1,2,No,CD8_N,36.39
C,5,7,1,centr,WB,1,2,No,CD3_CM,39.3
C,5,7,1,centr,WB,1,2,No,CD4_CM,49.97
C,5,7,1,centr,WB,1,2,No,CD8_CM,19.78
C,5,7,1,centr,WB,1,2,No,CD3_EM,16.81
C,5,7,1,centr,WB,1,2,No,CD4_EM,10.38
C,5,7,1,centr,WB,1,2,No,CD8_EM,27.03
C,5,7,1,centr,WB,1,2,No,CD3_TD,6.6
C,5,7,1,centr,WB,1,2,No,CD4_TD,0.2
C,5,7,1,centr,WB,1,2,No,CD8_TD,16.8
C,5,7,1,centr,WB,1,3,No,CD3,57.08
C,5,7,1,centr,WB,1,3,No,CD4,63.49
C,5,7,1,centr,WB,1,3,No,CD8,33.64
C,5,7,1,centr,WB,1,3,No,CD3_N,37.7
C,5,7,1,centr,WB,1,3,No,CD4_N,38.64
C,5,7,1,centr,WB,1,3,No,CD8_N,36.77
C,5,7,1,centr,WB,1,3,No,CD3_CM,39.48
C,5,7,1,centr,WB,1,3,No,CD4_CM,51.25
C,5,7,1,centr,WB,1,3,No,CD8_CM,19.94
C,5,7,1,centr,WB,1,3,No,CD3_EM,16.1
C,5,7,1,centr,WB,1,3,No,CD4_EM,9.9
C,5,7,1,centr,WB,1,3,No,CD8_EM,26.29
C,5,7,1,centr,WB,1,3,No,CD3_TD,6.73
C,5,7,1,centr,WB,1,3,No,CD4_TD,0.22
C,5,7,1,centr,WB,1,3,No,CD8_TD,17
C,5,7,1,centr,WB,2,1,No,CD3,66.39
C,5,7,1,centr,WB,2,1,No,CD4,68.14
C,5,7,1,centr,WB,2,1,No,CD8,25.67
C,5,7,1,centr,WB,2,1,No,CD3_N,15.91
C,5,7,1,centr,WB,2,1,No,CD4_N,18.26
C,5,7,1,centr,WB,2,1,No,CD8_N,15.4
C,5,7,1,centr,WB,2,1,No,CD3_CM,45.26
C,5,7,1,centr,WB,2,1,No,CD4_CM,54.67
C,5,7,1,centr,WB,2,1,No,CD8_CM,25.22
C,5,7,1,centr,WB,2,1,No,CD3_EM,27.59
C,5,7,1,centr,WB,2,1,No,CD4_EM,24.09
C,5,7,1,centr,WB,2,1,No,CD8_EM,30.29
C,5,7,1,centr,WB,2,1,No,CD3_TD,11.25
C,5,7,1,centr,WB,2,1,No,CD4_TD,2.99
C,5,7,1,centr,WB,2,1,No,CD8_TD,29.09
C,5,7,1,centr,WB,2,2,No,CD3,66.56
C,5,7,1,centr,WB,2,2,No,CD4,68.34
C,5,7,1,centr,WB,2,2,No,CD8,25.62
C,5,7,1,centr,WB,2,2,No,CD3_N,17.06
C,5,7,1,centr,WB,2,2,No,CD4_N,18.61
C,5,7,1,centr,WB,2,2,No,CD8_N,15.74
C,5,7,1,centr,WB,2,2,No,CD3_CM,43.33
C,5,7,1,centr,WB,2,2,No,CD4_CM,53.51
C,5,7,1,centr,WB,2,2,No,CD8_CM,24.01
C,5,7,1,centr,WB,2,2,No,CD3_EM,28.14
C,5,7,1,centr,WB,2,2,No,CD4_EM,24.51
C,5,7,1,centr,WB,2,2,No,CD8_EM,31.53
C,5,7,1,centr,WB,2,2,No,CD3_TD,11.46
C,5,7,1,centr,WB,2,2,No,CD4_TD,3.36
C,5,7,1,centr,WB,2,2,No,CD8_TD,28.72
C,5,7,1,centr,WB,2,3,No,CD3,65.99
C,5,7,1,centr,WB,2,3,No,CD4,68.22
C,5,7,1,centr,WB,2,3,No,CD8,25.63
C,5,7,1,centr,WB,2,3,No,CD3_N,15.82
C,5,7,1,centr,WB,2,3,No,CD4_N,18.96
C,5,7,1,centr,WB,2,3,No,CD8_N,15.71
C,5,7,1,centr,WB,2,3,No,CD3_CM,46.18
C,5,7,1,centr,WB,2,3,No,CD4_CM,55.1
C,5,7,1,centr,WB,2,3,No,CD8_CM,24.72
C,5,7,1,centr,WB,2,3,No,CD3_EM,25.92
C,5,7,1,centr,WB,2,3,No,CD4_EM,22.23
C,5,7,1,centr,WB,2,3,No,CD8_EM,30.16
C,5,7,1,centr,WB,2,3,No,CD3_TD,12.07
C,5,7,1,centr,WB,2,3,No,CD4_TD,3.71
C,5,7,1,centr,WB,2,3,No,CD8_TD,29.42
C,5,7,1,centr,WB,3,1,No,CD3,57.95
C,5,7,1,centr,WB,3,1,No,CD4,64.96
C,5,7,1,centr,WB,3,1,No,CD8,28.93
C,5,7,1,centr,WB,3,1,No,CD3_N,21.31
C,5,7,1,centr,WB,3,1,No,CD4_N,15.21
C,5,7,1,centr,WB,3,1,No,CD8_N,34.68
C,5,7,1,centr,WB,3,1,No,CD3_CM,45.59
C,5,7,1,centr,WB,3,1,No,CD4_CM,61.74
C,5,7,1,centr,WB,3,1,No,CD8_CM,16.28
C,5,7,1,centr,WB,3,1,No,CD3_EM,15.12
C,5,7,1,centr,WB,3,1,No,CD4_EM,15.39
C,5,7,1,centr,WB,3,1,No,CD8_EM,16.27
C,5,7,1,centr,WB,3,1,No,CD3_TD,17.98
C,5,7,1,centr,WB,3,1,No,CD4_TD,7.66
C,5,7,1,centr,WB,3,1,No,CD8_TD,32.76
C,5,7,1,centr,WB,3,2,No,CD3,57.69
C,5,7,1,centr,WB,3,2,No,CD4,64.52
C,5,7,1,centr,WB,3,2,No,CD8,28.85
C,5,7,1,centr,WB,3,2,No,CD3_N,20.66
C,5,7,1,centr,WB,3,2,No,CD4_N,16.73
C,5,7,1,centr,WB,3,2,No,CD8_N,33.03
C,5,7,1,centr,WB,3,2,No,CD3_CM,44.64
C,5,7,1,centr,WB,3,2,No,CD4_CM,59.6
C,5,7,1,centr,WB,3,2,No,CD8_CM,18.6
C,5,7,1,centr,WB,3,2,No,CD3_EM,15.92
C,5,7,1,centr,WB,3,2,No,CD4_EM,15.47
C,5,7,1,centr,WB,3,2,No,CD8_EM,18.32
C,5,7,1,centr,WB,3,2,No,CD3_TD,18.78
C,5,7,1,centr,WB,3,2,No,CD4_TD,8.2
C,5,7,1,centr,WB,3,2,No,CD8_TD,30.04
C,5,7,1,centr,WB,3,3,No,CD3,56.74
C,5,7,1,centr,WB,3,3,No,CD4,64.04
C,5,7,1,centr,WB,3,3,No,CD8,29.1
C,5,7,1,centr,WB,3,3,No,CD3_N,17.34
C,5,7,1,centr,WB,3,3,No,CD4_N,12.7
C,5,7,1,centr,WB,3,3,No,CD8_N,29.07
C,5,7,1,centr,WB,3,3,No,CD3_CM,46.88
C,5,7,1,centr,WB,3,3,No,CD4_CM,65.24
C,5,7,1,centr,WB,3,3,No,CD8_CM,22.17
C,5,7,1,centr,WB,3,3,No,CD3_EM,16.48
C,5,7,1,centr,WB,3,3,No,CD4_EM,13.48
C,5,7,1,centr,WB,3,3,No,CD8_EM,21.28
C,5,7,1,centr,WB,3,3,No,CD3_TD,19.29
C,5,7,1,centr,WB,3,3,No,CD4_TD,8.58
C,5,7,1,centr,WB,3,3,No,CD8_TD,27.48
C,5,7,1,local,PBMC,1,1,No,CD3,76.438
C,5,7,1,local,PBMC,1,1,No,CD4,51.618
C,5,7,1,local,PBMC,1,1,No,CD8,44.068
C,5,7,1,local,PBMC,1,1,No,CD3_N,14.901
C,5,7,1,local,PBMC,1,1,No,CD4_N,23.583
C,5,7,1,local,PBMC,1,1,No,CD8_N,5.156
C,5,7,1,local,PBMC,1,1,No,CD3_CM,29.88
C,5,7,1,local,PBMC,1,1,No,CD4_CM,47.004
C,5,7,1,local,PBMC,1,1,No,CD8_CM,10.135
C,5,7,1,local,PBMC,1,1,No,CD3_EM,32.475
C,5,7,1,local,PBMC,1,1,No,CD4_EM,27.409
C,5,7,1,local,PBMC,1,1,No,CD8_EM,42.206
C,5,7,1,local,PBMC,1,1,No,CD3_TD,22.745
C,5,7,1,local,PBMC,1,1,No,CD4_TD,2.004
C,5,7,1,local,PBMC,1,1,No,CD8_TD,42.503
C,5,7,1,local,PBMC,1,2,No,CD3,75.41
C,5,7,1,local,PBMC,1,2,No,CD4,48.35
C,5,7,1,local,PBMC,1,2,No,CD8,46.98
C,5,7,1,local,PBMC,1,2,No,CD3_N,14.25
C,5,7,1,local,PBMC,1,2,No,CD4_N,22.53
C,5,7,1,local,PBMC,1,2,No,CD8_N,6.68
C,5,7,1,local,PBMC,1,2,No,CD3_CM,26.42
C,5,7,1,local,PBMC,1,2,No,CD4_CM,43.79
C,5,7,1,local,PBMC,1,2,No,CD8_CM,10.85
C,5,7,1,local,PBMC,1,2,No,CD3_EM,34.37
C,5,7,1,local,PBMC,1,2,No,CD4_EM,31.38
C,5,7,1,local,PBMC,1,2,No,CD8_EM,38.62
C,5,7,1,local,PBMC,1,2,No,CD3_TD,24.97
C,5,7,1,local,PBMC,1,2,No,CD4_TD,2.31
C,5,7,1,local,PBMC,1,2,No,CD8_TD,43.86
C,5,7,1,local,PBMC,1,3,No,CD3,73.81
C,5,7,1,local,PBMC,1,3,No,CD4,47.06
C,5,7,1,local,PBMC,1,3,No,CD8,48.3
C,5,7,1,local,PBMC,1,3,No,CD3_N,12.87
C,5,7,1,local,PBMC,1,3,No,CD4_N,20.84
C,5,7,1,local,PBMC,1,3,No,CD8_N,6.07
C,5,7,1,local,PBMC,1,3,No,CD3_CM,25.39
C,5,7,1,local,PBMC,1,3,No,CD4_CM,43.87
C,5,7,1,local,PBMC,1,3,No,CD8_CM,10.04
C,5,7,1,local,PBMC,1,3,No,CD3_EM,38.53
C,5,7,1,local,PBMC,1,3,No,CD4_EM,33.32
C,5,7,1,local,PBMC,1,3,No,CD8_EM,45.05
C,5,7,1,local,PBMC,1,3,No,CD3_TD,23.22
C,5,7,1,local,PBMC,1,3,No,CD4_TD,1.97
C,5,7,1,local,PBMC,1,3,No,CD8_TD,38.84
C,5,7,1,local,PBMC,2,1,No,CD3,87.77
C,5,7,1,local,PBMC,2,1,No,CD4,44.68
C,5,7,1,local,PBMC,2,1,No,CD8,52.6
C,5,7,1,local,PBMC,2,1,No,CD3_N,7.09
C,5,7,1,local,PBMC,2,1,No,CD4_N,9.45
C,5,7,1,local,PBMC,2,1,No,CD8_N,4.14
C,5,7,1,local,PBMC,2,1,No,CD3_CM,23.4
C,5,7,1,local,PBMC,2,1,No,CD4_CM,39.89
C,5,7,1,local,PBMC,2,1,No,CD8_CM,10.26
C,5,7,1,local,PBMC,2,1,No,CD3_EM,32.83
C,5,7,1,local,PBMC,2,1,No,CD4_EM,48.83
C,5,7,1,local,PBMC,2,1,No,CD8_EM,19.23
C,5,7,1,local,PBMC,2,1,No,CD3_TD,36.68
C,5,7,1,local,PBMC,2,1,No,CD4_TD,1.83
C,5,7,1,local,PBMC,2,1,No,CD8_TD,66.37
C,5,7,1,local,PBMC,2,2,No,CD3,85.54
C,5,7,1,local,PBMC,2,2,No,CD4,45.83
C,5,7,1,local,PBMC,2,2,No,CD8,51.41
C,5,7,1,local,PBMC,2,2,No,CD3_N,9.01
C,5,7,1,local,PBMC,2,2,No,CD4_N,12.06
C,5,7,1,local,PBMC,2,2,No,CD8_N,7.84
C,5,7,1,local,PBMC,2,2,No,CD3_CM,20.24
C,5,7,1,local,PBMC,2,2,No,CD4_CM,34.75
C,5,7,1,local,PBMC,2,2,No,CD8_CM,8.12
C,5,7,1,local,PBMC,2,2,No,CD3_EM,30.64
C,5,7,1,local,PBMC,2,2,No,CD4_EM,50.37
C,5,7,1,local,PBMC,2,2,No,CD8_EM,12.51
C,5,7,1,local,PBMC,2,2,No,CD3_TD,40.11
C,5,7,1,local,PBMC,2,2,No,CD4_TD,2.82
C,5,7,1,local,PBMC,2,2,No,CD8_TD,71.53
C,5,7,1,local,PBMC,2,3,No,CD3,83.87
C,5,7,1,local,PBMC,2,3,No,CD4,39.56
C,5,7,1,local,PBMC,2,3,No,CD8,57.54
C,5,7,1,local,PBMC,2,3,No,CD3_N,5.06
C,5,7,1,local,PBMC,2,3,No,CD4_N,5.38
C,5,7,1,local,PBMC,2,3,No,CD8_N,4.4
C,5,7,1,local,PBMC,2,3,No,CD3_CM,18.01
C,5,7,1,local,PBMC,2,3,No,CD4_CM,31.97
C,5,7,1,local,PBMC,2,3,No,CD8_CM,10.22
C,5,7,1,local,PBMC,2,3,No,CD3_EM,39.73
C,5,7,1,local,PBMC,2,3,No,CD4_EM,61.29
C,5,7,1,local,PBMC,2,3,No,CD8_EM,23.72
C,5,7,1,local,PBMC,2,3,No,CD3_TD,37.2
C,5,7,1,local,PBMC,2,3,No,CD4_TD,1.35
C,5,7,1,local,PBMC,2,3,No,CD8_TD,61.66
C,5,7,1,local,PBMC,3,1,No,CD3,75.17
C,5,7,1,local,PBMC,3,1,No,CD4,55.06
C,5,7,1,local,PBMC,3,1,No,CD8,37.77
C,5,7,1,local,PBMC,3,1,No,CD3_N,18.88
C,5,7,1,local,PBMC,3,1,No,CD4_N,25.78
C,5,7,1,local,PBMC,3,1,No,CD8_N,10.55
C,5,7,1,local,PBMC,3,1,No,CD3_CM,34.54
C,5,7,1,local,PBMC,3,1,No,CD4_CM,53.18
C,5,7,1,local,PBMC,3,1,No,CD8_CM,12.2
C,5,7,1,local,PBMC,3,1,No,CD3_EM,22.37
C,5,7,1,local,PBMC,3,1,No,CD4_EM,20.85
C,5,7,1,local,PBMC,3,1,No,CD8_EM,23.85
C,5,7,1,local,PBMC,3,1,No,CD3_TD,24.21
C,5,7,1,local,PBMC,3,1,No,CD4_TD,0.2
C,5,7,1,local,PBMC,3,1,No,CD8_TD,53.4
C,5,7,1,local,PBMC,3,2,No,CD3,75.14
C,5,7,1,local,PBMC,3,2,No,CD4,52.04
C,5,7,1,local,PBMC,3,2,No,CD8,40.64
C,5,7,1,local,PBMC,3,2,No,CD3_N,19.11
C,5,7,1,local,PBMC,3,2,No,CD4_N,27.34
C,5,7,1,local,PBMC,3,2,No,CD8_N,11.07
C,5,7,1,local,PBMC,3,2,No,CD3_CM,30.08
C,5,7,1,local,PBMC,3,2,No,CD4_CM,47.7
C,5,7,1,local,PBMC,3,2,No,CD8_CM,11.24
C,5,7,1,local,PBMC,3,2,No,CD3_EM,22.95
C,5,7,1,local,PBMC,3,2,No,CD4_EM,24.68
C,5,7,1,local,PBMC,3,2,No,CD8_EM,20.53
C,5,7,1,local,PBMC,3,2,No,CD3_TD,27.86
C,5,7,1,local,PBMC,3,2,No,CD4_TD,0.29
C,5,7,1,local,PBMC,3,2,No,CD8_TD,57.16
C,5,7,1,local,PBMC,3,3,No,CD3,74.01
C,5,7,1,local,PBMC,3,3,No,CD4,49.24
C,5,7,1,local,PBMC,3,3,No,CD8,43.18
C,5,7,1,local,PBMC,3,3,No,CD3_N,14.27
C,5,7,1,local,PBMC,3,3,No,CD4_N,19.31
C,5,7,1,local,PBMC,3,3,No,CD8_N,9.7
C,5,7,1,local,PBMC,3,3,No,CD3_CM,30.51
C,5,7,1,local,PBMC,3,3,No,CD4_CM,51.7
C,5,7,1,local,PBMC,3,3,No,CD8_CM,11.44
C,5,7,1,local,PBMC,3,3,No,CD3_EM,28.21
C,5,7,1,local,PBMC,3,3,No,CD4_EM,28.8
C,5,7,1,local,PBMC,3,3,No,CD8_EM,25.96
C,5,7,1,local,PBMC,3,3,No,CD3_TD,27
C,5,7,1,local,PBMC,3,3,No,CD4_TD,0.19
C,5,7,1,local,PBMC,3,3,No,CD8_TD,52.9
C,5,7,1,local,WB,1,1,No,CD3,57.55
C,5,7,1,local,WB,1,1,No,CD4,63.33
C,5,7,1,local,WB,1,1,No,CD8,33.55
C,5,7,1,local,WB,1,1,No,CD3_N,35.32
C,5,7,1,local,WB,1,1,No,CD4_N,36.19
C,5,7,1,local,WB,1,1,No,CD8_N,35.05
C,5,7,1,local,WB,1,1,No,CD3_CM,41.83
C,5,7,1,local,WB,1,1,No,CD4_CM,53.38
C,5,7,1,local,WB,1,1,No,CD8_CM,20.66
C,5,7,1,local,WB,1,1,No,CD3_EM,16.44
C,5,7,1,local,WB,1,1,No,CD4_EM,10.26
C,5,7,1,local,WB,1,1,No,CD8_EM,29.43
C,5,7,1,local,WB,1,1,No,CD3_TD,6.41
C,5,7,1,local,WB,1,1,No,CD4_TD,0.17
C,5,7,1,local,WB,1,1,No,CD8_TD,14.86
C,5,7,1,local,WB,1,2,No,CD3,57.63
C,5,7,1,local,WB,1,2,No,CD4,63.21
C,5,7,1,local,WB,1,2,No,CD8,33.63
C,5,7,1,local,WB,1,2,No,CD3_N,36.31
C,5,7,1,local,WB,1,2,No,CD4_N,37.33
C,5,7,1,local,WB,1,2,No,CD8_N,35.81
C,5,7,1,local,WB,1,2,No,CD3_CM,40.61
C,5,7,1,local,WB,1,2,No,CD4_CM,51.69
C,5,7,1,local,WB,1,2,No,CD8_CM,20.05
C,5,7,1,local,WB,1,2,No,CD3_EM,16.7
C,5,7,1,local,WB,1,2,No,CD4_EM,10.78
C,5,7,1,local,WB,1,2,No,CD8_EM,29.29
C,5,7,1,local,WB,1,2,No,CD3_TD,6.38
C,5,7,1,local,WB,1,2,No,CD4_TD,0.2
C,5,7,1,local,WB,1,2,No,CD8_TD,14.86
C,5,7,1,local,WB,1,3,No,CD3,57.63
C,5,7,1,local,WB,1,3,No,CD4,63.48
C,5,7,1,local,WB,1,3,No,CD8,33.41
C,5,7,1,local,WB,1,3,No,CD3_N,36.98
C,5,7,1,local,WB,1,3,No,CD4_N,38.06
C,5,7,1,local,WB,1,3,No,CD8_N,36.15
C,5,7,1,local,WB,1,3,No,CD3_CM,40.47
C,5,7,1,local,WB,1,3,No,CD4_CM,51.43
C,5,7,1,local,WB,1,3,No,CD8_CM,20.24
C,5,7,1,local,WB,1,3,No,CD3_EM,15.9
C,5,7,1,local,WB,1,3,No,CD4_EM,10.28
C,5,7,1,local,WB,1,3,No,CD8_EM,28.47
C,5,7,1,local,WB,1,3,No,CD3_TD,6.66
C,5,7,1,local,WB,1,3,No,CD4_TD,0.23
C,5,7,1,local,WB,1,3,No,CD8_TD,15.14
C,5,7,1,local,WB,2,1,No,CD3,66.76
C,5,7,1,local,WB,2,1,No,CD4,68.15
C,5,7,1,local,WB,2,1,No,CD8,25.19
C,5,7,1,local,WB,2,1,No,CD3_N,15.27
C,5,7,1,local,WB,2,1,No,CD4_N,15.99
C,5,7,1,local,WB,2,1,No,CD8_N,15.86
C,5,7,1,local,WB,2,1,No,CD3_CM,45.98
C,5,7,1,local,WB,2,1,No,CD4_CM,56.71
C,5,7,1,local,WB,2,1,No,CD8_CM,25.12
C,5,7,1,local,WB,2,1,No,CD3_EM,28.11
C,5,7,1,local,WB,2,1,No,CD4_EM,25.01
C,5,7,1,local,WB,2,1,No,CD8_EM,29.36
C,5,7,1,local,WB,2,1,No,CD3_TD,10.64
C,5,7,1,local,WB,2,1,No,CD4_TD,2.29
C,5,7,1,local,WB,2,1,No,CD8_TD,29.66
C,5,7,1,local,WB,2,2,No,CD3,66.95
C,5,7,1,local,WB,2,2,No,CD4,68.32
C,5,7,1,local,WB,2,2,No,CD8,25.14
C,5,7,1,local,WB,2,2,No,CD3_N,15.68
C,5,7,1,local,WB,2,2,No,CD4_N,16.39
C,5,7,1,local,WB,2,2,No,CD8_N,16.37
C,5,7,1,local,WB,2,2,No,CD3_CM,44.83
C,5,7,1,local,WB,2,2,No,CD4_CM,55.53
C,5,7,1,local,WB,2,2,No,CD8_CM,23.84
C,5,7,1,local,WB,2,2,No,CD3_EM,28.82
C,5,7,1,local,WB,2,2,No,CD4_EM,25.56
C,5,7,1,local,WB,2,2,No,CD8_EM,30.7
C,5,7,1,local,WB,2,2,No,CD3_TD,10.67
C,5,7,1,local,WB,2,2,No,CD4_TD,2.52
C,5,7,1,local,WB,2,2,No,CD8_TD,29.08
C,5,7,1,local,WB,2,3,No,CD3,66.26
C,5,7,1,local,WB,2,3,No,CD4,68.21
C,5,7,1,local,WB,2,3,No,CD8,25.19
C,5,7,1,local,WB,2,3,No,CD3_N,15.38
C,5,7,1,local,WB,2,3,No,CD4_N,15.9
C,5,7,1,local,WB,2,3,No,CD8_N,16.29
C,5,7,1,local,WB,2,3,No,CD3_CM,46.66
C,5,7,1,local,WB,2,3,No,CD4_CM,57.96
C,5,7,1,local,WB,2,3,No,CD8_CM,24.34
C,5,7,1,local,WB,2,3,No,CD3_EM,26.87
C,5,7,1,local,WB,2,3,No,CD4_EM,23.54
C,5,7,1,local,WB,2,3,No,CD8_EM,29.19
C,5,7,1,local,WB,2,3,No,CD3_TD,11.09
C,5,7,1,local,WB,2,3,No,CD4_TD,2.6
C,5,7,1,local,WB,2,3,No,CD8_TD,30.18
C,5,7,1,local,WB,3,1,No,CD3,58
C,5,7,1,local,WB,3,1,No,CD4,65.02
C,5,7,1,local,WB,3,1,No,CD8,28.6
C,5,7,1,local,WB,3,1,No,CD3_N,19.97
C,5,7,1,local,WB,3,1,No,CD4_N,15.21
C,5,7,1,local,WB,3,1,No,CD8_N,33.45
C,5,7,1,local,WB,3,1,No,CD3_CM,45.5
C,5,7,1,local,WB,3,1,No,CD4_CM,60.05
C,5,7,1,local,WB,3,1,No,CD8_CM,18.17
C,5,7,1,local,WB,3,1,No,CD3_EM,16.87
C,5,7,1,local,WB,3,1,No,CD4_EM,17.05
C,5,7,1,local,WB,3,1,No,CD8_EM,17.94
C,5,7,1,local,WB,3,1,No,CD3_TD,17.66
C,5,7,1,local,WB,3,1,No,CD4_TD,7.69
C,5,7,1,local,WB,3,1,No,CD8_TD,30.44
C,5,7,1,local,WB,3,2,No,CD3,58.3
C,5,7,1,local,WB,3,2,No,CD4,64.96
C,5,7,1,local,WB,3,2,No,CD8,28.53
C,5,7,1,local,WB,3,2,No,CD3_N,19.86
C,5,7,1,local,WB,3,2,No,CD4_N,15.1
C,5,7,1,local,WB,3,2,No,CD8_N,33.28
C,5,7,1,local,WB,3,2,No,CD3_CM,45.12
C,5,7,1,local,WB,3,2,No,CD4_CM,59.68
C,5,7,1,local,WB,3,2,No,CD8_CM,17.85
C,5,7,1,local,WB,3,2,No,CD3_EM,17
C,5,7,1,local,WB,3,2,No,CD4_EM,17.19
C,5,7,1,local,WB,3,2,No,CD8_EM,18.28
C,5,7,1,local,WB,3,2,No,CD3_TD,18.01
C,5,7,1,local,WB,3,2,No,CD4_TD,8.03
C,5,7,1,local,WB,3,2,No,CD8_TD,30.6
C,5,7,1,local,WB,3,3,No,CD3,56.79
C,5,7,1,local,WB,3,3,No,CD4,64.09
C,5,7,1,local,WB,3,3,No,CD8,28.78
C,5,7,1,local,WB,3,3,No,CD3_N,17.84
C,5,7,1,local,WB,3,3,No,CD4_N,14.85
C,5,7,1,local,WB,3,3,No,CD8_N,28
C,5,7,1,local,WB,3,3,No,CD3_CM,46.53
C,5,7,1,local,WB,3,3,No,CD4_CM,61.28
C,5,7,1,local,WB,3,3,No,CD8_CM,20.35
C,5,7,1,local,WB,3,3,No,CD3_EM,16.22
C,5,7,1,local,WB,3,3,No,CD4_EM,15
C,5,7,1,local,WB,3,3,No,CD8_EM,21.74
C,5,7,1,local,WB,3,3,No,CD3_TD,19.42
C,5,7,1,local,WB,3,3,No,CD4_TD,8.88
C,5,7,1,local,WB,3,3,No,CD8_TD,29.91
D,4,4,1,centr,PBMC,1,1,No,CD3,77.31
D,4,4,1,centr,PBMC,1,1,No,CD4,50.42
D,4,4,1,centr,PBMC,1,1,No,CD8,44.49
D,4,4,1,centr,PBMC,1,1,No,CD3_N,20.82
D,4,4,1,centr,PBMC,1,1,No,CD4_N,25.81
D,4,4,1,centr,PBMC,1,1,No,CD8_N,17.11
D,4,4,1,centr,PBMC,1,1,No,CD3_CM,36.27
D,4,4,1,centr,PBMC,1,1,No,CD4_CM,53.01
D,4,4,1,centr,PBMC,1,1,No,CD8_CM,20.97
D,4,4,1,centr,PBMC,1,1,No,CD3_EM,23.52
D,4,4,1,centr,PBMC,1,1,No,CD4_EM,18.8
D,4,4,1,centr,PBMC,1,1,No,CD8_EM,25.08
D,4,4,1,centr,PBMC,1,1,No,CD3_TD,19.39
D,4,4,1,centr,PBMC,1,1,No,CD4_TD,2.38
D,4,4,1,centr,PBMC,1,1,No,CD8_TD,36.85
D,4,4,1,centr,PBMC,1,2,No,CD3,74.8
D,4,4,1,centr,PBMC,1,2,No,CD4,52.2
D,4,4,1,centr,PBMC,1,2,No,CD8,43.42
D,4,4,1,centr,PBMC,1,2,No,CD3_N,15.95
D,4,4,1,centr,PBMC,1,2,No,CD4_N,26.44
D,4,4,1,centr,PBMC,1,2,No,CD8_N,6
D,4,4,1,centr,PBMC,1,2,No,CD3_CM,28.3
D,4,4,1,centr,PBMC,1,2,No,CD4_CM,44.73
D,4,4,1,centr,PBMC,1,2,No,CD8_CM,9.06
D,4,4,1,centr,PBMC,1,2,No,CD3_EM,35.14
D,4,4,1,centr,PBMC,1,2,No,CD4_EM,26.82
D,4,4,1,centr,PBMC,1,2,No,CD8_EM,44.4
D,4,4,1,centr,PBMC,1,2,No,CD3_TD,20.62
D,4,4,1,centr,PBMC,1,2,No,CD4_TD,2.01
D,4,4,1,centr,PBMC,1,2,No,CD8_TD,40.54
D,4,4,1,centr,PBMC,1,3,No,CD3,73.59
D,4,4,1,centr,PBMC,1,3,No,CD4,50.46
D,4,4,1,centr,PBMC,1,3,No,CD8,45.05
D,4,4,1,centr,PBMC,1,3,No,CD3_N,18.98
D,4,4,1,centr,PBMC,1,3,No,CD4_N,27.27
D,4,4,1,centr,PBMC,1,3,No,CD8_N,11.06
D,4,4,1,centr,PBMC,1,3,No,CD3_CM,27.46
D,4,4,1,centr,PBMC,1,3,No,CD4_CM,39.18
D,4,4,1,centr,PBMC,1,3,No,CD8_CM,9.42
D,4,4,1,centr,PBMC,1,3,No,CD3_EM,25.37
D,4,4,1,centr,PBMC,1,3,No,CD4_EM,29.83
D,4,4,1,centr,PBMC,1,3,No,CD8_EM,26.99
D,4,4,1,centr,PBMC,1,3,No,CD3_TD,28.2
D,4,4,1,centr,PBMC,1,3,No,CD4_TD,3.72
D,4,4,1,centr,PBMC,1,3,No,CD8_TD,52.53
D,4,4,1,centr,PBMC,2,1,No,CD3,86.31
D,4,4,1,centr,PBMC,2,1,No,CD4,43.57
D,4,4,1,centr,PBMC,2,1,No,CD8,53.18
D,4,4,1,centr,PBMC,2,1,No,CD3_N,15.55
D,4,4,1,centr,PBMC,2,1,No,CD4_N,11.8
D,4,4,1,centr,PBMC,2,1,No,CD8_N,19.57
D,4,4,1,centr,PBMC,2,1,No,CD3_CM,24.87
D,4,4,1,centr,PBMC,2,1,No,CD4_CM,44.21
D,4,4,1,centr,PBMC,2,1,No,CD8_CM,9.92
D,4,4,1,centr,PBMC,2,1,No,CD3_EM,24.55
D,4,4,1,centr,PBMC,2,1,No,CD4_EM,40.48
D,4,4,1,centr,PBMC,2,1,No,CD8_EM,8.15
D,4,4,1,centr,PBMC,2,1,No,CD3_TD,35.04
D,4,4,1,centr,PBMC,2,1,No,CD4_TD,3.51
D,4,4,1,centr,PBMC,2,1,No,CD8_TD,62.36
D,4,4,1,centr,PBMC,2,2,No,CD3,84.45
D,4,4,1,centr,PBMC,2,2,No,CD4,42.4
D,4,4,1,centr,PBMC,2,2,No,CD8,55.08
D,4,4,1,centr,PBMC,2,2,No,CD3_N,6.11
D,4,4,1,centr,PBMC,2,2,No,CD4_N,9.53
D,4,4,1,centr,PBMC,2,2,No,CD8_N,4.25
D,4,4,1,centr,PBMC,2,2,No,CD3_CM,17.04
D,4,4,1,centr,PBMC,2,2,No,CD4_CM,31
D,4,4,1,centr,PBMC,2,2,No,CD8_CM,6.34
D,4,4,1,centr,PBMC,2,2,No,CD3_EM,34.9
D,4,4,1,centr,PBMC,2,2,No,CD4_EM,55.97
D,4,4,1,centr,PBMC,2,2,No,CD8_EM,16.76
D,4,4,1,centr,PBMC,2,2,No,CD3_TD,41.95
D,4,4,1,centr,PBMC,2,2,No,CD4_TD,3.5
D,4,4,1,centr,PBMC,2,2,No,CD8_TD,72.65
D,4,4,1,centr,PBMC,2,3,No,CD3,83.11
D,4,4,1,centr,PBMC,2,3,No,CD4,40.44
D,4,4,1,centr,PBMC,2,3,No,CD8,57.05
D,4,4,1,centr,PBMC,2,3,No,CD3_N,15.73
D,4,4,1,centr,PBMC,2,3,No,CD4_N,12.52
D,4,4,1,centr,PBMC,2,3,No,CD8_N,18.67
D,4,4,1,centr,PBMC,2,3,No,CD3_CM,19.25
D,4,4,1,centr,PBMC,2,3,No,CD4_CM,33.15
D,4,4,1,centr,PBMC,2,3,No,CD8_CM,5.84
D,4,4,1,centr,PBMC,2,3,No,CD3_EM,22.53
D,4,4,1,centr,PBMC,2,3,No,CD4_EM,46.6
D,4,4,1,centr,PBMC,2,3,No,CD8_EM,7.5
D,4,4,1,centr,PBMC,2,3,No,CD3_TD,42.49
D,4,4,1,centr,PBMC,2,3,No,CD4_TD,7.73
D,4,4,1,centr,PBMC,2,3,No,CD8_TD,67.98
D,4,4,1,centr,PBMC,3,1,No,CD3,74.07
D,4,4,1,centr,PBMC,3,1,No,CD4,48.65
D,4,4,1,centr,PBMC,3,1,No,CD8,43.4
D,4,4,1,centr,PBMC,3,1,No,CD3_N,19.88
D,4,4,1,centr,PBMC,3,1,No,CD4_N,29.76
D,4,4,1,centr,PBMC,3,1,No,CD8_N,13.8
D,4,4,1,centr,PBMC,3,1,No,CD3_CM,29.48
D,4,4,1,centr,PBMC,3,1,No,CD4_CM,48.67
D,4,4,1,centr,PBMC,3,1,No,CD8_CM,12.31
D,4,4,1,centr,PBMC,3,1,No,CD3_EM,21.53
D,4,4,1,centr,PBMC,3,1,No,CD4_EM,21.15
D,4,4,1,centr,PBMC,3,1,No,CD8_EM,16.83
D,4,4,1,centr,PBMC,3,1,No,CD3_TD,29.12
D,4,4,1,centr,PBMC,3,1,No,CD4_TD,0.42
D,4,4,1,centr,PBMC,3,1,No,CD8_TD,57.07
D,4,4,1,centr,PBMC,3,2,No,CD3,73.55
D,4,4,1,centr,PBMC,3,2,No,CD4,54.85
D,4,4,1,centr,PBMC,3,2,No,CD8,38.43
D,4,4,1,centr,PBMC,3,2,No,CD3_N,17.56
D,4,4,1,centr,PBMC,3,2,No,CD4_N,25.84
D,4,4,1,centr,PBMC,3,2,No,CD8_N,11.14
D,4,4,1,centr,PBMC,3,2,No,CD3_CM,31.98
D,4,4,1,centr,PBMC,3,2,No,CD4_CM,49.33
D,4,4,1,centr,PBMC,3,2,No,CD8_CM,9.08
D,4,4,1,centr,PBMC,3,2,No,CD3_EM,25.23
D,4,4,1,centr,PBMC,3,2,No,CD4_EM,24.6
D,4,4,1,centr,PBMC,3,2,No,CD8_EM,23.39
D,4,4,1,centr,PBMC,3,2,No,CD3_TD,25.23
D,4,4,1,centr,PBMC,3,2,No,CD4_TD,0.23
D,4,4,1,centr,PBMC,3,2,No,CD8_TD,56.39
D,4,4,1,centr,PBMC,3,3,No,CD3,71.77
D,4,4,1,centr,PBMC,3,3,No,CD4,46.64
D,4,4,1,centr,PBMC,3,3,No,CD8,45.37
D,4,4,1,centr,PBMC,3,3,No,CD3_N,18.92
D,4,4,1,centr,PBMC,3,3,No,CD4_N,27.86
D,4,4,1,centr,PBMC,3,3,No,CD8_N,12.49
D,4,4,1,centr,PBMC,3,3,No,CD3_CM,27.16
D,4,4,1,centr,PBMC,3,3,No,CD4_CM,41.48
D,4,4,1,centr,PBMC,3,3,No,CD8_CM,9.24
D,4,4,1,centr,PBMC,3,3,No,CD3_EM,19.96
D,4,4,1,centr,PBMC,3,3,No,CD4_EM,29.63
D,4,4,1,centr,PBMC,3,3,No,CD8_EM,15.32
D,4,4,1,centr,PBMC,3,3,No,CD3_TD,33.96
D,4,4,1,centr,PBMC,3,3,No,CD4_TD,1.04
D,4,4,1,centr,PBMC,3,3,No,CD8_TD,62.96
D,4,4,1,centr,WB,1,1,Yes,CD3,56.48
D,4,4,1,centr,WB,1,1,Yes,CD4,63.47
D,4,4,1,centr,WB,1,1,Yes,CD8,33.35
D,4,4,1,centr,WB,1,1,Yes,CD3_N,41.67
D,4,4,1,centr,WB,1,1,Yes,CD4_N,58.11
D,4,4,1,centr,WB,1,1,Yes,CD8_N,22.45
D,4,4,1,centr,WB,1,1,Yes,CD3_CM,18.44
D,4,4,1,centr,WB,1,1,Yes,CD4_CM,8.48
D,4,4,1,centr,WB,1,1,Yes,CD8_CM,23.52
D,4,4,1,centr,WB,1,1,Yes,CD3_EM,33.33
D,4,4,1,centr,WB,1,1,Yes,CD4_EM,33.28
D,4,4,1,centr,WB,1,1,Yes,CD8_EM,37.97
D,4,4,1,centr,WB,1,1,Yes,CD3_TD,6.56
D,4,4,1,centr,WB,1,1,Yes,CD4_TD,0.13
D,4,4,1,centr,WB,1,1,Yes,CD8_TD,16.06
D,4,4,1,centr,WB,1,2,No,CD3,52.28
D,4,4,1,centr,WB,1,2,No,CD4,61.83
D,4,4,1,centr,WB,1,2,No,CD8,34.95
D,4,4,1,centr,WB,1,2,No,CD3_N,31.36
D,4,4,1,centr,WB,1,2,No,CD4_N,31.44
D,4,4,1,centr,WB,1,2,No,CD8_N,33.13
D,4,4,1,centr,WB,1,2,No,CD3_CM,38.97
D,4,4,1,centr,WB,1,2,No,CD4_CM,52.87
D,4,4,1,centr,WB,1,2,No,CD8_CM,13.16
D,4,4,1,centr,WB,1,2,No,CD3_EM,21.76
D,4,4,1,centr,WB,1,2,No,CD4_EM,15.39
D,4,4,1,centr,WB,1,2,No,CD8_EM,34.12
D,4,4,1,centr,WB,1,2,No,CD3_TD,7.92
D,4,4,1,centr,WB,1,2,No,CD4_TD,0.3
D,4,4,1,centr,WB,1,2,No,CD8_TD,19.59
D,4,4,1,centr,WB,1,3,No,CD3,56.59
D,4,4,1,centr,WB,1,3,No,CD4,63.05
D,4,4,1,centr,WB,1,3,No,CD8,33.81
D,4,4,1,centr,WB,1,3,No,CD3_N,33.97
D,4,4,1,centr,WB,1,3,No,CD4_N,33.4
D,4,4,1,centr,WB,1,3,No,CD8_N,37.41
D,4,4,1,centr,WB,1,3,No,CD3_CM,41.27
D,4,4,1,centr,WB,1,3,No,CD4_CM,54.11
D,4,4,1,centr,WB,1,3,No,CD8_CM,19.21
D,4,4,1,centr,WB,1,3,No,CD3_EM,18.14
D,4,4,1,centr,WB,1,3,No,CD4_EM,12.32
D,4,4,1,centr,WB,1,3,No,CD8_EM,26.63
D,4,4,1,centr,WB,1,3,No,CD3_TD,6.62
D,4,4,1,centr,WB,1,3,No,CD4_TD,0.16
D,4,4,1,centr,WB,1,3,No,CD8_TD,16.75
D,4,4,1,centr,WB,2,1,No,CD3,65.82
D,4,4,1,centr,WB,2,1,No,CD4,68.1
D,4,4,1,centr,WB,2,1,No,CD8,25.27
D,4,4,1,centr,WB,2,1,No,CD3_N,16.21
D,4,4,1,centr,WB,2,1,No,CD4_N,17.25
D,4,4,1,centr,WB,2,1,No,CD8_N,15.76
D,4,4,1,centr,WB,2,1,No,CD3_CM,40.26
D,4,4,1,centr,WB,2,1,No,CD4_CM,50.22
D,4,4,1,centr,WB,2,1,No,CD8_CM,21.38
D,4,4,1,centr,WB,2,1,No,CD3_EM,32.82
D,4,4,1,centr,WB,2,1,No,CD4_EM,30
D,4,4,1,centr,WB,2,1,No,CD8_EM,34.33
D,4,4,1,centr,WB,2,1,No,CD3_TD,10.71
D,4,4,1,centr,WB,2,1,No,CD4_TD,2.53
D,4,4,1,centr,WB,2,1,No,CD8_TD,28.54
D,4,4,1,centr,WB,2,2,No,CD3,65.82
D,4,4,1,centr,WB,2,2,No,CD4,68.47
D,4,4,1,centr,WB,2,2,No,CD8,24.92
D,4,4,1,centr,WB,2,2,No,CD3_N,16.32
D,4,4,1,centr,WB,2,2,No,CD4_N,17.23
D,4,4,1,centr,WB,2,2,No,CD8_N,16.33
D,4,4,1,centr,WB,2,2,No,CD3_CM,40.65
D,4,4,1,centr,WB,2,2,No,CD4_CM,50.36
D,4,4,1,centr,WB,2,2,No,CD8_CM,21.85
D,4,4,1,centr,WB,2,2,No,CD3_EM,32.55
D,4,4,1,centr,WB,2,2,No,CD4_EM,30.02
D,4,4,1,centr,WB,2,2,No,CD8_EM,33.89
D,4,4,1,centr,WB,2,2,No,CD3_TD,10.48
D,4,4,1,centr,WB,2,2,No,CD4_TD,2.38
D,4,4,1,centr,WB,2,2,No,CD8_TD,27.93
D,4,4,1,centr,WB,2,3,No,CD3,66.06
D,4,4,1,centr,WB,2,3,No,CD4,68.18
D,4,4,1,centr,WB,2,3,No,CD8,25.3
D,4,4,1,centr,WB,2,3,No,CD3_N,16.24
D,4,4,1,centr,WB,2,3,No,CD4_N,17.19
D,4,4,1,centr,WB,2,3,No,CD8_N,16.06
D,4,4,1,centr,WB,2,3,No,CD3_CM,39.88
D,4,4,1,centr,WB,2,3,No,CD4_CM,49.74
D,4,4,1,centr,WB,2,3,No,CD8_CM,20.93
D,4,4,1,centr,WB,2,3,No,CD3_EM,33.18
D,4,4,1,centr,WB,2,3,No,CD4_EM,30.64
D,4,4,1,centr,WB,2,3,No,CD8_EM,34.54
D,4,4,1,centr,WB,2,3,No,CD3_TD,10.7
D,4,4,1,centr,WB,2,3,No,CD4_TD,2.42
D,4,4,1,centr,WB,2,3,No,CD8_TD,28.47
D,4,4,1,centr,WB,3,1,No,CD3,58.82
D,4,4,1,centr,WB,3,1,No,CD4,66
D,4,4,1,centr,WB,3,1,No,CD8,27.95
D,4,4,1,centr,WB,3,1,No,CD3_N,19.42
D,4,4,1,centr,WB,3,1,No,CD4_N,14.76
D,4,4,1,centr,WB,3,1,No,CD8_N,30.3
D,4,4,1,centr,WB,3,1,No,CD3_CM,43.12
D,4,4,1,centr,WB,3,1,No,CD4_CM,57.37
D,4,4,1,centr,WB,3,1,No,CD8_CM,16.41
D,4,4,1,centr,WB,3,1,No,CD3_EM,18.32
D,4,4,1,centr,WB,3,1,No,CD4_EM,19.38
D,4,4,1,centr,WB,3,1,No,CD8_EM,20.14
D,4,4,1,centr,WB,3,1,No,CD3_TD,19.14
D,4,4,1,centr,WB,3,1,No,CD4_TD,8.49
D,4,4,1,centr,WB,3,1,No,CD8_TD,33.15
D,4,4,1,centr,WB,3,2,No,CD3,58.81
D,4,4,1,centr,WB,3,2,No,CD4,66.09
D,4,4,1,centr,WB,3,2,No,CD8,27.79
D,4,4,1,centr,WB,3,2,No,CD3_N,19.11
D,4,4,1,centr,WB,3,2,No,CD4_N,14.65
D,4,4,1,centr,WB,3,2,No,CD8_N,29.84
D,4,4,1,centr,WB,3,2,No,CD3_CM,42.6
D,4,4,1,centr,WB,3,2,No,CD4_CM,56.83
D,4,4,1,centr,WB,3,2,No,CD8_CM,15.89
D,4,4,1,centr,WB,3,2,No,CD3_EM,19.26
D,4,4,1,centr,WB,3,2,No,CD4_EM,20.16
D,4,4,1,centr,WB,3,2,No,CD8_EM,21.25
D,4,4,1,centr,WB,3,2,No,CD3_TD,19.03
D,4,4,1,centr,WB,3,2,No,CD4_TD,8.36
D,4,4,1,centr,WB,3,2,No,CD8_TD,33.02
D,4,4,1,centr,WB,3,3,No,CD3,58.61
D,4,4,1,centr,WB,3,3,No,CD4,66.18
D,4,4,1,centr,WB,3,3,No,CD8,27.57
D,4,4,1,centr,WB,3,3,No,CD3_N,19.28
D,4,4,1,centr,WB,3,3,No,CD4_N,14.73
D,4,4,1,centr,WB,3,3,No,CD8_N,30.39
D,4,4,1,centr,WB,3,3,No,CD3_CM,43.06
D,4,4,1,centr,WB,3,3,No,CD4_CM,57.24
D,4,4,1,centr,WB,3,3,No,CD8_CM,16.54
D,4,4,1,centr,WB,3,3,No,CD3_EM,18.62
D,4,4,1,centr,WB,3,3,No,CD4_EM,19.48
D,4,4,1,centr,WB,3,3,No,CD8_EM,20.81
D,4,4,1,centr,WB,3,3,No,CD3_TD,19.04
D,4,4,1,centr,WB,3,3,No,CD4_TD,8.56
D,4,4,1,centr,WB,3,3,No,CD8_TD,32.26
D,4,4,1,local,PBMC,1,1,No,CD3,75.9
D,4,4,1,local,PBMC,1,1,No,CD4,51.3
D,4,4,1,local,PBMC,1,1,No,CD8,43.7
D,4,4,1,local,PBMC,1,1,No,CD3_N,20
D,4,4,1,local,PBMC,1,1,No,CD4_N,24.6
D,4,4,1,local,PBMC,1,1,No,CD8_N,14
D,4,4,1,local,PBMC,1,1,No,CD3_CM,33.9
D,4,4,1,local,PBMC,1,1,No,CD4_CM,49.6
D,4,4,1,local,PBMC,1,1,No,CD8_CM,17.7
D,4,4,1,local,PBMC,1,1,No,CD3_EM,26.5
D,4,4,1,local,PBMC,1,1,No,CD4_EM,23.6
D,4,4,1,local,PBMC,1,1,No,CD8_EM,30.7
D,4,4,1,local,PBMC,1,1,No,CD3_TD,19.6
D,4,4,1,local,PBMC,1,1,No,CD4_TD,2.14
D,4,4,1,local,PBMC,1,1,No,CD8_TD,37.6
D,4,4,1,local,PBMC,1,2,No,CD3,74.8
D,4,4,1,local,PBMC,1,2,No,CD4,52.4
D,4,4,1,local,PBMC,1,2,No,CD8,42.9
D,4,4,1,local,PBMC,1,2,No,CD3_N,16.9
D,4,4,1,local,PBMC,1,2,No,CD4_N,26.4
D,4,4,1,local,PBMC,1,2,No,CD8_N,6.13
D,4,4,1,local,PBMC,1,2,No,CD3_CM,24.2
D,4,4,1,local,PBMC,1,2,No,CD4_CM,40.2
D,4,4,1,local,PBMC,1,2,No,CD8_CM,6.76
D,4,4,1,local,PBMC,1,2,No,CD3_EM,36.3
D,4,4,1,local,PBMC,1,2,No,CD4_EM,31.2
D,4,4,1,local,PBMC,1,2,No,CD8_EM,43
D,4,4,1,local,PBMC,1,2,No,CD3_TD,22.6
D,4,4,1,local,PBMC,1,2,No,CD4_TD,2.11
D,4,4,1,local,PBMC,1,2,No,CD8_TD,44.1
D,4,4,1,local,PBMC,1,3,No,CD3,72.3
D,4,4,1,local,PBMC,1,3,No,CD4,50.2
D,4,4,1,local,PBMC,1,3,No,CD8,44.2
D,4,4,1,local,PBMC,1,3,No,CD3_N,19
D,4,4,1,local,PBMC,1,3,No,CD4_N,25.7
D,4,4,1,local,PBMC,1,3,No,CD8_N,12.6
D,4,4,1,local,PBMC,1,3,No,CD3_CM,25.6
D,4,4,1,local,PBMC,1,3,No,CD4_CM,41.1
D,4,4,1,local,PBMC,1,3,No,CD8_CM,10.6
D,4,4,1,local,PBMC,1,3,No,CD3_EM,28.8
D,4,4,1,local,PBMC,1,3,No,CD4_EM,30.2
D,4,4,1,local,PBMC,1,3,No,CD8_EM,27.5
D,4,4,1,local,PBMC,1,3,No,CD3_TD,26.5
D,4,4,1,local,PBMC,1,3,No,CD4_TD,3.02
D,4,4,1,local,PBMC,1,3,No,CD8_TD,49.3
D,4,4,1,local,PBMC,2,1,No,CD3,85
D,4,4,1,local,PBMC,2,1,No,CD4,44.4
D,4,4,1,local,PBMC,2,1,No,CD8,52.6
D,4,4,1,local,PBMC,2,1,No,CD3_N,15.9
D,4,4,1,local,PBMC,2,1,No,CD4_N,10.7
D,4,4,1,local,PBMC,2,1,No,CD8_N,19.6
D,4,4,1,local,PBMC,2,1,No,CD3_CM,25.9
D,4,4,1,local,PBMC,2,1,No,CD4_CM,44.5
D,4,4,1,local,PBMC,2,1,No,CD8_CM,10.4
D,4,4,1,local,PBMC,2,1,No,CD3_EM,24.7
D,4,4,1,local,PBMC,2,1,No,CD4_EM,42.4
D,4,4,1,local,PBMC,2,1,No,CD8_EM,9.57
D,4,4,1,local,PBMC,2,1,No,CD3_TD,33.5
D,4,4,1,local,PBMC,2,1,No,CD4_TD,2.4
D,4,4,1,local,PBMC,2,1,No,CD8_TD,60.4
D,4,4,1,local,PBMC,2,2,No,CD3,84.4
D,4,4,1,local,PBMC,2,2,No,CD4,42.4
D,4,4,1,local,PBMC,2,2,No,CD8,54.9
D,4,4,1,local,PBMC,2,2,No,CD3_N,5.94
D,4,4,1,local,PBMC,2,2,No,CD4_N,8.59
D,4,4,1,local,PBMC,2,2,No,CD8_N,3.85
D,4,4,1,local,PBMC,2,2,No,CD3_CM,14.1
D,4,4,1,local,PBMC,2,2,No,CD4_CM,26.8
D,4,4,1,local,PBMC,2,2,No,CD8_CM,4.74
D,4,4,1,local,PBMC,2,2,No,CD3_EM,37.7
D,4,4,1,local,PBMC,2,2,No,CD4_EM,61.8
D,4,4,1,local,PBMC,2,2,No,CD8_EM,18.6
D,4,4,1,local,PBMC,2,2,No,CD3_TD,42.2
D,4,4,1,local,PBMC,2,2,No,CD4_TD,2.86
D,4,4,1,local,PBMC,2,2,No,CD8_TD,72.8
D,4,4,1,local,PBMC,2,3,No,CD3,84.2
D,4,4,1,local,PBMC,2,3,No,CD4,40.3
D,4,4,1,local,PBMC,2,3,No,CD8,56.3
D,4,4,1,local,PBMC,2,3,No,CD3_N,15.6
D,4,4,1,local,PBMC,2,3,No,CD4_N,9.81
D,4,4,1,local,PBMC,2,3,No,CD8_N,19.5
D,4,4,1,local,PBMC,2,3,No,CD3_CM,18.9
D,4,4,1,local,PBMC,2,3,No,CD4_CM,35.4
D,4,4,1,local,PBMC,2,3,No,CD8_CM,7.11
D,4,4,1,local,PBMC,2,3,No,CD3_EM,26.7
D,4,4,1,local,PBMC,2,3,No,CD4_EM,50.7
D,4,4,1,local,PBMC,2,3,No,CD8_EM,9.33
D,4,4,1,local,PBMC,2,3,No,CD3_TD,38.8
D,4,4,1,local,PBMC,2,3,No,CD4_TD,4.06
D,4,4,1,local,PBMC,2,3,No,CD8_TD,64.1
D,4,4,1,local,PBMC,3,1,No,CD3,73
D,4,4,1,local,PBMC,3,1,No,CD4,48.8
D,4,4,1,local,PBMC,3,1,No,CD8,42
D,4,4,1,local,PBMC,3,1,No,CD3_N,19.2
D,4,4,1,local,PBMC,3,1,No,CD4_N,27.5
D,4,4,1,local,PBMC,3,1,No,CD8_N,12
D,4,4,1,local,PBMC,3,1,No,CD3_CM,26.7
D,4,4,1,local,PBMC,3,1,No,CD4_CM,45.3
D,4,4,1,local,PBMC,3,1,No,CD8_CM,9.16
D,4,4,1,local,PBMC,3,1,No,CD3_EM,24.7
D,4,4,1,local,PBMC,3,1,No,CD4_EM,26.7
D,4,4,1,local,PBMC,3,1,No,CD8_EM,21.1
D,4,4,1,local,PBMC,3,1,No,CD3_TD,29.4
D,4,4,1,local,PBMC,3,1,No,CD4_TD,0.44
D,4,4,1,local,PBMC,3,1,No,CD8_TD,57.8
D,4,4,1,local,PBMC,3,2,No,CD3,73.4
D,4,4,1,local,PBMC,3,2,No,CD4,54.5
D,4,4,1,local,PBMC,3,2,No,CD8,37.1
D,4,4,1,local,PBMC,3,2,No,CD3_N,18.3
D,4,4,1,local,PBMC,3,2,No,CD4_N,23.9
D,4,4,1,local,PBMC,3,2,No,CD8_N,12.4
D,4,4,1,local,PBMC,3,2,No,CD3_CM,33.7
D,4,4,1,local,PBMC,3,2,No,CD4_CM,53.5
D,4,4,1,local,PBMC,3,2,No,CD8_CM,10.7
D,4,4,1,local,PBMC,3,2,No,CD3_EM,23.2
D,4,4,1,local,PBMC,3,2,No,CD4_EM,22.5
D,4,4,1,local,PBMC,3,2,No,CD8_EM,21.6
D,4,4,1,local,PBMC,3,2,No,CD3_TD,24.7
D,4,4,1,local,PBMC,3,2,No,CD4_TD,0.13
D,4,4,1,local,PBMC,3,2,No,CD8_TD,55.4
D,4,4,1,local,PBMC,3,3,No,CD3,71.7
D,4,4,1,local,PBMC,3,3,No,CD4,46.1
D,4,4,1,local,PBMC,3,3,No,CD8,43.6
D,4,4,1,local,PBMC,3,3,No,CD3_N,18.3
D,4,4,1,local,PBMC,3,3,No,CD4_N,26.1
D,4,4,1,local,PBMC,3,3,No,CD8_N,12.2
D,4,4,1,local,PBMC,3,3,No,CD3_CM,21.9
D,4,4,1,local,PBMC,3,3,No,CD4_CM,38.7
D,4,4,1,local,PBMC,3,3,No,CD8_CM,7.65
D,4,4,1,local,PBMC,3,3,No,CD3_EM,25.7
D,4,4,1,local,PBMC,3,3,No,CD4_EM,34.2
D,4,4,1,local,PBMC,3,3,No,CD8_EM,16.4
D,4,4,1,local,PBMC,3,3,No,CD3_TD,34.1
D,4,4,1,local,PBMC,3,3,No,CD4_TD,0.95
D,4,4,1,local,PBMC,3,3,No,CD8_TD,63.7
D,4,4,1,local,WB,1,1,Yes,CD3, 
D,4,4,1,local,WB,1,1,Yes,CD4, 
D,4,4,1,local,WB,1,1,Yes,CD8, 
D,4,4,1,local,WB,1,1,Yes,CD3_N, 
D,4,4,1,local,WB,1,1,Yes,CD4_N, 
D,4,4,1,local,WB,1,1,Yes,CD8_N, 
D,4,4,1,local,WB,1,1,Yes,CD3_CM, 
D,4,4,1,local,WB,1,1,Yes,CD4_CM, 
D,4,4,1,local,WB,1,1,Yes,CD8_CM, 
D,4,4,1,local,WB,1,1,Yes,CD3_EM, 
D,4,4,1,local,WB,1,1,Yes,CD4_EM, 
D,4,4,1,local,WB,1,1,Yes,CD8_EM, 
D,4,4,1,local,WB,1,1,Yes,CD3_TD, 
D,4,4,1,local,WB,1,1,Yes,CD4_TD, 
D,4,4,1,local,WB,1,1,Yes,CD8_TD, 
D,4,4,1,local,WB,1,2,No,CD3,43
D,4,4,1,local,WB,1,2,No,CD4,72.8
D,4,4,1,local,WB,1,2,No,CD8,21.9
D,4,4,1,local,WB,1,2,No,CD3_N,16.1
D,4,4,1,local,WB,1,2,No,CD4_N,8.82
D,4,4,1,local,WB,1,2,No,CD8_N,41.7
D,4,4,1,local,WB,1,2,No,CD3_CM,41
D,4,4,1,local,WB,1,2,No,CD4_CM,52.4
D,4,4,1,local,WB,1,2,No,CD8_CM,12.3
D,4,4,1,local,WB,1,2,No,CD3_EM,40
D,4,4,1,local,WB,1,2,No,CD4_EM,38.3
D,4,4,1,local,WB,1,2,No,CD8_EM,36.7
D,4,4,1,local,WB,1,2,No,CD3_TD,2.9
D,4,4,1,local,WB,1,2,No,CD4_TD,0.46
D,4,4,1,local,WB,1,2,No,CD8_TD,9.32
D,4,4,1,local,WB,1,3,No,CD3,42.8
D,4,4,1,local,WB,1,3,No,CD4,72.4
D,4,4,1,local,WB,1,3,No,CD8,22.3
D,4,4,1,local,WB,1,3,No,CD3_N,15.1
D,4,4,1,local,WB,1,3,No,CD4_N,7.65
D,4,4,1,local,WB,1,3,No,CD8_N,40.6
D,4,4,1,local,WB,1,3,No,CD3_CM,42.8
D,4,4,1,local,WB,1,3,No,CD4_CM,54.5
D,4,4,1,local,WB,1,3,No,CD8_CM,14.3
D,4,4,1,local,WB,1,3,No,CD3_EM,39.6
D,4,4,1,local,WB,1,3,No,CD4_EM,37.6
D,4,4,1,local,WB,1,3,No,CD8_EM,36.8
D,4,4,1,local,WB,1,3,No,CD3_TD,2.47
D,4,4,1,local,WB,1,3,No,CD4_TD,0.29
D,4,4,1,local,WB,1,3,No,CD8_TD,8.21
D,4,4,1,local,WB,2,1,No,CD3,58.8
D,4,4,1,local,WB,2,1,No,CD4,72
D,4,4,1,local,WB,2,1,No,CD8,17.9
D,4,4,1,local,WB,2,1,No,CD3_N,7.39
D,4,4,1,local,WB,2,1,No,CD4_N,5.96
D,4,4,1,local,WB,2,1,No,CD8_N,15.1
D,4,4,1,local,WB,2,1,No,CD3_CM,24.7
D,4,4,1,local,WB,2,1,No,CD4_CM,31.4
D,4,4,1,local,WB,2,1,No,CD8_CM,9.23
D,4,4,1,local,WB,2,1,No,CD3_EM,63.5
D,4,4,1,local,WB,2,1,No,CD4_EM,62.2
D,4,4,1,local,WB,2,1,No,CD8_EM,66.2
D,4,4,1,local,WB,2,1,No,CD3_TD,4.37
D,4,4,1,local,WB,2,1,No,CD4_TD,0.46
D,4,4,1,local,WB,2,1,No,CD8_TD,9.39
D,4,4,1,local,WB,2,2,No,CD3,58.9
D,4,4,1,local,WB,2,2,No,CD4,72.1
D,4,4,1,local,WB,2,2,No,CD8,17.6
D,4,4,1,local,WB,2,2,No,CD3_N,7.45
D,4,4,1,local,WB,2,2,No,CD4_N,5.9
D,4,4,1,local,WB,2,2,No,CD8_N,16
D,4,4,1,local,WB,2,2,No,CD3_CM,24.6
D,4,4,1,local,WB,2,2,No,CD4_CM,31.2
D,4,4,1,local,WB,2,2,No,CD8_CM,8.87
D,4,4,1,local,WB,2,2,No,CD3_EM,63.5
D,4,4,1,local,WB,2,2,No,CD4_EM,62.5
D,4,4,1,local,WB,2,2,No,CD8_EM,66.2
D,4,4,1,local,WB,2,2,No,CD3_TD,4.46
D,4,4,1,local,WB,2,2,No,CD4_TD,0.4
D,4,4,1,local,WB,2,2,No,CD8_TD,8.98
D,4,4,1,local,WB,2,3,No,CD3,59.5
D,4,4,1,local,WB,2,3,No,CD4,71.7
D,4,4,1,local,WB,2,3,No,CD8,18
D,4,4,1,local,WB,2,3,No,CD3_N,7.77
D,4,4,1,local,WB,2,3,No,CD4_N,6.13
D,4,4,1,local,WB,2,3,No,CD8_N,16.1
D,4,4,1,local,WB,2,3,No,CD3_CM,24.1
D,4,4,1,local,WB,2,3,No,CD4_CM,30.7
D,4,4,1,local,WB,2,3,No,CD8_CM,8.72
D,4,4,1,local,WB,2,3,No,CD3_EM,63.7
D,4,4,1,local,WB,2,3,No,CD4_EM,62.7
D,4,4,1,local,WB,2,3,No,CD8_EM,66.4
D,4,4,1,local,WB,2,3,No,CD3_TD,4.44
D,4,4,1,local,WB,2,3,No,CD4_TD,0.48
D,4,4,1,local,WB,2,3,No,CD8_TD,8.76
D,4,4,1,local,WB,3,1,No,CD3,50.9
D,4,4,1,local,WB,3,1,No,CD4,69.4
D,4,4,1,local,WB,3,1,No,CD8,21.8
D,4,4,1,local,WB,3,1,No,CD3_N,14.1
D,4,4,1,local,WB,3,1,No,CD4_N,8.76
D,4,4,1,local,WB,3,1,No,CD8_N,33.2
D,4,4,1,local,WB,3,1,No,CD3_CM,26.8
D,4,4,1,local,WB,3,1,No,CD4_CM,35.5
D,4,4,1,local,WB,3,1,No,CD8_CM,8.48
D,4,4,1,local,WB,3,1,No,CD3_EM,50.5
D,4,4,1,local,WB,3,1,No,CD4_EM,51.3
D,4,4,1,local,WB,3,1,No,CD8_EM,53
D,4,4,1,local,WB,3,1,No,CD3_TD,8.7
D,4,4,1,local,WB,3,1,No,CD4_TD,4.4
D,4,4,1,local,WB,3,1,No,CD8_TD,5.4
D,4,4,1,local,WB,3,2,No,CD3,51.1
D,4,4,1,local,WB,3,2,No,CD4,69.4
D,4,4,1,local,WB,3,2,No,CD8,21.9
D,4,4,1,local,WB,3,2,No,CD3_N,14
D,4,4,1,local,WB,3,2,No,CD4_N,8.79
D,4,4,1,local,WB,3,2,No,CD8_N,33.1
D,4,4,1,local,WB,3,2,No,CD3_CM,26.6
D,4,4,1,local,WB,3,2,No,CD4_CM,35.3
D,4,4,1,local,WB,3,2,No,CD8_CM,8.44
D,4,4,1,local,WB,3,2,No,CD3_EM,50.8
D,4,4,1,local,WB,3,2,No,CD4_EM,51.6
D,4,4,1,local,WB,3,2,No,CD8_EM,53.2
D,4,4,1,local,WB,3,2,No,CD3_TD,8.59
D,4,4,1,local,WB,3,2,No,CD4_TD,4.3
D,4,4,1,local,WB,3,2,No,CD8_TD,5.41
D,4,4,1,local,WB,3,3,No,CD3,51.2
D,4,4,1,local,WB,3,3,No,CD4,69.4
D,4,4,1,local,WB,3,3,No,CD8,21.9
D,4,4,1,local,WB,3,3,No,CD3_N,14
D,4,4,1,local,WB,3,3,No,CD4_N,8.66
D,4,4,1,local,WB,3,3,No,CD8_N,33.3
D,4,4,1,local,WB,3,3,No,CD3_CM,26.8
D,4,4,1,local,WB,3,3,No,CD4_CM,35.7
D,4,4,1,local,WB,3,3,No,CD8_CM,8.12
D,4,4,1,local,WB,3,3,No,CD3_EM,50.4
D,4,4,1,local,WB,3,3,No,CD4_EM,51.1
D,4,4,1,local,WB,3,3,No,CD8_EM,53.5
D,4,4,1,local,WB,3,3,No,CD3_TD,8.79
D,4,4,1,local,WB,3,3,No,CD4_TD,4.5
D,4,4,1,local,WB,3,3,No,CD8_TD,5.06
E,5,6,2,centr,PBMC,1,1,No,CD3,70.14
E,5,6,2,centr,PBMC,1,1,No,CD4,44.66
E,5,6,2,centr,PBMC,1,1,No,CD8,49.17
E,5,6,2,centr,PBMC,1,1,No,CD3_N,12.66
E,5,6,2,centr,PBMC,1,1,No,CD4_N,19.12
E,5,6,2,centr,PBMC,1,1,No,CD8_N,5.54
E,5,6,2,centr,PBMC,1,1,No,CD3_CM,21.44
E,5,6,2,centr,PBMC,1,1,No,CD4_CM,42.65
E,5,6,2,centr,PBMC,1,1,No,CD8_CM,7.22
E,5,6,2,centr,PBMC,1,1,No,CD3_EM,36.69
E,5,6,2,centr,PBMC,1,1,No,CD4_EM,35.67
E,5,6,2,centr,PBMC,1,1,No,CD8_EM,41.98
E,5,6,2,centr,PBMC,1,1,No,CD3_TD,29.22
E,5,6,2,centr,PBMC,1,1,No,CD4_TD,2.56
E,5,6,2,centr,PBMC,1,1,No,CD8_TD,45.26
E,5,6,2,centr,PBMC,1,2,No,CD3,70.95
E,5,6,2,centr,PBMC,1,2,No,CD4,46.83
E,5,6,2,centr,PBMC,1,2,No,CD8,47.84
E,5,6,2,centr,PBMC,1,2,No,CD3_N,15.77
E,5,6,2,centr,PBMC,1,2,No,CD4_N,22.99
E,5,6,2,centr,PBMC,1,2,No,CD8_N,7.95
E,5,6,2,centr,PBMC,1,2,No,CD3_CM,22.95
E,5,6,2,centr,PBMC,1,2,No,CD4_CM,49.34
E,5,6,2,centr,PBMC,1,2,No,CD8_CM,9.97
E,5,6,2,centr,PBMC,1,2,No,CD3_EM,28.55
E,5,6,2,centr,PBMC,1,2,No,CD4_EM,25.17
E,5,6,2,centr,PBMC,1,2,No,CD8_EM,34.39
E,5,6,2,centr,PBMC,1,2,No,CD3_TD,32.73
E,5,6,2,centr,PBMC,1,2,No,CD4_TD,2.5
E,5,6,2,centr,PBMC,1,2,No,CD8_TD,47.69
E,5,6,2,centr,PBMC,1,3,No,CD3,68.45
E,5,6,2,centr,PBMC,1,3,No,CD4,36.95
E,5,6,2,centr,PBMC,1,3,No,CD8,55.97
E,5,6,2,centr,PBMC,1,3,No,CD3_N,9.75
E,5,6,2,centr,PBMC,1,3,No,CD4_N,14.68
E,5,6,2,centr,PBMC,1,3,No,CD8_N,5.07
E,5,6,2,centr,PBMC,1,3,No,CD3_CM,17.29
E,5,6,2,centr,PBMC,1,3,No,CD4_CM,45.1
E,5,6,2,centr,PBMC,1,3,No,CD8_CM,6.15
E,5,6,2,centr,PBMC,1,3,No,CD3_EM,33.78
E,5,6,2,centr,PBMC,1,3,No,CD4_EM,35.37
E,5,6,2,centr,PBMC,1,3,No,CD8_EM,34.89
E,5,6,2,centr,PBMC,1,3,No,CD3_TD,39.17
E,5,6,2,centr,PBMC,1,3,No,CD4_TD,4.84
E,5,6,2,centr,PBMC,1,3,No,CD8_TD,53.89
E,5,6,2,centr,PBMC,2,1,No,CD3,84.32
E,5,6,2,centr,PBMC,2,1,No,CD4,40.87
E,5,6,2,centr,PBMC,2,1,No,CD8,55.02
E,5,6,2,centr,PBMC,2,1,No,CD3_N,7.35
E,5,6,2,centr,PBMC,2,1,No,CD4_N,7.06
E,5,6,2,centr,PBMC,2,1,No,CD8_N,5.7
E,5,6,2,centr,PBMC,2,1,No,CD3_CM,14.56
E,5,6,2,centr,PBMC,2,1,No,CD4_CM,30.29
E,5,6,2,centr,PBMC,2,1,No,CD8_CM,5.42
E,5,6,2,centr,PBMC,2,1,No,CD3_EM,35.78
E,5,6,2,centr,PBMC,2,1,No,CD4_EM,60.26
E,5,6,2,centr,PBMC,2,1,No,CD8_EM,18.48
E,5,6,2,centr,PBMC,2,1,No,CD3_TD,42.31
E,5,6,2,centr,PBMC,2,1,No,CD4_TD,2.39
E,5,6,2,centr,PBMC,2,1,No,CD8_TD,70.4
E,5,6,2,centr,PBMC,2,2,No,CD3,82.19
E,5,6,2,centr,PBMC,2,2,No,CD4,40.93
E,5,6,2,centr,PBMC,2,2,No,CD8,55.66
E,5,6,2,centr,PBMC,2,2,No,CD3_N,8.33
E,5,6,2,centr,PBMC,2,2,No,CD4_N,8.62
E,5,6,2,centr,PBMC,2,2,No,CD8_N,7.9
E,5,6,2,centr,PBMC,2,2,No,CD3_CM,16.74
E,5,6,2,centr,PBMC,2,2,No,CD4_CM,40.98
E,5,6,2,centr,PBMC,2,2,No,CD8_CM,8.16
E,5,6,2,centr,PBMC,2,2,No,CD3_EM,30.48
E,5,6,2,centr,PBMC,2,2,No,CD4_EM,48.19
E,5,6,2,centr,PBMC,2,2,No,CD8_EM,14.59
E,5,6,2,centr,PBMC,2,2,No,CD3_TD,44.46
E,5,6,2,centr,PBMC,2,2,No,CD4_TD,2.22
E,5,6,2,centr,PBMC,2,2,No,CD8_TD,69.34
E,5,6,2,centr,PBMC,2,3,No,CD3,81.96
E,5,6,2,centr,PBMC,2,3,No,CD4,36.74
E,5,6,2,centr,PBMC,2,3,No,CD8,58.85
E,5,6,2,centr,PBMC,2,3,No,CD3_N,6.31
E,5,6,2,centr,PBMC,2,3,No,CD4_N,6.83
E,5,6,2,centr,PBMC,2,3,No,CD8_N,5.12
E,5,6,2,centr,PBMC,2,3,No,CD3_CM,11.85
E,5,6,2,centr,PBMC,2,3,No,CD4_CM,29.5
E,5,6,2,centr,PBMC,2,3,No,CD8_CM,5.52
E,5,6,2,centr,PBMC,2,3,No,CD3_EM,32.12
E,5,6,2,centr,PBMC,2,3,No,CD4_EM,59.57
E,5,6,2,centr,PBMC,2,3,No,CD8_EM,13.38
E,5,6,2,centr,PBMC,2,3,No,CD3_TD,49.72
E,5,6,2,centr,PBMC,2,3,No,CD4_TD,4.1
E,5,6,2,centr,PBMC,2,3,No,CD8_TD,75.98
E,5,6,2,centr,PBMC,3,1,No,CD3,73.92
E,5,6,2,centr,PBMC,3,1,No,CD4,51.53
E,5,6,2,centr,PBMC,3,1,No,CD8,40.98
E,5,6,2,centr,PBMC,3,1,No,CD3_N,18.67
E,5,6,2,centr,PBMC,3,1,No,CD4_N,24.89
E,5,6,2,centr,PBMC,3,1,No,CD8_N,10.67
E,5,6,2,centr,PBMC,3,1,No,CD3_CM,28.4
E,5,6,2,centr,PBMC,3,1,No,CD4_CM,47.71
E,5,6,2,centr,PBMC,3,1,No,CD8_CM,9.3
E,5,6,2,centr,PBMC,3,1,No,CD3_EM,22.53
E,5,6,2,centr,PBMC,3,1,No,CD4_EM,26.8
E,5,6,2,centr,PBMC,3,1,No,CD8_EM,25.36
E,5,6,2,centr,PBMC,3,1,No,CD3_TD,30.39
E,5,6,2,centr,PBMC,3,1,No,CD4_TD,0.6
E,5,6,2,centr,PBMC,3,1,No,CD8_TD,54.66
E,5,6,2,centr,PBMC,3,2,No,CD3,74.73
E,5,6,2,centr,PBMC,3,2,No,CD4,49.52
E,5,6,2,centr,PBMC,3,2,No,CD8,41.62
E,5,6,2,centr,PBMC,3,2,No,CD3_N,18.93
E,5,6,2,centr,PBMC,3,2,No,CD4_N,18.61
E,5,6,2,centr,PBMC,3,2,No,CD8_N,15.27
E,5,6,2,centr,PBMC,3,2,No,CD3_CM,30.91
E,5,6,2,centr,PBMC,3,2,No,CD4_CM,60.44
E,5,6,2,centr,PBMC,3,2,No,CD8_CM,12.05
E,5,6,2,centr,PBMC,3,2,No,CD3_EM,21.93
E,5,6,2,centr,PBMC,3,2,No,CD4_EM,20.68
E,5,6,2,centr,PBMC,3,2,No,CD8_EM,18.26
E,5,6,2,centr,PBMC,3,2,No,CD3_TD,28.24
E,5,6,2,centr,PBMC,3,2,No,CD4_TD,0.28
E,5,6,2,centr,PBMC,3,2,No,CD8_TD,54.42
E,5,6,2,centr,PBMC,3,3,No,CD3,70.23
E,5,6,2,centr,PBMC,3,3,No,CD4,44.32
E,5,6,2,centr,PBMC,3,3,No,CD8,47.15
E,5,6,2,centr,PBMC,3,3,No,CD3_N,15.51
E,5,6,2,centr,PBMC,3,3,No,CD4_N,21.41
E,5,6,2,centr,PBMC,3,3,No,CD8_N,10.17
E,5,6,2,centr,PBMC,3,3,No,CD3_CM,22.13
E,5,6,2,centr,PBMC,3,3,No,CD4_CM,48.78
E,5,6,2,centr,PBMC,3,3,No,CD8_CM,7.45
E,5,6,2,centr,PBMC,3,3,No,CD3_EM,26.04
E,5,6,2,centr,PBMC,3,3,No,CD4_EM,28.77
E,5,6,2,centr,PBMC,3,3,No,CD8_EM,19.34
E,5,6,2,centr,PBMC,3,3,No,CD3_TD,36.31
E,5,6,2,centr,PBMC,3,3,No,CD4_TD,1.03
E,5,6,2,centr,PBMC,3,3,No,CD8_TD,63.04
E,5,6,2,centr,WB,1,1,No,CD3,58.22
E,5,6,2,centr,WB,1,1,No,CD4,63.4
E,5,6,2,centr,WB,1,1,No,CD8,33.51
E,5,6,2,centr,WB,1,1,No,CD3_N,38.19
E,5,6,2,centr,WB,1,1,No,CD4_N,39.34
E,5,6,2,centr,WB,1,1,No,CD8_N,39.67
E,5,6,2,centr,WB,1,1,No,CD3_CM,38.05
E,5,6,2,centr,WB,1,1,No,CD4_CM,50.29
E,5,6,2,centr,WB,1,1,No,CD8_CM,16.67
E,5,6,2,centr,WB,1,1,No,CD3_EM,16.06
E,5,6,2,centr,WB,1,1,No,CD4_EM,10.09
E,5,6,2,centr,WB,1,1,No,CD8_EM,24.18
E,5,6,2,centr,WB,1,1,No,CD3_TD,7.7
E,5,6,2,centr,WB,1,1,No,CD4_TD,0.27
E,5,6,2,centr,WB,1,1,No,CD8_TD,19.48
E,5,6,2,centr,WB,1,2,No,CD3,57.24
E,5,6,2,centr,WB,1,2,No,CD4,61.48
E,5,6,2,centr,WB,1,2,No,CD8,35.35
E,5,6,2,centr,WB,1,2,No,CD3_N,35.6
E,5,6,2,centr,WB,1,2,No,CD4_N,35.5
E,5,6,2,centr,WB,1,2,No,CD8_N,37.53
E,5,6,2,centr,WB,1,2,No,CD3_CM,39.18
E,5,6,2,centr,WB,1,2,No,CD4_CM,53.76
E,5,6,2,centr,WB,1,2,No,CD8_CM,17.43
E,5,6,2,centr,WB,1,2,No,CD3_EM,16.67
E,5,6,2,centr,WB,1,2,No,CD4_EM,10.5
E,5,6,2,centr,WB,1,2,No,CD8_EM,24.73
E,5,6,2,centr,WB,1,2,No,CD3_TD,8.54
E,5,6,2,centr,WB,1,2,No,CD4_TD,0.24
E,5,6,2,centr,WB,1,2,No,CD8_TD,20.31
E,5,6,2,centr,WB,1,3,No,CD3,56.8
E,5,6,2,centr,WB,1,3,No,CD4,58.53
E,5,6,2,centr,WB,1,3,No,CD8,36.53
E,5,6,2,centr,WB,1,3,No,CD3_N,31.31
E,5,6,2,centr,WB,1,3,No,CD4_N,31.2
E,5,6,2,centr,WB,1,3,No,CD8_N,33.43
E,5,6,2,centr,WB,1,3,No,CD3_CM,38.36
E,5,6,2,centr,WB,1,3,No,CD4_CM,64.05
E,5,6,2,centr,WB,1,3,No,CD8_CM,15.74
E,5,6,2,centr,WB,1,3,No,CD3_EM,21.7
E,5,6,2,centr,WB,1,3,No,CD4_EM,4.64
E,5,6,2,centr,WB,1,3,No,CD8_EM,29.36
E,5,6,2,centr,WB,1,3,No,CD3_TD,8.62
E,5,6,2,centr,WB,1,3,No,CD4_TD,0.1
E,5,6,2,centr,WB,1,3,No,CD8_TD,21.47
E,5,6,2,centr,WB,2,1,No,CD3,66.07
E,5,6,2,centr,WB,2,1,No,CD4,67.01
E,5,6,2,centr,WB,2,1,No,CD8,25.94
E,5,6,2,centr,WB,2,1,No,CD3_N,18.12
E,5,6,2,centr,WB,2,1,No,CD4_N,17.62
E,5,6,2,centr,WB,2,1,No,CD8_N,18.4
E,5,6,2,centr,WB,2,1,No,CD3_CM,42.32
E,5,6,2,centr,WB,2,1,No,CD4_CM,55.64
E,5,6,2,centr,WB,2,1,No,CD8_CM,23.03
E,5,6,2,centr,WB,2,1,No,CD3_EM,25.12
E,5,6,2,centr,WB,2,1,No,CD4_EM,23.2
E,5,6,2,centr,WB,2,1,No,CD8_EM,27.59
E,5,6,2,centr,WB,2,1,No,CD3_TD,14.44
E,5,6,2,centr,WB,2,1,No,CD4_TD,3.53
E,5,6,2,centr,WB,2,1,No,CD8_TD,30.99
E,5,6,2,centr,WB,2,2,No,CD3,66.92
E,5,6,2,centr,WB,2,2,No,CD4,68.52
E,5,6,2,centr,WB,2,2,No,CD8,25.06
E,5,6,2,centr,WB,2,2,No,CD3_N,19.46
E,5,6,2,centr,WB,2,2,No,CD4_N,19.78
E,5,6,2,centr,WB,2,2,No,CD8_N,21.08
E,5,6,2,centr,WB,2,2,No,CD3_CM,42.97
E,5,6,2,centr,WB,2,2,No,CD4_CM,55.46
E,5,6,2,centr,WB,2,2,No,CD8_CM,20.85
E,5,6,2,centr,WB,2,2,No,CD3_EM,25.15
E,5,6,2,centr,WB,2,2,No,CD4_EM,22.02
E,5,6,2,centr,WB,2,2,No,CD8_EM,27.15
E,5,6,2,centr,WB,2,2,No,CD3_TD,12.42
E,5,6,2,centr,WB,2,2,No,CD4_TD,2.74
E,5,6,2,centr,WB,2,2,No,CD8_TD,30.92
E,5,6,2,centr,WB,2,3,No,CD3,65.89
E,5,6,2,centr,WB,2,3,No,CD4,67.51
E,5,6,2,centr,WB,2,3,No,CD8,25.86
E,5,6,2,centr,WB,2,3,No,CD3_N,18.57
E,5,6,2,centr,WB,2,3,No,CD4_N,18.86
E,5,6,2,centr,WB,2,3,No,CD8_N,21.21
E,5,6,2,centr,WB,2,3,No,CD3_CM,42.03
E,5,6,2,centr,WB,2,3,No,CD4_CM,54.91
E,5,6,2,centr,WB,2,3,No,CD8_CM,23.24
E,5,6,2,centr,WB,2,3,No,CD3_EM,25.58
E,5,6,2,centr,WB,2,3,No,CD4_EM,23.24
E,5,6,2,centr,WB,2,3,No,CD8_EM,23.8
E,5,6,2,centr,WB,2,3,No,CD3_TD,13.83
E,5,6,2,centr,WB,2,3,No,CD4_TD,2.99
E,5,6,2,centr,WB,2,3,No,CD8_TD,31.75
E,5,6,2,centr,WB,3,1,No,CD3,57.33
E,5,6,2,centr,WB,3,1,No,CD4,65.79
E,5,6,2,centr,WB,3,1,No,CD8,27.87
E,5,6,2,centr,WB,3,1,No,CD3_N,21.33
E,5,6,2,centr,WB,3,1,No,CD4_N,16.15
E,5,6,2,centr,WB,3,1,No,CD8_N,35.3
E,5,6,2,centr,WB,3,1,No,CD3_CM,43.47
E,5,6,2,centr,WB,3,1,No,CD4_CM,59.49
E,5,6,2,centr,WB,3,1,No,CD8_CM,17.92
E,5,6,2,centr,WB,3,1,No,CD3_EM,16.82
E,5,6,2,centr,WB,3,1,No,CD4_EM,16.96
E,5,6,2,centr,WB,3,1,No,CD8_EM,15.56
E,5,6,2,centr,WB,3,1,No,CD3_TD,18.38
E,5,6,2,centr,WB,3,1,No,CD4_TD,7.39
E,5,6,2,centr,WB,3,1,No,CD8_TD,31.22
E,5,6,2,centr,WB,3,2,No,CD3,57.7
E,5,6,2,centr,WB,3,2,No,CD4,66.16
E,5,6,2,centr,WB,3,2,No,CD8,27.48
E,5,6,2,centr,WB,3,2,No,CD3_N,20.88
E,5,6,2,centr,WB,3,2,No,CD4_N,15.54
E,5,6,2,centr,WB,3,2,No,CD8_N,35.39
E,5,6,2,centr,WB,3,2,No,CD3_CM,44.25
E,5,6,2,centr,WB,3,2,No,CD4_CM,60.75
E,5,6,2,centr,WB,3,2,No,CD8_CM,17.2
E,5,6,2,centr,WB,3,2,No,CD3_EM,16.94
E,5,6,2,centr,WB,3,2,No,CD4_EM,16.76
E,5,6,2,centr,WB,3,2,No,CD8_EM,16.09
E,5,6,2,centr,WB,3,2,No,CD3_TD,17.93
E,5,6,2,centr,WB,3,2,No,CD4_TD,6.94
E,5,6,2,centr,WB,3,2,No,CD8_TD,31.31
E,5,6,2,centr,WB,3,3,No,CD3,57.58
E,5,6,2,centr,WB,3,3,No,CD4,66.11
E,5,6,2,centr,WB,3,3,No,CD8,27.43
E,5,6,2,centr,WB,3,3,No,CD3_N,21.49
E,5,6,2,centr,WB,3,3,No,CD4_N,16.24
E,5,6,2,centr,WB,3,3,No,CD8_N,36.25
E,5,6,2,centr,WB,3,3,No,CD3_CM,43.95
E,5,6,2,centr,WB,3,3,No,CD4_CM,60.03
E,5,6,2,centr,WB,3,3,No,CD8_CM,17.43
E,5,6,2,centr,WB,3,3,No,CD3_EM,16.56
E,5,6,2,centr,WB,3,3,No,CD4_EM,16.65
E,5,6,2,centr,WB,3,3,No,CD8_EM,15.66
E,5,6,2,centr,WB,3,3,No,CD3_TD,18
E,5,6,2,centr,WB,3,3,No,CD4_TD,7.08
E,5,6,2,centr,WB,3,3,No,CD8_TD,30.66
E,5,6,2,local,PBMC,1,1,No,CD3,68.47
E,5,6,2,local,PBMC,1,1,No,CD4,45.82
E,5,6,2,local,PBMC,1,1,No,CD8,48.28
E,5,6,2,local,PBMC,1,1,No,CD3_N,11.81
E,5,6,2,local,PBMC,1,1,No,CD4_N,20.07
E,5,6,2,local,PBMC,1,1,No,CD8_N,3.72
E,5,6,2,local,PBMC,1,1,No,CD3_CM,20.29
E,5,6,2,local,PBMC,1,1,No,CD4_CM,37.67
E,5,6,2,local,PBMC,1,1,No,CD8_CM,4.15
E,5,6,2,local,PBMC,1,1,No,CD3_EM,40.42
E,5,6,2,local,PBMC,1,1,No,CD4_EM,39.67
E,5,6,2,local,PBMC,1,1,No,CD8_EM,56.23
E,5,6,2,local,PBMC,1,1,No,CD3_TD,27.48
E,5,6,2,local,PBMC,1,1,No,CD4_TD,2.59
E,5,6,2,local,PBMC,1,1,No,CD8_TD,35.91
E,5,6,2,local,PBMC,1,2,No,CD3,68.13
E,5,6,2,local,PBMC,1,2,No,CD4,47.63
E,5,6,2,local,PBMC,1,2,No,CD8,47.04
E,5,6,2,local,PBMC,1,2,No,CD3_N,14.2
E,5,6,2,local,PBMC,1,2,No,CD4_N,25.22
E,5,6,2,local,PBMC,1,2,No,CD8_N,5.15
E,5,6,2,local,PBMC,1,2,No,CD3_CM,18.6
E,5,6,2,local,PBMC,1,2,No,CD4_CM,33.46
E,5,6,2,local,PBMC,1,2,No,CD8_CM,5.36
E,5,6,2,local,PBMC,1,2,No,CD3_EM,37.22
E,5,6,2,local,PBMC,1,2,No,CD4_EM,37.84
E,5,6,2,local,PBMC,1,2,No,CD8_EM,45.56
E,5,6,2,local,PBMC,1,2,No,CD3_TD,29.99
E,5,6,2,local,PBMC,1,2,No,CD4_TD,3.49
E,5,6,2,local,PBMC,1,2,No,CD8_TD,43.93
E,5,6,2,local,PBMC,1,3,No,CD3,66.75
E,5,6,2,local,PBMC,1,3,No,CD4,38.04
E,5,6,2,local,PBMC,1,3,No,CD8,55.29
E,5,6,2,local,PBMC,1,3,No,CD3_N,8.72
E,5,6,2,local,PBMC,1,3,No,CD4_N,15.74
E,5,6,2,local,PBMC,1,3,No,CD8_N,3.96
E,5,6,2,local,PBMC,1,3,No,CD3_CM,14.73
E,5,6,2,local,PBMC,1,3,No,CD4_CM,32.28
E,5,6,2,local,PBMC,1,3,No,CD8_CM,5.27
E,5,6,2,local,PBMC,1,3,No,CD3_EM,37.66
E,5,6,2,local,PBMC,1,3,No,CD4_EM,46.06
E,5,6,2,local,PBMC,1,3,No,CD8_EM,43.53
E,5,6,2,local,PBMC,1,3,No,CD3_TD,38.88
E,5,6,2,local,PBMC,1,3,No,CD4_TD,5.92
E,5,6,2,local,PBMC,1,3,No,CD8_TD,47.24
E,5,6,2,local,PBMC,2,1,No,CD3,83
E,5,6,2,local,PBMC,2,1,No,CD4,42.28
E,5,6,2,local,PBMC,2,1,No,CD8,54.44
E,5,6,2,local,PBMC,2,1,No,CD3_N,6.73
E,5,6,2,local,PBMC,2,1,No,CD4_N,8.23
E,5,6,2,local,PBMC,2,1,No,CD8_N,3.86
E,5,6,2,local,PBMC,2,1,No,CD3_CM,14.18
E,5,6,2,local,PBMC,2,1,No,CD4_CM,27.27
E,5,6,2,local,PBMC,2,1,No,CD8_CM,3.75
E,5,6,2,local,PBMC,2,1,No,CD3_EM,38.31
E,5,6,2,local,PBMC,2,1,No,CD4_EM,61.77
E,5,6,2,local,PBMC,2,1,No,CD8_EM,26.82
E,5,6,2,local,PBMC,2,1,No,CD3_TD,40.78
E,5,6,2,local,PBMC,2,1,No,CD4_TD,2.73
E,5,6,2,local,PBMC,2,1,No,CD8_TD,65.56
E,5,6,2,local,PBMC,2,2,No,CD3,80.55
E,5,6,2,local,PBMC,2,2,No,CD4,41.85
E,5,6,2,local,PBMC,2,2,No,CD8,55.27
E,5,6,2,local,PBMC,2,2,No,CD3_N,6.31
E,5,6,2,local,PBMC,2,2,No,CD4_N,9.96
E,5,6,2,local,PBMC,2,2,No,CD8_N,4.01
E,5,6,2,local,PBMC,2,2,No,CD3_CM,13.21
E,5,6,2,local,PBMC,2,2,No,CD4_CM,25.69
E,5,6,2,local,PBMC,2,2,No,CD8_CM,5.25
E,5,6,2,local,PBMC,2,2,No,CD3_EM,36.79
E,5,6,2,local,PBMC,2,2,No,CD4_EM,59.99
E,5,6,2,local,PBMC,2,2,No,CD8_EM,21.03
E,5,6,2,local,PBMC,2,2,No,CD3_TD,43.69
E,5,6,2,local,PBMC,2,2,No,CD4_TD,4.35
E,5,6,2,local,PBMC,2,2,No,CD8_TD,69.72
E,5,6,2,local,PBMC,2,3,No,CD3,81.09
E,5,6,2,local,PBMC,2,3,No,CD4,38.05
E,5,6,2,local,PBMC,2,3,No,CD8,59.04
E,5,6,2,local,PBMC,2,3,No,CD3_N,5.64
E,5,6,2,local,PBMC,2,3,No,CD4_N,7.81
E,5,6,2,local,PBMC,2,3,No,CD8_N,3.99
E,5,6,2,local,PBMC,2,3,No,CD3_CM,9.93
E,5,6,2,local,PBMC,2,3,No,CD4_CM,20.6
E,5,6,2,local,PBMC,2,3,No,CD8_CM,4.91
E,5,6,2,local,PBMC,2,3,No,CD3_EM,35.08
E,5,6,2,local,PBMC,2,3,No,CD4_EM,65.74
E,5,6,2,local,PBMC,2,3,No,CD8_EM,17.78
E,5,6,2,local,PBMC,2,3,No,CD3_TD,49.35
E,5,6,2,local,PBMC,2,3,No,CD4_TD,5.85
E,5,6,2,local,PBMC,2,3,No,CD8_TD,73.32
E,5,6,2,local,PBMC,3,1,No,CD3,72.61
E,5,6,2,local,PBMC,3,1,No,CD4,52.34
E,5,6,2,local,PBMC,3,1,No,CD8,39.9
E,5,6,2,local,PBMC,3,1,No,CD3_N,18.18
E,5,6,2,local,PBMC,3,1,No,CD4_N,25.43
E,5,6,2,local,PBMC,3,1,No,CD8_N,11
E,5,6,2,local,PBMC,3,1,No,CD3_CM,26.16
E,5,6,2,local,PBMC,3,1,No,CD4_CM,42.95
E,5,6,2,local,PBMC,3,1,No,CD8_CM,6.51
E,5,6,2,local,PBMC,3,1,No,CD3_EM,26.04
E,5,6,2,local,PBMC,3,1,No,CD4_EM,30.95
E,5,6,2,local,PBMC,3,1,No,CD8_EM,26.37
E,5,6,2,local,PBMC,3,1,No,CD3_TD,29.62
E,5,6,2,local,PBMC,3,1,No,CD4_TD,0.67
E,5,6,2,local,PBMC,3,1,No,CD8_TD,56.12
E,5,6,2,local,PBMC,3,2,No,CD3,72.46
E,5,6,2,local,PBMC,3,2,No,CD4,50.56
E,5,6,2,local,PBMC,3,2,No,CD8,39.31
E,5,6,2,local,PBMC,3,2,No,CD3_N,16.27
E,5,6,2,local,PBMC,3,2,No,CD4_N,21.41
E,5,6,2,local,PBMC,3,2,No,CD8_N,11.01
E,5,6,2,local,PBMC,3,2,No,CD3_CM,26.12
E,5,6,2,local,PBMC,3,2,No,CD4_CM,43.79
E,5,6,2,local,PBMC,3,2,No,CD8_CM,8.17
E,5,6,2,local,PBMC,3,2,No,CD3_EM,30.04
E,5,6,2,local,PBMC,3,2,No,CD4_EM,34.11
E,5,6,2,local,PBMC,3,2,No,CD8_EM,27.7
E,5,6,2,local,PBMC,3,2,No,CD3_TD,27.58
E,5,6,2,local,PBMC,3,2,No,CD4_TD,0.69
E,5,6,2,local,PBMC,3,2,No,CD8_TD,53.12
E,5,6,2,local,PBMC,3,3,No,CD3,69.1
E,5,6,2,local,PBMC,3,3,No,CD4,44.4
E,5,6,2,local,PBMC,3,3,No,CD8,45.65
E,5,6,2,local,PBMC,3,3,No,CD3_N,14.29
E,5,6,2,local,PBMC,3,3,No,CD4_N,22.08
E,5,6,2,local,PBMC,3,3,No,CD8_N,9.4
E,5,6,2,local,PBMC,3,3,No,CD3_CM,19.55
E,5,6,2,local,PBMC,3,3,No,CD4_CM,36.39
E,5,6,2,local,PBMC,3,3,No,CD8_CM,6.6
E,5,6,2,local,PBMC,3,3,No,CD3_EM,30.15
E,5,6,2,local,PBMC,3,3,No,CD4_EM,39.85
E,5,6,2,local,PBMC,3,3,No,CD8_EM,24.12
E,5,6,2,local,PBMC,3,3,No,CD3_TD,36.01
E,5,6,2,local,PBMC,3,3,No,CD4_TD,1.69
E,5,6,2,local,PBMC,3,3,No,CD8_TD,59.88
E,5,6,2,local,WB,1,1,No,CD3,58.09
E,5,6,2,local,WB,1,1,No,CD4,63.66
E,5,6,2,local,WB,1,1,No,CD8,32.84
E,5,6,2,local,WB,1,1,No,CD3_N,32.35
E,5,6,2,local,WB,1,1,No,CD4_N,38.93
E,5,6,2,local,WB,1,1,No,CD8_N,37.35
E,5,6,2,local,WB,1,1,No,CD3_CM,33.92
E,5,6,2,local,WB,1,1,No,CD4_CM,46.08
E,5,6,2,local,WB,1,1,No,CD8_CM,17.48
E,5,6,2,local,WB,1,1,No,CD3_EM,26.22
E,5,6,2,local,WB,1,1,No,CD4_EM,14.47
E,5,6,2,local,WB,1,1,No,CD8_EM,29.54
E,5,6,2,local,WB,1,1,No,CD3_TD,7.51
E,5,6,2,local,WB,1,1,No,CD4_TD,0.52
E,5,6,2,local,WB,1,1,No,CD8_TD,15.63
E,5,6,2,local,WB,1,2,No,CD3,57.21
E,5,6,2,local,WB,1,2,No,CD4,63.2
E,5,6,2,local,WB,1,2,No,CD8,33.09
E,5,6,2,local,WB,1,2,No,CD3_N,33.05
E,5,6,2,local,WB,1,2,No,CD4_N,38.8
E,5,6,2,local,WB,1,2,No,CD8_N,36.64
E,5,6,2,local,WB,1,2,No,CD3_CM,32.85
E,5,6,2,local,WB,1,2,No,CD4_CM,46.52
E,5,6,2,local,WB,1,2,No,CD8_CM,17.73
E,5,6,2,local,WB,1,2,No,CD3_EM,26.14
E,5,6,2,local,WB,1,2,No,CD4_EM,14.24
E,5,6,2,local,WB,1,2,No,CD8_EM,28.84
E,5,6,2,local,WB,1,2,No,CD3_TD,7.96
E,5,6,2,local,WB,1,2,No,CD4_TD,0.44
E,5,6,2,local,WB,1,2,No,CD8_TD,16.79
E,5,6,2,local,WB,1,3,No,CD3,55.07
E,5,6,2,local,WB,1,3,No,CD4,59
E,5,6,2,local,WB,1,3,No,CD8,36.08
E,5,6,2,local,WB,1,3,No,CD3_N,29.8
E,5,6,2,local,WB,1,3,No,CD4_N,31.44
E,5,6,2,local,WB,1,3,No,CD8_N,36.87
E,5,6,2,local,WB,1,3,No,CD3_CM,40.12
E,5,6,2,local,WB,1,3,No,CD4_CM,58.25
E,5,6,2,local,WB,1,3,No,CD8_CM,30.56
E,5,6,2,local,WB,1,3,No,CD3_EM,21.36
E,5,6,2,local,WB,1,3,No,CD4_EM,9.87
E,5,6,2,local,WB,1,3,No,CD8_EM,18.27
E,5,6,2,local,WB,1,3,No,CD3_TD,8.71
E,5,6,2,local,WB,1,3,No,CD4_TD,0.44
E,5,6,2,local,WB,1,3,No,CD8_TD,14.29
E,5,6,2,local,WB,2,1,No,CD3,65.47
E,5,6,2,local,WB,2,1,No,CD4,67.44
E,5,6,2,local,WB,2,1,No,CD8,24.2
E,5,6,2,local,WB,2,1,No,CD3_N,14.94
E,5,6,2,local,WB,2,1,No,CD4_N,18.67
E,5,6,2,local,WB,2,1,No,CD8_N,16.76
E,5,6,2,local,WB,2,1,No,CD3_CM,33.06
E,5,6,2,local,WB,2,1,No,CD4_CM,48.87
E,5,6,2,local,WB,2,1,No,CD8_CM,26.49
E,5,6,2,local,WB,2,1,No,CD3_EM,39
E,5,6,2,local,WB,2,1,No,CD4_EM,26.9
E,5,6,2,local,WB,2,1,No,CD8_EM,30.78
E,5,6,2,local,WB,2,1,No,CD3_TD,12.99
E,5,6,2,local,WB,2,1,No,CD4_TD,5.55
E,5,6,2,local,WB,2,1,No,CD8_TD,25.98
E,5,6,2,local,WB,2,2,No,CD3,66.95
E,5,6,2,local,WB,2,2,No,CD4,68.59
E,5,6,2,local,WB,2,2,No,CD8,23.41
E,5,6,2,local,WB,2,2,No,CD3_N,16.13
E,5,6,2,local,WB,2,2,No,CD4_N,19.95
E,5,6,2,local,WB,2,2,No,CD8_N,18.95
E,5,6,2,local,WB,2,2,No,CD3_CM,34.7
E,5,6,2,local,WB,2,2,No,CD4_CM,49.46
E,5,6,2,local,WB,2,2,No,CD8_CM,25.83
E,5,6,2,local,WB,2,2,No,CD3_EM,38.08
E,5,6,2,local,WB,2,2,No,CD4_EM,26.31
E,5,6,2,local,WB,2,2,No,CD8_EM,31.44
E,5,6,2,local,WB,2,2,No,CD3_TD,11.09
E,5,6,2,local,WB,2,2,No,CD4_TD,4.28
E,5,6,2,local,WB,2,2,No,CD8_TD,23.78
E,5,6,2,local,WB,2,3,No,CD3,65.85
E,5,6,2,local,WB,2,3,No,CD4,67.67
E,5,6,2,local,WB,2,3,No,CD8,24.46
E,5,6,2,local,WB,2,3,No,CD3_N,15.81
E,5,6,2,local,WB,2,3,No,CD4_N,19.59
E,5,6,2,local,WB,2,3,No,CD8_N,17.13
E,5,6,2,local,WB,2,3,No,CD3_CM,33.99
E,5,6,2,local,WB,2,3,No,CD4_CM,49.4
E,5,6,2,local,WB,2,3,No,CD8_CM,24.37
E,5,6,2,local,WB,2,3,No,CD3_EM,37.59
E,5,6,2,local,WB,2,3,No,CD4_EM,26.24
E,5,6,2,local,WB,2,3,No,CD8_EM,31.6
E,5,6,2,local,WB,2,3,No,CD3_TD,12.61
E,5,6,2,local,WB,2,3,No,CD4_TD,4.77
E,5,6,2,local,WB,2,3,No,CD8_TD,26.9
E,5,6,2,local,WB,3,1,No,CD3,57.08
E,5,6,2,local,WB,3,1,No,CD4,66.02
E,5,6,2,local,WB,3,1,No,CD8,27.33
E,5,6,2,local,WB,3,1,No,CD3_N,19.53
E,5,6,2,local,WB,3,1,No,CD4_N,17.89
E,5,6,2,local,WB,3,1,No,CD8_N,33.48
E,5,6,2,local,WB,3,1,No,CD3_CM,34.74
E,5,6,2,local,WB,3,1,No,CD4_CM,51.98
E,5,6,2,local,WB,3,1,No,CD8_CM,19.8
E,5,6,2,local,WB,3,1,No,CD3_EM,26.59
E,5,6,2,local,WB,3,1,No,CD4_EM,21.52
E,5,6,2,local,WB,3,1,No,CD8_EM,18.69
E,5,6,2,local,WB,3,1,No,CD3_TD,19.14
E,5,6,2,local,WB,3,1,No,CD4_TD,8.61
E,5,6,2,local,WB,3,1,No,CD8_TD,28.03
E,5,6,2,local,WB,3,2,No,CD3,57.53
E,5,6,2,local,WB,3,2,No,CD4,65.87
E,5,6,2,local,WB,3,2,No,CD8,27.25
E,5,6,2,local,WB,3,2,No,CD3_N,19.13
E,5,6,2,local,WB,3,2,No,CD4_N,17.68
E,5,6,2,local,WB,3,2,No,CD8_N,33.35
E,5,6,2,local,WB,3,2,No,CD3_CM,35.19
E,5,6,2,local,WB,3,2,No,CD4_CM,52.71
E,5,6,2,local,WB,3,2,No,CD8_CM,19.03
E,5,6,2,local,WB,3,2,No,CD3_EM,26.44
E,5,6,2,local,WB,3,2,No,CD4_EM,21.32
E,5,6,2,local,WB,3,2,No,CD8_EM,19.35
E,5,6,2,local,WB,3,2,No,CD3_TD,19.24
E,5,6,2,local,WB,3,2,No,CD4_TD,8.3
E,5,6,2,local,WB,3,2,No,CD8_TD,28.26
E,5,6,2,local,WB,3,3,No,CD3,57.57
E,5,6,2,local,WB,3,3,No,CD4,66.06
E,5,6,2,local,WB,3,3,No,CD8,26.92
E,5,6,2,local,WB,3,3,No,CD3_N,19.75
E,5,6,2,local,WB,3,3,No,CD4_N,17.95
E,5,6,2,local,WB,3,3,No,CD8_N,34.96
E,5,6,2,local,WB,3,3,No,CD3_CM,34.97
E,5,6,2,local,WB,3,3,No,CD4_CM,52.48
E,5,6,2,local,WB,3,3,No,CD8_CM,19.22
E,5,6,2,local,WB,3,3,No,CD3_EM,26.19
E,5,6,2,local,WB,3,3,No,CD4_EM,21.21
E,5,6,2,local,WB,3,3,No,CD8_EM,18.5
E,5,6,2,local,WB,3,3,No,CD3_TD,19.09
E,5,6,2,local,WB,3,3,No,CD4_TD,8.36
E,5,6,2,local,WB,3,3,No,CD8_TD,27.32
F,4,4,1,centr,PBMC,1,1,No,CD3,75.72
F,4,4,1,centr,PBMC,1,1,No,CD4,52.85
F,4,4,1,centr,PBMC,1,1,No,CD8,42.62
F,4,4,1,centr,PBMC,1,1,No,CD3_N,14.43
F,4,4,1,centr,PBMC,1,1,No,CD4_N,22.6
F,4,4,1,centr,PBMC,1,1,No,CD8_N,5.53
F,4,4,1,centr,PBMC,1,1,No,CD3_CM,31.91
F,4,4,1,centr,PBMC,1,1,No,CD4_CM,50.34
F,4,4,1,centr,PBMC,1,1,No,CD8_CM,10.02
F,4,4,1,centr,PBMC,1,1,No,CD3_EM,34.1
F,4,4,1,centr,PBMC,1,1,No,CD4_EM,25.84
F,4,4,1,centr,PBMC,1,1,No,CD8_EM,47.2
F,4,4,1,centr,PBMC,1,1,No,CD3_TD,19.56
F,4,4,1,centr,PBMC,1,1,No,CD4_TD,1.22
F,4,4,1,centr,PBMC,1,1,No,CD8_TD,37.25
F,4,4,1,centr,PBMC,1,2,No,CD3,75.81
F,4,4,1,centr,PBMC,1,2,No,CD4,45.59
F,4,4,1,centr,PBMC,1,2,No,CD8,49.21
F,4,4,1,centr,PBMC,1,2,No,CD3_N,11.69
F,4,4,1,centr,PBMC,1,2,No,CD4_N,19.08
F,4,4,1,centr,PBMC,1,2,No,CD8_N,4.85
F,4,4,1,centr,PBMC,1,2,No,CD3_CM,28.38
F,4,4,1,centr,PBMC,1,2,No,CD4_CM,48.36
F,4,4,1,centr,PBMC,1,2,No,CD8_CM,12.01
F,4,4,1,centr,PBMC,1,2,No,CD3_EM,39.3
F,4,4,1,centr,PBMC,1,2,No,CD4_EM,30.42
F,4,4,1,centr,PBMC,1,2,No,CD8_EM,49.15
F,4,4,1,centr,PBMC,1,2,No,CD3_TD,20.62
F,4,4,1,centr,PBMC,1,2,No,CD4_TD,2.14
F,4,4,1,centr,PBMC,1,2,No,CD8_TD,33.99
F,4,4,1,centr,PBMC,1,3,No,CD3,76.59
F,4,4,1,centr,PBMC,1,3,No,CD4,45.62
F,4,4,1,centr,PBMC,1,3,No,CD8,48.82
F,4,4,1,centr,PBMC,1,3,No,CD3_N,12.26
F,4,4,1,centr,PBMC,1,3,No,CD4_N,21.67
F,4,4,1,centr,PBMC,1,3,No,CD8_N,5.38
F,4,4,1,centr,PBMC,1,3,No,CD3_CM,24.53
F,4,4,1,centr,PBMC,1,3,No,CD4_CM,42.35
F,4,4,1,centr,PBMC,1,3,No,CD8_CM,8.49
F,4,4,1,centr,PBMC,1,3,No,CD3_EM,33.81
F,4,4,1,centr,PBMC,1,3,No,CD4_EM,32.22
F,4,4,1,centr,PBMC,1,3,No,CD8_EM,34.02
F,4,4,1,centr,PBMC,1,3,No,CD3_TD,29.4
F,4,4,1,centr,PBMC,1,3,No,CD4_TD,3.76
F,4,4,1,centr,PBMC,1,3,No,CD8_TD,52.11
F,4,4,1,centr,PBMC,2,1,No,CD3,86.23
F,4,4,1,centr,PBMC,2,1,No,CD4,49.92
F,4,4,1,centr,PBMC,2,1,No,CD8,47.82
F,4,4,1,centr,PBMC,2,1,No,CD3_N,6.05
F,4,4,1,centr,PBMC,2,1,No,CD4_N,6.65
F,4,4,1,centr,PBMC,2,1,No,CD8_N,4.37
F,4,4,1,centr,PBMC,2,1,No,CD3_CM,25.49
F,4,4,1,centr,PBMC,2,1,No,CD4_CM,38.06
F,4,4,1,centr,PBMC,2,1,No,CD8_CM,12.26
F,4,4,1,centr,PBMC,2,1,No,CD3_EM,38.47
F,4,4,1,centr,PBMC,2,1,No,CD4_EM,53.5
F,4,4,1,centr,PBMC,2,1,No,CD8_EM,23.68
F,4,4,1,centr,PBMC,2,1,No,CD3_TD,29.99
F,4,4,1,centr,PBMC,2,1,No,CD4_TD,1.78
F,4,4,1,centr,PBMC,2,1,No,CD8_TD,59.69
F,4,4,1,centr,PBMC,2,2,No,CD3,85.27
F,4,4,1,centr,PBMC,2,2,No,CD4,40.97
F,4,4,1,centr,PBMC,2,2,No,CD8,56.16
F,4,4,1,centr,PBMC,2,2,No,CD3_N,5.65
F,4,4,1,centr,PBMC,2,2,No,CD4_N,7.2
F,4,4,1,centr,PBMC,2,2,No,CD8_N,4.17
F,4,4,1,centr,PBMC,2,2,No,CD3_CM,19.48
F,4,4,1,centr,PBMC,2,2,No,CD4_CM,33.79
F,4,4,1,centr,PBMC,2,2,No,CD8_CM,9.8
F,4,4,1,centr,PBMC,2,2,No,CD3_EM,35.57
F,4,4,1,centr,PBMC,2,2,No,CD4_EM,57.04
F,4,4,1,centr,PBMC,2,2,No,CD8_EM,19.47
F,4,4,1,centr,PBMC,2,2,No,CD3_TD,39.31
F,4,4,1,centr,PBMC,2,2,No,CD4_TD,1.97
F,4,4,1,centr,PBMC,2,2,No,CD8_TD,66.56
F,4,4,1,centr,PBMC,2,3,No,CD3,87.11
F,4,4,1,centr,PBMC,2,3,No,CD4,40.64
F,4,4,1,centr,PBMC,2,3,No,CD8,55.91
F,4,4,1,centr,PBMC,2,3,No,CD3_N,5.84
F,4,4,1,centr,PBMC,2,3,No,CD4_N,7.8
F,4,4,1,centr,PBMC,2,3,No,CD8_N,4.52
F,4,4,1,centr,PBMC,2,3,No,CD3_CM,17.09
F,4,4,1,centr,PBMC,2,3,No,CD4_CM,28.37
F,4,4,1,centr,PBMC,2,3,No,CD8_CM,8.65
F,4,4,1,centr,PBMC,2,3,No,CD3_EM,35.61
F,4,4,1,centr,PBMC,2,3,No,CD4_EM,59.85
F,4,4,1,centr,PBMC,2,3,No,CD8_EM,15.63
F,4,4,1,centr,PBMC,2,3,No,CD3_TD,41.46
F,4,4,1,centr,PBMC,2,3,No,CD4_TD,3.98
F,4,4,1,centr,PBMC,2,3,No,CD8_TD,71.2
F,4,4,1,centr,PBMC,3,1,No,CD3,63.08
F,4,4,1,centr,PBMC,3,1,No,CD4,56.39
F,4,4,1,centr,PBMC,3,1,No,CD8,36.77
F,4,4,1,centr,PBMC,3,1,No,CD3_N,14.72
F,4,4,1,centr,PBMC,3,1,No,CD4_N,19.27
F,4,4,1,centr,PBMC,3,1,No,CD8_N,10.35
F,4,4,1,centr,PBMC,3,1,No,CD3_CM,29.1
F,4,4,1,centr,PBMC,3,1,No,CD4_CM,46.51
F,4,4,1,centr,PBMC,3,1,No,CD8_CM,5.08
F,4,4,1,centr,PBMC,3,1,No,CD3_EM,34.54
F,4,4,1,centr,PBMC,3,1,No,CD4_EM,33.91
F,4,4,1,centr,PBMC,3,1,No,CD8_EM,34.49
F,4,4,1,centr,PBMC,3,1,No,CD3_TD,21.65
F,4,4,1,centr,PBMC,3,1,No,CD4_TD,0.31
F,4,4,1,centr,PBMC,3,1,No,CD8_TD,50.07
F,4,4,1,centr,PBMC,3,2,No,CD3,72.23
F,4,4,1,centr,PBMC,3,2,No,CD4,51.25
F,4,4,1,centr,PBMC,3,2,No,CD8,41.4
F,4,4,1,centr,PBMC,3,2,No,CD3_N,17.56
F,4,4,1,centr,PBMC,3,2,No,CD4_N,25.52
F,4,4,1,centr,PBMC,3,2,No,CD8_N,10.17
F,4,4,1,centr,PBMC,3,2,No,CD3_CM,28.57
F,4,4,1,centr,PBMC,3,2,No,CD4_CM,46.78
F,4,4,1,centr,PBMC,3,2,No,CD8_CM,8.99
F,4,4,1,centr,PBMC,3,2,No,CD3_EM,25.08
F,4,4,1,centr,PBMC,3,2,No,CD4_EM,27.28
F,4,4,1,centr,PBMC,3,2,No,CD8_EM,21.23
F,4,4,1,centr,PBMC,3,2,No,CD3_TD,28.8
F,4,4,1,centr,PBMC,3,2,No,CD4_TD,0.42
F,4,4,1,centr,PBMC,3,2,No,CD8_TD,59.6
F,4,4,1,centr,PBMC,3,3,No,CD3,74.29
F,4,4,1,centr,PBMC,3,3,No,CD4,48.12
F,4,4,1,centr,PBMC,3,3,No,CD8,43.12
F,4,4,1,centr,PBMC,3,3,No,CD3_N,16.29
F,4,4,1,centr,PBMC,3,3,No,CD4_N,27.55
F,4,4,1,centr,PBMC,3,3,No,CD8_N,8.51
F,4,4,1,centr,PBMC,3,3,No,CD3_CM,24.18
F,4,4,1,centr,PBMC,3,3,No,CD4_CM,40.61
F,4,4,1,centr,PBMC,3,3,No,CD8_CM,7.49
F,4,4,1,centr,PBMC,3,3,No,CD3_EM,26.7
F,4,4,1,centr,PBMC,3,3,No,CD4_EM,30.92
F,4,4,1,centr,PBMC,3,3,No,CD8_EM,20.03
F,4,4,1,centr,PBMC,3,3,No,CD3_TD,32.84
F,4,4,1,centr,PBMC,3,3,No,CD4_TD,0.92
F,4,4,1,centr,PBMC,3,3,No,CD8_TD,63.97
F,4,4,1,centr,WB,1,1,No,CD3,57.01
F,4,4,1,centr,WB,1,1,No,CD4,64.17
F,4,4,1,centr,WB,1,1,No,CD8,32.58
F,4,4,1,centr,WB,1,1,No,CD3_N,26.06
F,4,4,1,centr,WB,1,1,No,CD4_N,31.02
F,4,4,1,centr,WB,1,1,No,CD8_N,36.84
F,4,4,1,centr,WB,1,1,No,CD3_CM,47.81
F,4,4,1,centr,WB,1,1,No,CD4_CM,55.03
F,4,4,1,centr,WB,1,1,No,CD8_CM,16.98
F,4,4,1,centr,WB,1,1,No,CD3_EM,20.81
F,4,4,1,centr,WB,1,1,No,CD4_EM,13.51
F,4,4,1,centr,WB,1,1,No,CD8_EM,35.06
F,4,4,1,centr,WB,1,1,No,CD3_TD,5.31
F,4,4,1,centr,WB,1,1,No,CD4_TD,0.43
F,4,4,1,centr,WB,1,1,No,CD8_TD,11.12
F,4,4,1,centr,WB,1,2,Yes,CD3,54.92
F,4,4,1,centr,WB,1,2,Yes,CD4,65
F,4,4,1,centr,WB,1,2,Yes,CD8,30.42
F,4,4,1,centr,WB,1,2,Yes,CD3_N,47.5
F,4,4,1,centr,WB,1,2,Yes,CD4_N,53.21
F,4,4,1,centr,WB,1,2,Yes,CD8_N,19.18
F,4,4,1,centr,WB,1,2,Yes,CD3_CM,15.83
F,4,4,1,centr,WB,1,2,Yes,CD4_CM,10.9
F,4,4,1,centr,WB,1,2,Yes,CD8_CM,26.03
F,4,4,1,centr,WB,1,2,Yes,CD3_EM,31.25
F,4,4,1,centr,WB,1,2,Yes,CD4_EM,35.9
F,4,4,1,centr,WB,1,2,Yes,CD8_EM,43.84
F,4,4,1,centr,WB,1,2,Yes,CD3_TD,5.42
F,4,4,1,centr,WB,1,2,Yes,CD4_TD,0
F,4,4,1,centr,WB,1,2,Yes,CD8_TD,10.96
F,4,4,1,centr,WB,1,3,Yes,CD3,42.31
F,4,4,1,centr,WB,1,3,Yes,CD4,67.05
F,4,4,1,centr,WB,1,3,Yes,CD8,30.68
F,4,4,1,centr,WB,1,3,Yes,CD3_N,49.62
F,4,4,1,centr,WB,1,3,Yes,CD4_N,50.85
F,4,4,1,centr,WB,1,3,Yes,CD8_N,24.69
F,4,4,1,centr,WB,1,3,Yes,CD3_CM,14.77
F,4,4,1,centr,WB,1,3,Yes,CD4_CM,10.17
F,4,4,1,centr,WB,1,3,Yes,CD8_CM,25.93
F,4,4,1,centr,WB,1,3,Yes,CD3_EM,30.68
F,4,4,1,centr,WB,1,3,Yes,CD4_EM,38.42
F,4,4,1,centr,WB,1,3,Yes,CD8_EM,35.8
F,4,4,1,centr,WB,1,3,Yes,CD3_TD,4.92
F,4,4,1,centr,WB,1,3,Yes,CD4_TD,0.56
F,4,4,1,centr,WB,1,3,Yes,CD8_TD,13.58
F,4,4,1,centr,WB,2,1,No,CD3,71.62
F,4,4,1,centr,WB,2,1,No,CD4,69.43
F,4,4,1,centr,WB,2,1,No,CD8,24.36
F,4,4,1,centr,WB,2,1,No,CD3_N,11.75
F,4,4,1,centr,WB,2,1,No,CD4_N,13.35
F,4,4,1,centr,WB,2,1,No,CD8_N,12.16
F,4,4,1,centr,WB,2,1,No,CD3_CM,45.1
F,4,4,1,centr,WB,2,1,No,CD4_CM,49.04
F,4,4,1,centr,WB,2,1,No,CD8_CM,27.45
F,4,4,1,centr,WB,2,1,No,CD3_EM,36.16
F,4,4,1,centr,WB,2,1,No,CD4_EM,36.77
F,4,4,1,centr,WB,2,1,No,CD8_EM,45.22
F,4,4,1,centr,WB,2,1,No,CD3_TD,6.99
F,4,4,1,centr,WB,2,1,No,CD4_TD,0.84
F,4,4,1,centr,WB,2,1,No,CD8_TD,15.17
F,4,4,1,centr,WB,2,2,No,CD3,64.46
F,4,4,1,centr,WB,2,2,No,CD4,67.95
F,4,4,1,centr,WB,2,2,No,CD8,25.67
F,4,4,1,centr,WB,2,2,No,CD3_N,12.16
F,4,4,1,centr,WB,2,2,No,CD4_N,13.89
F,4,4,1,centr,WB,2,2,No,CD8_N,12.61
F,4,4,1,centr,WB,2,2,No,CD3_CM,44.41
F,4,4,1,centr,WB,2,2,No,CD4_CM,48.31
F,4,4,1,centr,WB,2,2,No,CD8_CM,27.44
F,4,4,1,centr,WB,2,2,No,CD3_EM,35.31
F,4,4,1,centr,WB,2,2,No,CD4_EM,36.73
F,4,4,1,centr,WB,2,2,No,CD8_EM,43.19
F,4,4,1,centr,WB,2,2,No,CD3_TD,8.13
F,4,4,1,centr,WB,2,2,No,CD4_TD,1.06
F,4,4,1,centr,WB,2,2,No,CD8_TD,16.76
F,4,4,1,centr,WB,2,3,No,CD3,62.46
F,4,4,1,centr,WB,2,3,No,CD4,67.35
F,4,4,1,centr,WB,2,3,No,CD8,25.41
F,4,4,1,centr,WB,2,3,No,CD3_N,12.06
F,4,4,1,centr,WB,2,3,No,CD4_N,13.84
F,4,4,1,centr,WB,2,3,No,CD8_N,12.42
F,4,4,1,centr,WB,2,3,No,CD3_CM,41.44
F,4,4,1,centr,WB,2,3,No,CD4_CM,44.63
F,4,4,1,centr,WB,2,3,No,CD8_CM,26.05
F,4,4,1,centr,WB,2,3,No,CD3_EM,37.58
F,4,4,1,centr,WB,2,3,No,CD4_EM,40.03
F,4,4,1,centr,WB,2,3,No,CD8_EM,43.13
F,4,4,1,centr,WB,2,3,No,CD3_TD,8.93
F,4,4,1,centr,WB,2,3,No,CD4_TD,1.51
F,4,4,1,centr,WB,2,3,No,CD8_TD,18.4
F,4,4,1,centr,WB,3,1,No,CD3,58.33
F,4,4,1,centr,WB,3,1,No,CD4,67.68
F,4,4,1,centr,WB,3,1,No,CD8,26.76
F,4,4,1,centr,WB,3,1,No,CD3_N,16.94
F,4,4,1,centr,WB,3,1,No,CD4_N,13.48
F,4,4,1,centr,WB,3,1,No,CD8_N,30.39
F,4,4,1,centr,WB,3,1,No,CD3_CM,44.51
F,4,4,1,centr,WB,3,1,No,CD4_CM,56.22
F,4,4,1,centr,WB,3,1,No,CD8_CM,16.92
F,4,4,1,centr,WB,3,1,No,CD3_EM,22.87
F,4,4,1,centr,WB,3,1,No,CD4_EM,22.26
F,4,4,1,centr,WB,3,1,No,CD8_EM,24.2
F,4,4,1,centr,WB,3,1,No,CD3_TD,15.69
F,4,4,1,centr,WB,3,1,No,CD4_TD,8.04
F,4,4,1,centr,WB,3,1,No,CD8_TD,28.49
F,4,4,1,centr,WB,3,2,No,CD3,58.12
F,4,4,1,centr,WB,3,2,No,CD4,67.39
F,4,4,1,centr,WB,3,2,No,CD8,26.35
F,4,4,1,centr,WB,3,2,No,CD3_N,17.56
F,4,4,1,centr,WB,3,2,No,CD4_N,12.61
F,4,4,1,centr,WB,3,2,No,CD8_N,30.04
F,4,4,1,centr,WB,3,2,No,CD3_CM,41.48
F,4,4,1,centr,WB,3,2,No,CD4_CM,54.16
F,4,4,1,centr,WB,3,2,No,CD8_CM,16.6
F,4,4,1,centr,WB,3,2,No,CD3_EM,22.6
F,4,4,1,centr,WB,3,2,No,CD4_EM,25.25
F,4,4,1,centr,WB,3,2,No,CD8_EM,23.45
F,4,4,1,centr,WB,3,2,No,CD3_TD,18.36
F,4,4,1,centr,WB,3,2,No,CD4_TD,7.98
F,4,4,1,centr,WB,3,2,No,CD8_TD,29.91
F,4,4,1,centr,WB,3,3,No,CD3,56.73
F,4,4,1,centr,WB,3,3,No,CD4,66.41
F,4,4,1,centr,WB,3,3,No,CD8,27.28
F,4,4,1,centr,WB,3,3,No,CD3_N,17.08
F,4,4,1,centr,WB,3,3,No,CD4_N,12.13
F,4,4,1,centr,WB,3,3,No,CD8_N,29.35
F,4,4,1,centr,WB,3,3,No,CD3_CM,37.38
F,4,4,1,centr,WB,3,3,No,CD4_CM,49.68
F,4,4,1,centr,WB,3,3,No,CD8_CM,13.93
F,4,4,1,centr,WB,3,3,No,CD3_EM,26.55
F,4,4,1,centr,WB,3,3,No,CD4_EM,29.97
F,4,4,1,centr,WB,3,3,No,CD8_EM,26.73
F,4,4,1,centr,WB,3,3,No,CD3_TD,19
F,4,4,1,centr,WB,3,3,No,CD4_TD,8.21
F,4,4,1,centr,WB,3,3,No,CD8_TD,30
F,4,4,1,local,PBMC,1,1,No,CD3,76.9
F,4,4,1,local,PBMC,1,1,No,CD4,52.9
F,4,4,1,local,PBMC,1,1,No,CD8,42.7
F,4,4,1,local,PBMC,1,1,No,CD3_N,14.9
F,4,4,1,local,PBMC,1,1,No,CD4_N,23.1
F,4,4,1,local,PBMC,1,1,No,CD8_N,5.5
F,4,4,1,local,PBMC,1,1,No,CD3_CM,32.7
F,4,4,1,local,PBMC,1,1,No,CD4_CM,52.3
F,4,4,1,local,PBMC,1,1,No,CD8_CM,10.1
F,4,4,1,local,PBMC,1,1,No,CD3_EM,32.7
F,4,4,1,local,PBMC,1,1,No,CD4_EM,23.4
F,4,4,1,local,PBMC,1,1,No,CD8_EM,53.7
F,4,4,1,local,PBMC,1,1,No,CD3_TD,19.7
F,4,4,1,local,PBMC,1,1,No,CD4_TD,1.3
F,4,4,1,local,PBMC,1,1,No,CD8_TD,30.6
F,4,4,1,local,PBMC,1,2,No,CD3,76.5
F,4,4,1,local,PBMC,1,2,No,CD4,46.1
F,4,4,1,local,PBMC,1,2,No,CD8,48.6
F,4,4,1,local,PBMC,1,2,No,CD3_N,13.1
F,4,4,1,local,PBMC,1,2,No,CD4_N,19.9
F,4,4,1,local,PBMC,1,2,No,CD8_N,5.2
F,4,4,1,local,PBMC,1,2,No,CD3_CM,30.4
F,4,4,1,local,PBMC,1,2,No,CD4_CM,52
F,4,4,1,local,PBMC,1,2,No,CD8_CM,11.3
F,4,4,1,local,PBMC,1,2,No,CD3_EM,37
F,4,4,1,local,PBMC,1,2,No,CD4_EM,26
F,4,4,1,local,PBMC,1,2,No,CD8_EM,55
F,4,4,1,local,PBMC,1,2,No,CD3_TD,19.5
F,4,4,1,local,PBMC,1,2,No,CD4_TD,2.2
F,4,4,1,local,PBMC,1,2,No,CD8_TD,28.5
F,4,4,1,local,PBMC,1,3,No,CD3,77.1
F,4,4,1,local,PBMC,1,3,No,CD4,46.1
F,4,4,1,local,PBMC,1,3,No,CD8,48.9
F,4,4,1,local,PBMC,1,3,No,CD3_N,14.2
F,4,4,1,local,PBMC,1,3,No,CD4_N,22.4
F,4,4,1,local,PBMC,1,3,No,CD8_N,5.7
F,4,4,1,local,PBMC,1,3,No,CD3_CM,25.4
F,4,4,1,local,PBMC,1,3,No,CD4_CM,46
F,4,4,1,local,PBMC,1,3,No,CD8_CM,8.3
F,4,4,1,local,PBMC,1,3,No,CD3_EM,30.2
F,4,4,1,local,PBMC,1,3,No,CD4_EM,27.8
F,4,4,1,local,PBMC,1,3,No,CD8_EM,38.4
F,4,4,1,local,PBMC,1,3,No,CD3_TD,30.2
F,4,4,1,local,PBMC,1,3,No,CD4_TD,3.8
F,4,4,1,local,PBMC,1,3,No,CD8_TD,47.1
F,4,4,1,local,PBMC,2,1,No,CD3,86.8
F,4,4,1,local,PBMC,2,1,No,CD4,50.1
F,4,4,1,local,PBMC,2,1,No,CD8,47.8
F,4,4,1,local,PBMC,2,1,No,CD3_N,7.9
F,4,4,1,local,PBMC,2,1,No,CD4_N,7.2
F,4,4,1,local,PBMC,2,1,No,CD8_N,5.5
F,4,4,1,local,PBMC,2,1,No,CD3_CM,26.4
F,4,4,1,local,PBMC,2,1,No,CD4_CM,40.8
F,4,4,1,local,PBMC,2,1,No,CD8_CM,12.6
F,4,4,1,local,PBMC,2,1,No,CD3_EM,37.1
F,4,4,1,local,PBMC,2,1,No,CD4_EM,50
F,4,4,1,local,PBMC,2,1,No,CD8_EM,27.8
F,4,4,1,local,PBMC,2,1,No,CD3_TD,28.5
F,4,4,1,local,PBMC,2,1,No,CD4_TD,2
F,4,4,1,local,PBMC,2,1,No,CD8_TD,54.1
F,4,4,1,local,PBMC,2,2,No,CD3,85.6
F,4,4,1,local,PBMC,2,2,No,CD4,41.5
F,4,4,1,local,PBMC,2,2,No,CD8,56.1
F,4,4,1,local,PBMC,2,2,No,CD3_N,7.5
F,4,4,1,local,PBMC,2,2,No,CD4_N,7.8
F,4,4,1,local,PBMC,2,2,No,CD8_N,5
F,4,4,1,local,PBMC,2,2,No,CD3_CM,20.9
F,4,4,1,local,PBMC,2,2,No,CD4_CM,37.6
F,4,4,1,local,PBMC,2,2,No,CD8_CM,9.5
F,4,4,1,local,PBMC,2,2,No,CD3_EM,33.8
F,4,4,1,local,PBMC,2,2,No,CD4_EM,52.3
F,4,4,1,local,PBMC,2,2,No,CD8_EM,22.7
F,4,4,1,local,PBMC,2,2,No,CD3_TD,37.8
F,4,4,1,local,PBMC,2,2,No,CD4_TD,2.3
F,4,4,1,local,PBMC,2,2,No,CD8_TD,62.7
F,4,4,1,local,PBMC,2,3,No,CD3,87.5
F,4,4,1,local,PBMC,2,3,No,CD4,42
F,4,4,1,local,PBMC,2,3,No,CD8,55.9
F,4,4,1,local,PBMC,2,3,No,CD3_N,8.3
F,4,4,1,local,PBMC,2,3,No,CD4_N,8.8
F,4,4,1,local,PBMC,2,3,No,CD8_N,5.7
F,4,4,1,local,PBMC,2,3,No,CD3_CM,17.8
F,4,4,1,local,PBMC,2,3,No,CD4_CM,31.5
F,4,4,1,local,PBMC,2,3,No,CD8_CM,8.8
F,4,4,1,local,PBMC,2,3,No,CD3_EM,33.1
F,4,4,1,local,PBMC,2,3,No,CD4_EM,54.9
F,4,4,1,local,PBMC,2,3,No,CD8_EM,18.1
F,4,4,1,local,PBMC,2,3,No,CD3_TD,40.8
F,4,4,1,local,PBMC,2,3,No,CD4_TD,4.9
F,4,4,1,local,PBMC,2,3,No,CD8_TD,67.4
F,4,4,1,local,PBMC,3,1,No,CD3,71.3
F,4,4,1,local,PBMC,3,1,No,CD4,55.5
F,4,4,1,local,PBMC,3,1,No,CD8,36.5
F,4,4,1,local,PBMC,3,1,No,CD3_N,14.1
F,4,4,1,local,PBMC,3,1,No,CD4_N,21.2
F,4,4,1,local,PBMC,3,1,No,CD8_N,10.4
F,4,4,1,local,PBMC,3,1,No,CD3_CM,29.6
F,4,4,1,local,PBMC,3,1,No,CD4_CM,51.6
F,4,4,1,local,PBMC,3,1,No,CD8_CM,7
F,4,4,1,local,PBMC,3,1,No,CD3_EM,34.5
F,4,4,1,local,PBMC,3,1,No,CD4_EM,27.1
F,4,4,1,local,PBMC,3,1,No,CD8_EM,34
F,4,4,1,local,PBMC,3,1,No,CD3_TD,21.7
F,4,4,1,local,PBMC,3,1,No,CD4_TD,0.1
F,4,4,1,local,PBMC,3,1,No,CD8_TD,48.6
F,4,4,1,local,PBMC,3,2,No,CD3,72.5
F,4,4,1,local,PBMC,3,2,No,CD4,51.3
F,4,4,1,local,PBMC,3,2,No,CD8,40.7
F,4,4,1,local,PBMC,3,2,No,CD3_N,18.6
F,4,4,1,local,PBMC,3,2,No,CD4_N,26
F,4,4,1,local,PBMC,3,2,No,CD8_N,10.7
F,4,4,1,local,PBMC,3,2,No,CD3_CM,29.8
F,4,4,1,local,PBMC,3,2,No,CD4_CM,49.7
F,4,4,1,local,PBMC,3,2,No,CD8_CM,8.9
F,4,4,1,local,PBMC,3,2,No,CD3_EM,23.6
F,4,4,1,local,PBMC,3,2,No,CD4_EM,23
F,4,4,1,local,PBMC,3,2,No,CD8_EM,24.1
F,4,4,1,local,PBMC,3,2,No,CD3_TD,28
F,4,4,1,local,PBMC,3,2,No,CD4_TD,0.3
F,4,4,1,local,PBMC,3,2,No,CD8_TD,56.3
F,4,4,1,local,PBMC,3,3,No,CD3,74.6
F,4,4,1,local,PBMC,3,3,No,CD4,48.4
F,4,4,1,local,PBMC,3,3,No,CD8,42.7
F,4,4,1,local,PBMC,3,3,No,CD3_N,18
F,4,4,1,local,PBMC,3,3,No,CD4_N,28.5
F,4,4,1,local,PBMC,3,3,No,CD8_N,8.9
F,4,4,1,local,PBMC,3,3,No,CD3_CM,24.7
F,4,4,1,local,PBMC,3,3,No,CD4_CM,43.6
F,4,4,1,local,PBMC,3,3,No,CD8_CM,7.5
F,4,4,1,local,PBMC,3,3,No,CD3_EM,24.2
F,4,4,1,local,PBMC,3,3,No,CD4_EM,27.3
F,4,4,1,local,PBMC,3,3,No,CD8_EM,22.8
F,4,4,1,local,PBMC,3,3,No,CD3_TD,33.1
F,4,4,1,local,PBMC,3,3,No,CD4_TD,0.7
F,4,4,1,local,PBMC,3,3,No,CD8_TD,60.8
F,4,4,1,local,WB,1,1,No,CD3,56.8
F,4,4,1,local,WB,1,1,No,CD4,64.4
F,4,4,1,local,WB,1,1,No,CD8,32
F,4,4,1,local,WB,1,1,No,CD3_N,23.6
F,4,4,1,local,WB,1,1,No,CD4_N,17.1
F,4,4,1,local,WB,1,1,No,CD8_N,38.2
F,4,4,1,local,WB,1,1,No,CD3_CM,48.8
F,4,4,1,local,WB,1,1,No,CD4_CM,67.3
F,4,4,1,local,WB,1,1,No,CD8_CM,15
F,4,4,1,local,WB,1,1,No,CD3_EM,23
F,4,4,1,local,WB,1,1,No,CD4_EM,15.5
F,4,4,1,local,WB,1,1,No,CD8_EM,33.5
F,4,4,1,local,WB,1,1,No,CD3_TD,4.6
F,4,4,1,local,WB,1,1,No,CD4_TD,0.1
F,4,4,1,local,WB,1,1,No,CD8_TD,13.2
F,4,4,1,local,WB,1,2,Yes,CD3, 
F,4,4,1,local,WB,1,2,Yes,CD4, 
F,4,4,1,local,WB,1,2,Yes,CD8, 
F,4,4,1,local,WB,1,2,Yes,CD3_N, 
F,4,4,1,local,WB,1,2,Yes,CD4_N, 
F,4,4,1,local,WB,1,2,Yes,CD8_N, 
F,4,4,1,local,WB,1,2,Yes,CD3_CM, 
F,4,4,1,local,WB,1,2,Yes,CD4_CM, 
F,4,4,1,local,WB,1,2,Yes,CD8_CM, 
F,4,4,1,local,WB,1,2,Yes,CD3_EM, 
F,4,4,1,local,WB,1,2,Yes,CD4_EM, 
F,4,4,1,local,WB,1,2,Yes,CD8_EM, 
F,4,4,1,local,WB,1,2,Yes,CD3_TD, 
F,4,4,1,local,WB,1,2,Yes,CD4_TD, 
F,4,4,1,local,WB,1,2,Yes,CD8_TD, 
F,4,4,1,local,WB,1,3,Yes,CD3, 
F,4,4,1,local,WB,1,3,Yes,CD4, 
F,4,4,1,local,WB,1,3,Yes,CD8, 
F,4,4,1,local,WB,1,3,Yes,CD3_N, 
F,4,4,1,local,WB,1,3,Yes,CD4_N, 
F,4,4,1,local,WB,1,3,Yes,CD8_N, 
F,4,4,1,local,WB,1,3,Yes,CD3_CM, 
F,4,4,1,local,WB,1,3,Yes,CD4_CM, 
F,4,4,1,local,WB,1,3,Yes,CD8_CM, 
F,4,4,1,local,WB,1,3,Yes,CD3_EM, 
F,4,4,1,local,WB,1,3,Yes,CD4_EM, 
F,4,4,1,local,WB,1,3,Yes,CD8_EM, 
F,4,4,1,local,WB,1,3,Yes,CD3_TD, 
F,4,4,1,local,WB,1,3,Yes,CD4_TD, 
F,4,4,1,local,WB,1,3,Yes,CD8_TD, 
F,4,4,1,local,WB,2,1,No,CD3,71.1
F,4,4,1,local,WB,2,1,No,CD4,69.7
F,4,4,1,local,WB,2,1,No,CD8,22.5
F,4,4,1,local,WB,2,1,No,CD3_N,9.1
F,4,4,1,local,WB,2,1,No,CD4_N,11
F,4,4,1,local,WB,2,1,No,CD8_N,13
F,4,4,1,local,WB,2,1,No,CD3_CM,51.7
F,4,4,1,local,WB,2,1,No,CD4_CM,52.6
F,4,4,1,local,WB,2,1,No,CD8_CM,28.4
F,4,4,1,local,WB,2,1,No,CD3_EM,33.2
F,4,4,1,local,WB,2,1,No,CD4_EM,35.2
F,4,4,1,local,WB,2,1,No,CD8_EM,41.9
F,4,4,1,local,WB,2,1,No,CD3_TD,6
F,4,4,1,local,WB,2,1,No,CD4_TD,1.2
F,4,4,1,local,WB,2,1,No,CD8_TD,16.6
F,4,4,1,local,WB,2,2,No,CD3,64.3
F,4,4,1,local,WB,2,2,No,CD4,68.7
F,4,4,1,local,WB,2,2,No,CD8,23.9
F,4,4,1,local,WB,2,2,No,CD3_N,9
F,4,4,1,local,WB,2,2,No,CD4_N,7.9
F,4,4,1,local,WB,2,2,No,CD8_N,13.7
F,4,4,1,local,WB,2,2,No,CD3_CM,46.8
F,4,4,1,local,WB,2,2,No,CD4_CM,58.5
F,4,4,1,local,WB,2,2,No,CD8_CM,27.4
F,4,4,1,local,WB,2,2,No,CD3_EM,37.2
F,4,4,1,local,WB,2,2,No,CD4_EM,33.1
F,4,4,1,local,WB,2,2,No,CD8_EM,40.7
F,4,4,1,local,WB,2,2,No,CD3_TD,7
F,4,4,1,local,WB,2,2,No,CD4_TD,0.5
F,4,4,1,local,WB,2,2,No,CD8_TD,18.1
F,4,4,1,local,WB,2,3,No,CD3,62
F,4,4,1,local,WB,2,3,No,CD4,67.7
F,4,4,1,local,WB,2,3,No,CD8,24.3
F,4,4,1,local,WB,2,3,No,CD3_N,9.3
F,4,4,1,local,WB,2,3,No,CD4_N,8.7
F,4,4,1,local,WB,2,3,No,CD8_N,12.7
F,4,4,1,local,WB,2,3,No,CD3_CM,40.7
F,4,4,1,local,WB,2,3,No,CD4_CM,51.7
F,4,4,1,local,WB,2,3,No,CD8_CM,20.7
F,4,4,1,local,WB,2,3,No,CD3_EM,41.5
F,4,4,1,local,WB,2,3,No,CD4_EM,38.7
F,4,4,1,local,WB,2,3,No,CD8_EM,44.4
F,4,4,1,local,WB,2,3,No,CD3_TD,8.4
F,4,4,1,local,WB,2,3,No,CD4_TD,0.9
F,4,4,1,local,WB,2,3,No,CD8_TD,22.2
F,4,4,1,local,WB,3,1,No,CD3,58.5
F,4,4,1,local,WB,3,1,No,CD4,68.1
F,4,4,1,local,WB,3,1,No,CD8,25.9
F,4,4,1,local,WB,3,1,No,CD3_N,16.7
F,4,4,1,local,WB,3,1,No,CD4_N,12.2
F,4,4,1,local,WB,3,1,No,CD8_N,29.8
F,4,4,1,local,WB,3,1,No,CD3_CM,41.2
F,4,4,1,local,WB,3,1,No,CD4_CM,53.5
F,4,4,1,local,WB,3,1,No,CD8_CM,16.9
F,4,4,1,local,WB,3,1,No,CD3_EM,25.5
F,4,4,1,local,WB,3,1,No,CD4_EM,26.1
F,4,4,1,local,WB,3,1,No,CD8_EM,26.2
F,4,4,1,local,WB,3,1,No,CD3_TD,16.6
F,4,4,1,local,WB,3,1,No,CD4_TD,8.2
F,4,4,1,local,WB,3,1,No,CD8_TD,27.1
F,4,4,1,local,WB,3,2,No,CD3,58
F,4,4,1,local,WB,3,2,No,CD4,68.1
F,4,4,1,local,WB,3,2,No,CD8,25.6
F,4,4,1,local,WB,3,2,No,CD3_N,17.1
F,4,4,1,local,WB,3,2,No,CD4_N,12.8
F,4,4,1,local,WB,3,2,No,CD8_N,29.7
F,4,4,1,local,WB,3,2,No,CD3_CM,38.3
F,4,4,1,local,WB,3,2,No,CD4_CM,50.4
F,4,4,1,local,WB,3,2,No,CD8_CM,18.5
F,4,4,1,local,WB,3,2,No,CD3_EM,26
F,4,4,1,local,WB,3,2,No,CD4_EM,28
F,4,4,1,local,WB,3,2,No,CD8_EM,25.2
F,4,4,1,local,WB,3,2,No,CD3_TD,18.6
F,4,4,1,local,WB,3,2,No,CD4_TD,8.8
F,4,4,1,local,WB,3,2,No,CD8_TD,26.7
F,4,4,1,local,WB,3,3,No,CD3,56.9
F,4,4,1,local,WB,3,3,No,CD4,67.4
F,4,4,1,local,WB,3,3,No,CD8,26.7
F,4,4,1,local,WB,3,3,No,CD3_N,16
F,4,4,1,local,WB,3,3,No,CD4_N,11.4
F,4,4,1,local,WB,3,3,No,CD8_N,29
F,4,4,1,local,WB,3,3,No,CD3_CM,37.5
F,4,4,1,local,WB,3,3,No,CD4_CM,49.4
F,4,4,1,local,WB,3,3,No,CD8_CM,14.5
F,4,4,1,local,WB,3,3,No,CD3_EM,29.1
F,4,4,1,local,WB,3,3,No,CD4_EM,30.4
F,4,4,1,local,WB,3,3,No,CD8_EM,28.9
F,4,4,1,local,WB,3,3,No,CD3_TD,17.5
F,4,4,1,local,WB,3,3,No,CD4_TD,8.9
F,4,4,1,local,WB,3,3,No,CD8_TD,27.7
G,4,4,1,centr,PBMC,1,1,No,CD3,73.57
G,4,4,1,centr,PBMC,1,1,No,CD4,44.3
G,4,4,1,centr,PBMC,1,1,No,CD8,50.47
G,4,4,1,centr,PBMC,1,1,No,CD3_N,10.32
G,4,4,1,centr,PBMC,1,1,No,CD4_N,17.21
G,4,4,1,centr,PBMC,1,1,No,CD8_N,3.84
G,4,4,1,centr,PBMC,1,1,No,CD3_CM,20.02
G,4,4,1,centr,PBMC,1,1,No,CD4_CM,37.64
G,4,4,1,centr,PBMC,1,1,No,CD8_CM,6.03
G,4,4,1,centr,PBMC,1,1,No,CD3_EM,41.47
G,4,4,1,centr,PBMC,1,1,No,CD4_EM,42.07
G,4,4,1,centr,PBMC,1,1,No,CD8_EM,48.31
G,4,4,1,centr,PBMC,1,1,No,CD3_TD,28.19
G,4,4,1,centr,PBMC,1,1,No,CD4_TD,3.08
G,4,4,1,centr,PBMC,1,1,No,CD8_TD,41.82
G,4,4,1,centr,PBMC,1,2,No,CD3,78.67
G,4,4,1,centr,PBMC,1,2,No,CD4,49.13
G,4,4,1,centr,PBMC,1,2,No,CD8,45.41
G,4,4,1,centr,PBMC,1,2,No,CD3_N,12.22
G,4,4,1,centr,PBMC,1,2,No,CD4_N,19.17
G,4,4,1,centr,PBMC,1,2,No,CD8_N,3.93
G,4,4,1,centr,PBMC,1,2,No,CD3_CM,16.38
G,4,4,1,centr,PBMC,1,2,No,CD4_CM,30.61
G,4,4,1,centr,PBMC,1,2,No,CD8_CM,3.36
G,4,4,1,centr,PBMC,1,2,No,CD3_EM,50.98
G,4,4,1,centr,PBMC,1,2,No,CD4_EM,48.22
G,4,4,1,centr,PBMC,1,2,No,CD8_EM,53.95
G,4,4,1,centr,PBMC,1,2,No,CD3_TD,20.42
G,4,4,1,centr,PBMC,1,2,No,CD4_TD,1.99
G,4,4,1,centr,PBMC,1,2,No,CD8_TD,38.76
G,4,4,1,centr,PBMC,1,3,No,CD3,75.06
G,4,4,1,centr,PBMC,1,3,No,CD4,40.28
G,4,4,1,centr,PBMC,1,3,No,CD8,54.54
G,4,4,1,centr,PBMC,1,3,No,CD3_N,13.47
G,4,4,1,centr,PBMC,1,3,No,CD4_N,24.17
G,4,4,1,centr,PBMC,1,3,No,CD8_N,5.9
G,4,4,1,centr,PBMC,1,3,No,CD3_CM,22.93
G,4,4,1,centr,PBMC,1,3,No,CD4_CM,45.53
G,4,4,1,centr,PBMC,1,3,No,CD8_CM,9.58
G,4,4,1,centr,PBMC,1,3,No,CD3_EM,31.21
G,4,4,1,centr,PBMC,1,3,No,CD4_EM,26.85
G,4,4,1,centr,PBMC,1,3,No,CD8_EM,34.67
G,4,4,1,centr,PBMC,1,3,No,CD3_TD,32.39
G,4,4,1,centr,PBMC,1,3,No,CD4_TD,3.45
G,4,4,1,centr,PBMC,1,3,No,CD8_TD,49.86
G,4,4,1,centr,PBMC,2,1,No,CD3,85.22
G,4,4,1,centr,PBMC,2,1,No,CD4,39.09
G,4,4,1,centr,PBMC,2,1,No,CD8,57.74
G,4,4,1,centr,PBMC,2,1,No,CD3_N,5.66
G,4,4,1,centr,PBMC,2,1,No,CD4_N,5.33
G,4,4,1,centr,PBMC,2,1,No,CD8_N,4.75
G,4,4,1,centr,PBMC,2,1,No,CD3_CM,14.68
G,4,4,1,centr,PBMC,2,1,No,CD4_CM,27.01
G,4,4,1,centr,PBMC,2,1,No,CD8_CM,6.97
G,4,4,1,centr,PBMC,2,1,No,CD3_EM,36.59
G,4,4,1,centr,PBMC,2,1,No,CD4_EM,63.68
G,4,4,1,centr,PBMC,2,1,No,CD8_EM,21.07
G,4,4,1,centr,PBMC,2,1,No,CD3_TD,43.07
G,4,4,1,centr,PBMC,2,1,No,CD4_TD,3.99
G,4,4,1,centr,PBMC,2,1,No,CD8_TD,67.2
G,4,4,1,centr,PBMC,2,2,No,CD3,87.7
G,4,4,1,centr,PBMC,2,2,No,CD4,38.97
G,4,4,1,centr,PBMC,2,2,No,CD8,57.68
G,4,4,1,centr,PBMC,2,2,No,CD3_N,3.55
G,4,4,1,centr,PBMC,2,2,No,CD4_N,5.07
G,4,4,1,centr,PBMC,2,2,No,CD8_N,2.21
G,4,4,1,centr,PBMC,2,2,No,CD3_CM,7.18
G,4,4,1,centr,PBMC,2,2,No,CD4_CM,15.44
G,4,4,1,centr,PBMC,2,2,No,CD8_CM,1.98
G,4,4,1,centr,PBMC,2,2,No,CD3_EM,46.95
G,4,4,1,centr,PBMC,2,2,No,CD4_EM,77.19
G,4,4,1,centr,PBMC,2,2,No,CD8_EM,25.07
G,4,4,1,centr,PBMC,2,2,No,CD3_TD,42.33
G,4,4,1,centr,PBMC,2,2,No,CD4_TD,2.3
G,4,4,1,centr,PBMC,2,2,No,CD8_TD,70.74
G,4,4,1,centr,PBMC,2,3,No,CD3,76.57
G,4,4,1,centr,PBMC,2,3,No,CD4,45.95
G,4,4,1,centr,PBMC,2,3,No,CD8,45.72
G,4,4,1,centr,PBMC,2,3,No,CD3_N,20.1
G,4,4,1,centr,PBMC,2,3,No,CD4_N,31.28
G,4,4,1,centr,PBMC,2,3,No,CD8_N,11.12
G,4,4,1,centr,PBMC,2,3,No,CD3_CM,26.96
G,4,4,1,centr,PBMC,2,3,No,CD4_CM,48.57
G,4,4,1,centr,PBMC,2,3,No,CD8_CM,9.82
G,4,4,1,centr,PBMC,2,3,No,CD3_EM,18.96
G,4,4,1,centr,PBMC,2,3,No,CD4_EM,19.61
G,4,4,1,centr,PBMC,2,3,No,CD8_EM,15.42
G,4,4,1,centr,PBMC,2,3,No,CD3_TD,33.98
G,4,4,1,centr,PBMC,2,3,No,CD4_TD,0.55
G,4,4,1,centr,PBMC,2,3,No,CD8_TD,63.64
G,4,4,1,centr,PBMC,3,1,No,CD3,74.95
G,4,4,1,centr,PBMC,3,1,No,CD4,46.57
G,4,4,1,centr,PBMC,3,1,No,CD8,44.98
G,4,4,1,centr,PBMC,3,1,No,CD3_N,16.67
G,4,4,1,centr,PBMC,3,1,No,CD4_N,23.04
G,4,4,1,centr,PBMC,3,1,No,CD8_N,9.46
G,4,4,1,centr,PBMC,3,1,No,CD3_CM,28.23
G,4,4,1,centr,PBMC,3,1,No,CD4_CM,49.89
G,4,4,1,centr,PBMC,3,1,No,CD8_CM,10.33
G,4,4,1,centr,PBMC,3,1,No,CD3_EM,23.92
G,4,4,1,centr,PBMC,3,1,No,CD4_EM,25.99
G,4,4,1,centr,PBMC,3,1,No,CD8_EM,23.39
G,4,4,1,centr,PBMC,3,1,No,CD3_TD,31.18
G,4,4,1,centr,PBMC,3,1,No,CD4_TD,1.08
G,4,4,1,centr,PBMC,3,1,No,CD8_TD,56.81
G,4,4,1,centr,PBMC,3,2,No,CD3,76.26
G,4,4,1,centr,PBMC,3,2,No,CD4,48.98
G,4,4,1,centr,PBMC,3,2,No,CD8,43.02
G,4,4,1,centr,PBMC,3,2,No,CD3_N,13.21
G,4,4,1,centr,PBMC,3,2,No,CD4_N,19.94
G,4,4,1,centr,PBMC,3,2,No,CD8_N,6.84
G,4,4,1,centr,PBMC,3,2,No,CD3_CM,17.91
G,4,4,1,centr,PBMC,3,2,No,CD4_CM,34.03
G,4,4,1,centr,PBMC,3,2,No,CD8_CM,3.49
G,4,4,1,centr,PBMC,3,2,No,CD3_EM,39.2
G,4,4,1,centr,PBMC,3,2,No,CD4_EM,45.2
G,4,4,1,centr,PBMC,3,2,No,CD8_EM,30.07
G,4,4,1,centr,PBMC,3,2,No,CD3_TD,29.68
G,4,4,1,centr,PBMC,3,2,No,CD4_TD,0.83
G,4,4,1,centr,PBMC,3,2,No,CD8_TD,59.6
G,4,4,1,centr,PBMC,3,3,No,CD3,88.54
G,4,4,1,centr,PBMC,3,3,No,CD4,36.73
G,4,4,1,centr,PBMC,3,3,No,CD8,58.87
G,4,4,1,centr,PBMC,3,3,No,CD3_N,10.11
G,4,4,1,centr,PBMC,3,3,No,CD4_N,8.57
G,4,4,1,centr,PBMC,3,3,No,CD8_N,11.35
G,4,4,1,centr,PBMC,3,3,No,CD3_CM,19.18
G,4,4,1,centr,PBMC,3,3,No,CD4_CM,40.79
G,4,4,1,centr,PBMC,3,3,No,CD8_CM,9.05
G,4,4,1,centr,PBMC,3,3,No,CD3_EM,26.56
G,4,4,1,centr,PBMC,3,3,No,CD4_EM,46.13
G,4,4,1,centr,PBMC,3,3,No,CD8_EM,10.31
G,4,4,1,centr,PBMC,3,3,No,CD3_TD,44.15
G,4,4,1,centr,PBMC,3,3,No,CD4_TD,4.5
G,4,4,1,centr,PBMC,3,3,No,CD8_TD,69.28
G,4,4,1,centr,WB,1,1,No,CD3,58.81
G,4,4,1,centr,WB,1,1,No,CD4,63.56
G,4,4,1,centr,WB,1,1,No,CD8,33.51
G,4,4,1,centr,WB,1,1,No,CD3_N,31.39
G,4,4,1,centr,WB,1,1,No,CD4_N,30.14
G,4,4,1,centr,WB,1,1,No,CD8_N,36.42
G,4,4,1,centr,WB,1,1,No,CD3_CM,43.48
G,4,4,1,centr,WB,1,1,No,CD4_CM,58.09
G,4,4,1,centr,WB,1,1,No,CD8_CM,18.53
G,4,4,1,centr,WB,1,1,No,CD3_EM,19.87
G,4,4,1,centr,WB,1,1,No,CD4_EM,11.61
G,4,4,1,centr,WB,1,1,No,CD8_EM,30.11
G,4,4,1,centr,WB,1,1,No,CD3_TD,5.26
G,4,4,1,centr,WB,1,1,No,CD4_TD,0.16
G,4,4,1,centr,WB,1,1,No,CD8_TD,14.94
G,4,4,1,centr,WB,1,2,No,CD3,58.09
G,4,4,1,centr,WB,1,2,No,CD4,63.68
G,4,4,1,centr,WB,1,2,No,CD8,33.33
G,4,4,1,centr,WB,1,2,No,CD3_N,32.97
G,4,4,1,centr,WB,1,2,No,CD4_N,34.03
G,4,4,1,centr,WB,1,2,No,CD8_N,37.43
G,4,4,1,centr,WB,1,2,No,CD3_CM,42.26
G,4,4,1,centr,WB,1,2,No,CD4_CM,54.42
G,4,4,1,centr,WB,1,2,No,CD8_CM,18.08
G,4,4,1,centr,WB,1,2,No,CD3_EM,19.31
G,4,4,1,centr,WB,1,2,No,CD4_EM,11.41
G,4,4,1,centr,WB,1,2,No,CD8_EM,29.07
G,4,4,1,centr,WB,1,2,No,CD3_TD,5.46
G,4,4,1,centr,WB,1,2,No,CD4_TD,0.14
G,4,4,1,centr,WB,1,2,No,CD8_TD,15.42
G,4,4,1,centr,WB,1,3,Yes,CD3,58.95
G,4,4,1,centr,WB,1,3,Yes,CD4,62.74
G,4,4,1,centr,WB,1,3,Yes,CD8,33.29
G,4,4,1,centr,WB,1,3,Yes,CD3_N,38.2
G,4,4,1,centr,WB,1,3,Yes,CD4_N,59.18
G,4,4,1,centr,WB,1,3,Yes,CD8_N,6.9
G,4,4,1,centr,WB,1,3,Yes,CD3_CM,19.96
G,4,4,1,centr,WB,1,3,Yes,CD4_CM,11.51
G,4,4,1,centr,WB,1,3,Yes,CD8_CM,20.35
G,4,4,1,centr,WB,1,3,Yes,CD3_EM,39.53
G,4,4,1,centr,WB,1,3,Yes,CD4_EM,29
G,4,4,1,centr,WB,1,3,Yes,CD8_EM,46.24
G,4,4,1,centr,WB,1,3,Yes,CD3_TD,2.31
G,4,4,1,centr,WB,1,3,Yes,CD4_TD,0.31
G,4,4,1,centr,WB,1,3,Yes,CD8_TD,26.51
G,4,4,1,centr,WB,2,1,No,CD3,68.31
G,4,4,1,centr,WB,2,1,No,CD4,67.95
G,4,4,1,centr,WB,2,1,No,CD8,25.06
G,4,4,1,centr,WB,2,1,No,CD3_N,15.62
G,4,4,1,centr,WB,2,1,No,CD4_N,19.43
G,4,4,1,centr,WB,2,1,No,CD8_N,15.91
G,4,4,1,centr,WB,2,1,No,CD3_CM,41.83
G,4,4,1,centr,WB,2,1,No,CD4_CM,54.7
G,4,4,1,centr,WB,2,1,No,CD8_CM,28.36
G,4,4,1,centr,WB,2,1,No,CD3_EM,38.23
G,4,4,1,centr,WB,2,1,No,CD4_EM,25.76
G,4,4,1,centr,WB,2,1,No,CD8_EM,44.53
G,4,4,1,centr,WB,2,1,No,CD3_TD,4.32
G,4,4,1,centr,WB,2,1,No,CD4_TD,0.12
G,4,4,1,centr,WB,2,1,No,CD8_TD,11.2
G,4,4,1,centr,WB,2,2,No,CD3,68.24
G,4,4,1,centr,WB,2,2,No,CD4,68.02
G,4,4,1,centr,WB,2,2,No,CD8,25.12
G,4,4,1,centr,WB,2,2,No,CD3_N,17.35
G,4,4,1,centr,WB,2,2,No,CD4_N,21.68
G,4,4,1,centr,WB,2,2,No,CD8_N,13.57
G,4,4,1,centr,WB,2,2,No,CD3_CM,36.54
G,4,4,1,centr,WB,2,2,No,CD4_CM,42.95
G,4,4,1,centr,WB,2,2,No,CD8_CM,21.26
G,4,4,1,centr,WB,2,2,No,CD3_EM,41.17
G,4,4,1,centr,WB,2,2,No,CD4_EM,34.92
G,4,4,1,centr,WB,2,2,No,CD8_EM,52.73
G,4,4,1,centr,WB,2,2,No,CD3_TD,4.94
G,4,4,1,centr,WB,2,2,No,CD4_TD,0.45
G,4,4,1,centr,WB,2,2,No,CD8_TD,12.45
G,4,4,1,centr,WB,2,3,No,CD3,66.77
G,4,4,1,centr,WB,2,3,No,CD4,68.36
G,4,4,1,centr,WB,2,3,No,CD8,25.16
G,4,4,1,centr,WB,2,3,No,CD3_N,15.95
G,4,4,1,centr,WB,2,3,No,CD4_N,16.6
G,4,4,1,centr,WB,2,3,No,CD8_N,16.47
G,4,4,1,centr,WB,2,3,No,CD3_CM,42.56
G,4,4,1,centr,WB,2,3,No,CD4_CM,54.23
G,4,4,1,centr,WB,2,3,No,CD8_CM,21.93
G,4,4,1,centr,WB,2,3,No,CD3_EM,31.31
G,4,4,1,centr,WB,2,3,No,CD4_EM,27.3
G,4,4,1,centr,WB,2,3,No,CD8_EM,33.08
G,4,4,1,centr,WB,2,3,No,CD3_TD,10.18
G,4,4,1,centr,WB,2,3,No,CD4_TD,1.87
G,4,4,1,centr,WB,2,3,No,CD8_TD,28.52
G,4,4,1,centr,WB,3,1,No,CD3,61.64
G,4,4,1,centr,WB,3,1,No,CD4,67.13
G,4,4,1,centr,WB,3,1,No,CD8,27.16
G,4,4,1,centr,WB,3,1,No,CD3_N,20.65
G,4,4,1,centr,WB,3,1,No,CD4_N,15.38
G,4,4,1,centr,WB,3,1,No,CD8_N,34.34
G,4,4,1,centr,WB,3,1,No,CD3_CM,44.78
G,4,4,1,centr,WB,3,1,No,CD4_CM,59.58
G,4,4,1,centr,WB,3,1,No,CD8_CM,19.81
G,4,4,1,centr,WB,3,1,No,CD3_EM,18.05
G,4,4,1,centr,WB,3,1,No,CD4_EM,17.18
G,4,4,1,centr,WB,3,1,No,CD8_EM,18.06
G,4,4,1,centr,WB,3,1,No,CD3_TD,16.52
G,4,4,1,centr,WB,3,1,No,CD4_TD,7.85
G,4,4,1,centr,WB,3,1,No,CD8_TD,27.79
G,4,4,1,centr,WB,3,2,No,CD3,49.7
G,4,4,1,centr,WB,3,2,No,CD4,62.79
G,4,4,1,centr,WB,3,2,No,CD8,30.25
G,4,4,1,centr,WB,3,2,No,CD3_N,20.56
G,4,4,1,centr,WB,3,2,No,CD4_N,14.77
G,4,4,1,centr,WB,3,2,No,CD8_N,34
G,4,4,1,centr,WB,3,2,No,CD3_CM,40.22
G,4,4,1,centr,WB,3,2,No,CD4_CM,57.2
G,4,4,1,centr,WB,3,2,No,CD8_CM,16.27
G,4,4,1,centr,WB,3,2,No,CD3_EM,19.62
G,4,4,1,centr,WB,3,2,No,CD4_EM,19.87
G,4,4,1,centr,WB,3,2,No,CD8_EM,17.9
G,4,4,1,centr,WB,3,2,No,CD3_TD,19.6
G,4,4,1,centr,WB,3,2,No,CD4_TD,8.16
G,4,4,1,centr,WB,3,2,No,CD8_TD,31.83
G,4,4,1,centr,WB,3,3,No,CD3,61.34
G,4,4,1,centr,WB,3,3,No,CD4,67.3
G,4,4,1,centr,WB,3,3,No,CD8,27.07
G,4,4,1,centr,WB,3,3,No,CD3_N,20.59
G,4,4,1,centr,WB,3,3,No,CD4_N,15.39
G,4,4,1,centr,WB,3,3,No,CD8_N,34.13
G,4,4,1,centr,WB,3,3,No,CD3_CM,44.75
G,4,4,1,centr,WB,3,3,No,CD4_CM,59.43
G,4,4,1,centr,WB,3,3,No,CD8_CM,19.94
G,4,4,1,centr,WB,3,3,No,CD3_EM,18.36
G,4,4,1,centr,WB,3,3,No,CD4_EM,17.37
G,4,4,1,centr,WB,3,3,No,CD8_EM,18.49
G,4,4,1,centr,WB,3,3,No,CD3_TD,16.31
G,4,4,1,centr,WB,3,3,No,CD4_TD,7.81
G,4,4,1,centr,WB,3,3,No,CD8_TD,27.44
G,4,4,1,local,PBMC,1,1,No,CD3,77
G,4,4,1,local,PBMC,1,1,No,CD4,42
G,4,4,1,local,PBMC,1,1,No,CD8,52
G,4,4,1,local,PBMC,1,1,No,CD3_N,7.7
G,4,4,1,local,PBMC,1,1,No,CD4_N,15
G,4,4,1,local,PBMC,1,1,No,CD8_N,2.1
G,4,4,1,local,PBMC,1,1,No,CD3_CM,18
G,4,4,1,local,PBMC,1,1,No,CD4_CM,44
G,4,4,1,local,PBMC,1,1,No,CD8_CM,0.22
G,4,4,1,local,PBMC,1,1,No,CD3_EM,51
G,4,4,1,local,PBMC,1,1,No,CD4_EM,39
G,4,4,1,local,PBMC,1,1,No,CD8_EM,62
G,4,4,1,local,PBMC,1,1,No,CD3_TD,24
G,4,4,1,local,PBMC,1,1,No,CD4_TD,2.6
G,4,4,1,local,PBMC,1,1,No,CD8_TD,35
G,4,4,1,local,PBMC,1,2,No,CD3,81
G,4,4,1,local,PBMC,1,2,No,CD4,49
G,4,4,1,local,PBMC,1,2,No,CD8,46
G,4,4,1,local,PBMC,1,2,No,CD3_N,12
G,4,4,1,local,PBMC,1,2,No,CD4_N,21
G,4,4,1,local,PBMC,1,2,No,CD8_N,3.1
G,4,4,1,local,PBMC,1,2,No,CD3_CM,65
G,4,4,1,local,PBMC,1,2,No,CD4_CM,70
G,4,4,1,local,PBMC,1,2,No,CD8_CM,0.98
G,4,4,1,local,PBMC,1,2,No,CD3_EM,2.8
G,4,4,1,local,PBMC,1,2,No,CD4_EM,6.5
G,4,4,1,local,PBMC,1,2,No,CD8_EM,56
G,4,4,1,local,PBMC,1,2,No,CD3_TD,20
G,4,4,1,local,PBMC,1,2,No,CD4_TD,1.4
G,4,4,1,local,PBMC,1,2,No,CD8_TD,38
G,4,4,1,local,PBMC,1,3,No,CD3,74
G,4,4,1,local,PBMC,1,3,No,CD4,36
G,4,4,1,local,PBMC,1,3,No,CD8,59
G,4,4,1,local,PBMC,1,3,No,CD3_N,8.2
G,4,4,1,local,PBMC,1,3,No,CD4_N,20
G,4,4,1,local,PBMC,1,3,No,CD8_N,1.6
G,4,4,1,local,PBMC,1,3,No,CD3_CM,20
G,4,4,1,local,PBMC,1,3,No,CD4_CM,37
G,4,4,1,local,PBMC,1,3,No,CD8_CM,6.2
G,4,4,1,local,PBMC,1,3,No,CD3_EM,37
G,4,4,1,local,PBMC,1,3,No,CD4_EM,39
G,4,4,1,local,PBMC,1,3,No,CD8_EM,38
G,4,4,1,local,PBMC,1,3,No,CD3_TD,35
G,4,4,1,local,PBMC,1,3,No,CD4_TD,3.8
G,4,4,1,local,PBMC,1,3,No,CD8_TD,51
G,4,4,1,local,PBMC,2,1,No,CD3,89
G,4,4,1,local,PBMC,2,1,No,CD4,39
G,4,4,1,local,PBMC,2,1,No,CD8,58
G,4,4,1,local,PBMC,2,1,No,CD3_N,4.3
G,4,4,1,local,PBMC,2,1,No,CD4_N,4.5
G,4,4,1,local,PBMC,2,1,No,CD8_N,4.3
G,4,4,1,local,PBMC,2,1,No,CD3_CM,12
G,4,4,1,local,PBMC,2,1,No,CD4_CM,24
G,4,4,1,local,PBMC,2,1,No,CD8_CM,6.4
G,4,4,1,local,PBMC,2,1,No,CD3_EM,41
G,4,4,1,local,PBMC,2,1,No,CD4_EM,68
G,4,4,1,local,PBMC,2,1,No,CD8_EM,24
G,4,4,1,local,PBMC,2,1,No,CD3_TD,42
G,4,4,1,local,PBMC,2,1,No,CD4_TD,3.2
G,4,4,1,local,PBMC,2,1,No,CD8_TD,65
G,4,4,1,local,PBMC,2,2,No,CD3,89
G,4,4,1,local,PBMC,2,2,No,CD4,39
G,4,4,1,local,PBMC,2,2,No,CD8,59
G,4,4,1,local,PBMC,2,2,No,CD3_N,2.9
G,4,4,1,local,PBMC,2,2,No,CD4_N,7.2
G,4,4,1,local,PBMC,2,2,No,CD8_N,1.4
G,4,4,1,local,PBMC,2,2,No,CD3_CM,51
G,4,4,1,local,PBMC,2,2,No,CD4_CM,89
G,4,4,1,local,PBMC,2,2,No,CD8_CM,0.65
G,4,4,1,local,PBMC,2,2,No,CD3_EM,1.5
G,4,4,1,local,PBMC,2,2,No,CD4_EM,2
G,4,4,1,local,PBMC,2,2,No,CD8_EM,29
G,4,4,1,local,PBMC,2,2,No,CD3_TD,44
G,4,4,1,local,PBMC,2,2,No,CD4_TD,1.6
G,4,4,1,local,PBMC,2,2,No,CD8_TD,68
G,4,4,1,local,PBMC,2,3,No,CD3,76
G,4,4,1,local,PBMC,2,3,No,CD4,44
G,4,4,1,local,PBMC,2,3,No,CD8,48
G,4,4,1,local,PBMC,2,3,No,CD3_N,16
G,4,4,1,local,PBMC,2,3,No,CD4_N,28
G,4,4,1,local,PBMC,2,3,No,CD8_N,6.9
G,4,4,1,local,PBMC,2,3,No,CD3_CM,26
G,4,4,1,local,PBMC,2,3,No,CD4_CM,47
G,4,4,1,local,PBMC,2,3,No,CD8_CM,9.9
G,4,4,1,local,PBMC,2,3,No,CD3_EM,21
G,4,4,1,local,PBMC,2,3,No,CD4_EM,24
G,4,4,1,local,PBMC,2,3,No,CD8_EM,21
G,4,4,1,local,PBMC,2,3,No,CD3_TD,35
G,4,4,1,local,PBMC,2,3,No,CD4_TD,0.28
G,4,4,1,local,PBMC,2,3,No,CD8_TD,60
G,4,4,1,local,PBMC,3,1,No,CD3,76
G,4,4,1,local,PBMC,3,1,No,CD4,47
G,4,4,1,local,PBMC,3,1,No,CD8,45
G,4,4,1,local,PBMC,3,1,No,CD3_N,14
G,4,4,1,local,PBMC,3,1,No,CD4_N,20
G,4,4,1,local,PBMC,3,1,No,CD8_N,7.2
G,4,4,1,local,PBMC,3,1,No,CD3_CM,27
G,4,4,1,local,PBMC,3,1,No,CD4_CM,55
G,4,4,1,local,PBMC,3,1,No,CD8_CM,9.6
G,4,4,1,local,PBMC,3,1,No,CD3_EM,28
G,4,4,1,local,PBMC,3,1,No,CD4_EM,24
G,4,4,1,local,PBMC,3,1,No,CD8_EM,30
G,4,4,1,local,PBMC,3,1,No,CD3_TD,31
G,4,4,1,local,PBMC,3,1,No,CD4_TD,0.68
G,4,4,1,local,PBMC,3,1,No,CD8_TD,53
G,4,4,1,local,PBMC,3,2,No,CD3,77
G,4,4,1,local,PBMC,3,2,No,CD4,48
G,4,4,1,local,PBMC,3,2,No,CD8,44
G,4,4,1,local,PBMC,3,2,No,CD3_N,13
G,4,4,1,local,PBMC,3,2,No,CD4_N,22
G,4,4,1,local,PBMC,3,2,No,CD8_N,5.9
G,4,4,1,local,PBMC,3,2,No,CD3_CM,53
G,4,4,1,local,PBMC,3,2,No,CD4_CM,74
G,4,4,1,local,PBMC,3,2,No,CD8_CM,1.4
G,4,4,1,local,PBMC,3,2,No,CD3_EM,2.7
G,4,4,1,local,PBMC,3,2,No,CD4_EM,3.3
G,4,4,1,local,PBMC,3,2,No,CD8_EM,34
G,4,4,1,local,PBMC,3,2,No,CD3_TD,31
G,4,4,1,local,PBMC,3,2,No,CD4_TD,0.14
G,4,4,1,local,PBMC,3,2,No,CD8_TD,57
G,4,4,1,local,PBMC,3,3,No,CD3,88
G,4,4,1,local,PBMC,3,3,No,CD4,36
G,4,4,1,local,PBMC,3,3,No,CD8,61
G,4,4,1,local,PBMC,3,3,No,CD3_N,3.6
G,4,4,1,local,PBMC,3,3,No,CD4_N,5.7
G,4,4,1,local,PBMC,3,3,No,CD8_N,1.4
G,4,4,1,local,PBMC,3,3,No,CD3_CM,11
G,4,4,1,local,PBMC,3,3,No,CD4_CM,19
G,4,4,1,local,PBMC,3,3,No,CD8_CM,0.1
G,4,4,1,local,PBMC,3,3,No,CD3_EM,35
G,4,4,1,local,PBMC,3,3,No,CD4_EM,71
G,4,4,1,local,PBMC,3,3,No,CD8_EM,20
G,4,4,1,local,PBMC,3,3,No,CD3_TD,48
G,4,4,1,local,PBMC,3,3,No,CD4_TD,3.4
G,4,4,1,local,PBMC,3,3,No,CD8_TD,73
G,4,4,1,local,WB,1,1,No,CD3,28
G,4,4,1,local,WB,1,1,No,CD4,84
G,4,4,1,local,WB,1,1,No,CD8,12
G,4,4,1,local,WB,1,1,No,CD3_N,15
G,4,4,1,local,WB,1,1,No,CD4_N,10
G,4,4,1,local,WB,1,1,No,CD8_N,51
G,4,4,1,local,WB,1,1,No,CD3_CM,60
G,4,4,1,local,WB,1,1,No,CD4_CM,69
G,4,4,1,local,WB,1,1,No,CD8_CM,14
G,4,4,1,local,WB,1,1,No,CD3_EM,24
G,4,4,1,local,WB,1,1,No,CD4_EM,21
G,4,4,1,local,WB,1,1,No,CD8_EM,28
G,4,4,1,local,WB,1,1,No,CD3_TD,1.1
G,4,4,1,local,WB,1,1,No,CD4_TD,0.1
G,4,4,1,local,WB,1,1,No,CD8_TD,7.7
G,4,4,1,local,WB,1,2,No,CD3,28
G,4,4,1,local,WB,1,2,No,CD4,84
G,4,4,1,local,WB,1,2,No,CD8,12
G,4,4,1,local,WB,1,2,No,CD3_N,15
G,4,4,1,local,WB,1,2,No,CD4_N,10
G,4,4,1,local,WB,1,2,No,CD8_N,51
G,4,4,1,local,WB,1,2,No,CD3_CM,59
G,4,4,1,local,WB,1,2,No,CD4_CM,68
G,4,4,1,local,WB,1,2,No,CD8_CM,13
G,4,4,1,local,WB,1,2,No,CD3_EM,24
G,4,4,1,local,WB,1,2,No,CD4_EM,22
G,4,4,1,local,WB,1,2,No,CD8_EM,28
G,4,4,1,local,WB,1,2,No,CD3_TD,1.1
G,4,4,1,local,WB,1,2,No,CD4_TD,0.07
G,4,4,1,local,WB,1,2,No,CD8_TD,7.5
G,4,4,1,local,WB,1,3,Yes,CD3,31
G,4,4,1,local,WB,1,3,Yes,CD4,80
G,4,4,1,local,WB,1,3,Yes,CD8,14
G,4,4,1,local,WB,1,3,Yes,CD3_N,30
G,4,4,1,local,WB,1,3,Yes,CD4_N,36
G,4,4,1,local,WB,1,3,Yes,CD8_N,5.6
G,4,4,1,local,WB,1,3,Yes,CD3_CM,14
G,4,4,1,local,WB,1,3,Yes,CD4_CM,12
G,4,4,1,local,WB,1,3,Yes,CD8_CM,15
G,4,4,1,local,WB,1,3,Yes,CD3_EM,49
G,4,4,1,local,WB,1,3,Yes,CD4_EM,47
G,4,4,1,local,WB,1,3,Yes,CD8_EM,62
G,4,4,1,local,WB,1,3,Yes,CD3_TD,7.1
G,4,4,1,local,WB,1,3,Yes,CD4_TD,4.7
G,4,4,1,local,WB,1,3,Yes,CD8_TD,17
G,4,4,1,local,WB,2,1,No,CD3,48
G,4,4,1,local,WB,2,1,No,CD4,76
G,4,4,1,local,WB,2,1,No,CD8,17
G,4,4,1,local,WB,2,1,No,CD3_N,19
G,4,4,1,local,WB,2,1,No,CD4_N,17
G,4,4,1,local,WB,2,1,No,CD8_N,24
G,4,4,1,local,WB,2,1,No,CD3_CM,29
G,4,4,1,local,WB,2,1,No,CD4_CM,35
G,4,4,1,local,WB,2,1,No,CD8_CM,9.4
G,4,4,1,local,WB,2,1,No,CD3_EM,43
G,4,4,1,local,WB,2,1,No,CD4_EM,43
G,4,4,1,local,WB,2,1,No,CD8_EM,38
G,4,4,1,local,WB,2,1,No,CD3_TD,9.5
G,4,4,1,local,WB,2,1,No,CD4_TD,4.1
G,4,4,1,local,WB,2,1,No,CD8_TD,28
G,4,4,1,local,WB,2,2,No,CD3,50
G,4,4,1,local,WB,2,2,No,CD4,75
G,4,4,1,local,WB,2,2,No,CD8,18
G,4,4,1,local,WB,2,2,No,CD3_N,29
G,4,4,1,local,WB,2,2,No,CD4_N,31
G,4,4,1,local,WB,2,2,No,CD8_N,26
G,4,4,1,local,WB,2,2,No,CD3_CM,18
G,4,4,1,local,WB,2,2,No,CD4_CM,22
G,4,4,1,local,WB,2,2,No,CD8_CM,5.1
G,4,4,1,local,WB,2,2,No,CD3_EM,30
G,4,4,1,local,WB,2,2,No,CD4_EM,30
G,4,4,1,local,WB,2,2,No,CD8_EM,26
G,4,4,1,local,WB,2,2,No,CD3_TD,23
G,4,4,1,local,WB,2,2,No,CD4_TD,17
G,4,4,1,local,WB,2,2,No,CD8_TD,43
G,4,4,1,local,WB,2,3,No,CD3,44
G,4,4,1,local,WB,2,3,No,CD4,79
G,4,4,1,local,WB,2,3,No,CD8,16
G,4,4,1,local,WB,2,3,No,CD3_N,8.1
G,4,4,1,local,WB,2,3,No,CD4_N,6.6
G,4,4,1,local,WB,2,3,No,CD8_N,18
G,4,4,1,local,WB,2,3,No,CD3_CM,33
G,4,4,1,local,WB,2,3,No,CD4_CM,40
G,4,4,1,local,WB,2,3,No,CD8_CM,10
G,4,4,1,local,WB,2,3,No,CD3_EM,54
G,4,4,1,local,WB,2,3,No,CD4_EM,54
G,4,4,1,local,WB,2,3,No,CD8_EM,51
G,4,4,1,local,WB,2,3,No,CD3_TD,4.4
G,4,4,1,local,WB,2,3,No,CD4_TD,0.12
G,4,4,1,local,WB,2,3,No,CD8_TD,21
G,4,4,1,local,WB,3,1,No,CD3,38
G,4,4,1,local,WB,3,1,No,CD4,76
G,4,4,1,local,WB,3,1,No,CD8,17
G,4,4,1,local,WB,3,1,No,CD3_N,19
G,4,4,1,local,WB,3,1,No,CD4_N,12
G,4,4,1,local,WB,3,1,No,CD8_N,53
G,4,4,1,local,WB,3,1,No,CD3_CM,35
G,4,4,1,local,WB,3,1,No,CD4_CM,44
G,4,4,1,local,WB,3,1,No,CD8_CM,11
G,4,4,1,local,WB,3,1,No,CD3_EM,35
G,4,4,1,local,WB,3,1,No,CD4_EM,38
G,4,4,1,local,WB,3,1,No,CD8_EM,29
G,4,4,1,local,WB,3,1,No,CD3_TD,11
G,4,4,1,local,WB,3,1,No,CD4_TD,6.5
G,4,4,1,local,WB,3,1,No,CD8_TD,7.5
G,4,4,1,local,WB,3,2,No,CD3,31
G,4,4,1,local,WB,3,2,No,CD4,70
G,4,4,1,local,WB,3,2,No,CD8,21
G,4,4,1,local,WB,3,2,No,CD3_N,20
G,4,4,1,local,WB,3,2,No,CD4_N,13
G,4,4,1,local,WB,3,2,No,CD8_N,51
G,4,4,1,local,WB,3,2,No,CD3_CM,30
G,4,4,1,local,WB,3,2,No,CD4_CM,40
G,4,4,1,local,WB,3,2,No,CD8_CM,7.9
G,4,4,1,local,WB,3,2,No,CD3_EM,37
G,4,4,1,local,WB,3,2,No,CD4_EM,41
G,4,4,1,local,WB,3,2,No,CD8_EM,31
G,4,4,1,local,WB,3,2,No,CD3_TD,13
G,4,4,1,local,WB,3,2,No,CD4_TD,6.9
G,4,4,1,local,WB,3,2,No,CD8_TD,9.7
G,4,4,1,local,WB,3,3,No,CD3,38
G,4,4,1,local,WB,3,3,No,CD4,76
G,4,4,1,local,WB,3,3,No,CD8,17
G,4,4,1,local,WB,3,3,No,CD3_N,19
G,4,4,1,local,WB,3,3,No,CD4_N,12
G,4,4,1,local,WB,3,3,No,CD8_N,53
G,4,4,1,local,WB,3,3,No,CD3_CM,36
G,4,4,1,local,WB,3,3,No,CD4_CM,44
G,4,4,1,local,WB,3,3,No,CD8_CM,11
G,4,4,1,local,WB,3,3,No,CD3_EM,34
G,4,4,1,local,WB,3,3,No,CD4_EM,37
G,4,4,1,local,WB,3,3,No,CD8_EM,28
G,4,4,1,local,WB,3,3,No,CD3_TD,11
G,4,4,1,local,WB,3,3,No,CD4_TD,6.3
G,4,4,1,local,WB,3,3,No,CD8_TD,7.4
H,5,6,2,centr,PBMC,1,1,No,CD3,69.4
H,5,6,2,centr,PBMC,1,1,No,CD4,35.56
H,5,6,2,centr,PBMC,1,1,No,CD8,59.13
H,5,6,2,centr,PBMC,1,1,No,CD3_N,15.33
H,5,6,2,centr,PBMC,1,1,No,CD4_N,19.31
H,5,6,2,centr,PBMC,1,1,No,CD8_N,13.04
H,5,6,2,centr,PBMC,1,1,No,CD3_CM,25.74
H,5,6,2,centr,PBMC,1,1,No,CD4_CM,53.57
H,5,6,2,centr,PBMC,1,1,No,CD8_CM,10.55
H,5,6,2,centr,PBMC,1,1,No,CD3_EM,20.89
H,5,6,2,centr,PBMC,1,1,No,CD4_EM,22.15
H,5,6,2,centr,PBMC,1,1,No,CD8_EM,19.18
H,5,6,2,centr,PBMC,1,1,No,CD3_TD,38.04
H,5,6,2,centr,PBMC,1,1,No,CD4_TD,4.97
H,5,6,2,centr,PBMC,1,1,No,CD8_TD,57.24
H,5,6,2,centr,PBMC,1,2,No,CD3,63.12
H,5,6,2,centr,PBMC,1,2,No,CD4,26.01
H,5,6,2,centr,PBMC,1,2,No,CD8,67.87
H,5,6,2,centr,PBMC,1,2,No,CD3_N,7.32
H,5,6,2,centr,PBMC,1,2,No,CD4_N,17.34
H,5,6,2,centr,PBMC,1,2,No,CD8_N,4.25
H,5,6,2,centr,PBMC,1,2,No,CD3_CM,15.98
H,5,6,2,centr,PBMC,1,2,No,CD4_CM,39.75
H,5,6,2,centr,PBMC,1,2,No,CD8_CM,8.39
H,5,6,2,centr,PBMC,1,2,No,CD3_EM,37.4
H,5,6,2,centr,PBMC,1,2,No,CD4_EM,37.59
H,5,6,2,centr,PBMC,1,2,No,CD8_EM,36.84
H,5,6,2,centr,PBMC,1,2,No,CD3_TD,39.3
H,5,6,2,centr,PBMC,1,2,No,CD4_TD,5.31
H,5,6,2,centr,PBMC,1,2,No,CD8_TD,50.52
H,5,6,2,centr,PBMC,1,3,No,CD3,72.64
H,5,6,2,centr,PBMC,1,3,No,CD4,39.99
H,5,6,2,centr,PBMC,1,3,No,CD8,54.37
H,5,6,2,centr,PBMC,1,3,No,CD3_N,19.09
H,5,6,2,centr,PBMC,1,3,No,CD4_N,29.26
H,5,6,2,centr,PBMC,1,3,No,CD8_N,11.97
H,5,6,2,centr,PBMC,1,3,No,CD3_CM,20.54
H,5,6,2,centr,PBMC,1,3,No,CD4_CM,40.17
H,5,6,2,centr,PBMC,1,3,No,CD8_CM,8.11
H,5,6,2,centr,PBMC,1,3,No,CD3_EM,21.8
H,5,6,2,centr,PBMC,1,3,No,CD4_EM,24.57
H,5,6,2,centr,PBMC,1,3,No,CD8_EM,18.36
H,5,6,2,centr,PBMC,1,3,No,CD3_TD,38.57
H,5,6,2,centr,PBMC,1,3,No,CD4_TD,6.01
H,5,6,2,centr,PBMC,1,3,No,CD8_TD,61.56
H,5,6,2,centr,PBMC,2,1,No,CD3,85.96
H,5,6,2,centr,PBMC,2,1,No,CD4,37.99
H,5,6,2,centr,PBMC,2,1,No,CD8,58.71
H,5,6,2,centr,PBMC,2,1,No,CD3_N,14.49
H,5,6,2,centr,PBMC,2,1,No,CD4_N,9.19
H,5,6,2,centr,PBMC,2,1,No,CD8_N,17.96
H,5,6,2,centr,PBMC,2,1,No,CD3_CM,21.05
H,5,6,2,centr,PBMC,2,1,No,CD4_CM,42.29
H,5,6,2,centr,PBMC,2,1,No,CD8_CM,7.73
H,5,6,2,centr,PBMC,2,1,No,CD3_EM,22.11
H,5,6,2,centr,PBMC,2,1,No,CD4_EM,44.18
H,5,6,2,centr,PBMC,2,1,No,CD8_EM,6.4
H,5,6,2,centr,PBMC,2,1,No,CD3_TD,42.35
H,5,6,2,centr,PBMC,2,1,No,CD4_TD,4.34
H,5,6,2,centr,PBMC,2,1,No,CD8_TD,67.91
H,5,6,2,centr,PBMC,2,2,No,CD3,79.88
H,5,6,2,centr,PBMC,2,2,No,CD4,31.63
H,5,6,2,centr,PBMC,2,2,No,CD8,65.05
H,5,6,2,centr,PBMC,2,2,No,CD3_N,4.82
H,5,6,2,centr,PBMC,2,2,No,CD4_N,4.25
H,5,6,2,centr,PBMC,2,2,No,CD8_N,5.48
H,5,6,2,centr,PBMC,2,2,No,CD3_CM,12.01
H,5,6,2,centr,PBMC,2,2,No,CD4_CM,23.05
H,5,6,2,centr,PBMC,2,2,No,CD8_CM,7.06
H,5,6,2,centr,PBMC,2,2,No,CD3_EM,32.6
H,5,6,2,centr,PBMC,2,2,No,CD4_EM,68.75
H,5,6,2,centr,PBMC,2,2,No,CD8_EM,13.34
H,5,6,2,centr,PBMC,2,2,No,CD3_TD,50.57
H,5,6,2,centr,PBMC,2,2,No,CD4_TD,3.95
H,5,6,2,centr,PBMC,2,2,No,CD8_TD,74.12
H,5,6,2,centr,PBMC,2,3,No,CD3,83.47
H,5,6,2,centr,PBMC,2,3,No,CD4,38.05
H,5,6,2,centr,PBMC,2,3,No,CD8,58.61
H,5,6,2,centr,PBMC,2,3,No,CD3_N,13.29
H,5,6,2,centr,PBMC,2,3,No,CD4_N,13.2
H,5,6,2,centr,PBMC,2,3,No,CD8_N,13.87
H,5,6,2,centr,PBMC,2,3,No,CD3_CM,14.13
H,5,6,2,centr,PBMC,2,3,No,CD4_CM,29.23
H,5,6,2,centr,PBMC,2,3,No,CD8_CM,5
H,5,6,2,centr,PBMC,2,3,No,CD3_EM,23.25
H,5,6,2,centr,PBMC,2,3,No,CD4_EM,48.29
H,5,6,2,centr,PBMC,2,3,No,CD8_EM,4.98
H,5,6,2,centr,PBMC,2,3,No,CD3_TD,49.33
H,5,6,2,centr,PBMC,2,3,No,CD4_TD,9.28
H,5,6,2,centr,PBMC,2,3,No,CD8_TD,76.15
H,5,6,2,centr,PBMC,3,1,No,CD3,68.49
H,5,6,2,centr,PBMC,3,1,No,CD4,45.49
H,5,6,2,centr,PBMC,3,1,No,CD8,46.25
H,5,6,2,centr,PBMC,3,1,No,CD3_N,17.58
H,5,6,2,centr,PBMC,3,1,No,CD4_N,22.21
H,5,6,2,centr,PBMC,3,1,No,CD8_N,14.95
H,5,6,2,centr,PBMC,3,1,No,CD3_CM,31.32
H,5,6,2,centr,PBMC,3,1,No,CD4_CM,56.02
H,5,6,2,centr,PBMC,3,1,No,CD8_CM,11.34
H,5,6,2,centr,PBMC,3,1,No,CD3_EM,17.63
H,5,6,2,centr,PBMC,3,1,No,CD4_EM,21.36
H,5,6,2,centr,PBMC,3,1,No,CD8_EM,10.99
H,5,6,2,centr,PBMC,3,1,No,CD3_TD,33.48
H,5,6,2,centr,PBMC,3,1,No,CD4_TD,0.42
H,5,6,2,centr,PBMC,3,1,No,CD8_TD,62.72
H,5,6,2,centr,PBMC,3,2,No,CD3,60.34
H,5,6,2,centr,PBMC,3,2,No,CD4,37.96
H,5,6,2,centr,PBMC,3,2,No,CD8,52.28
H,5,6,2,centr,PBMC,3,2,No,CD3_N,12.64
H,5,6,2,centr,PBMC,3,2,No,CD4_N,18.98
H,5,6,2,centr,PBMC,3,2,No,CD8_N,9.88
H,5,6,2,centr,PBMC,3,2,No,CD3_CM,25.61
H,5,6,2,centr,PBMC,3,2,No,CD4_CM,51.87
H,5,6,2,centr,PBMC,3,2,No,CD8_CM,10.11
H,5,6,2,centr,PBMC,3,2,No,CD3_EM,22.98
H,5,6,2,centr,PBMC,3,2,No,CD4_EM,28.89
H,5,6,2,centr,PBMC,3,2,No,CD8_EM,15.5
H,5,6,2,centr,PBMC,3,2,No,CD3_TD,38.78
H,5,6,2,centr,PBMC,3,2,No,CD4_TD,0.26
H,5,6,2,centr,PBMC,3,2,No,CD8_TD,64.51
H,5,6,2,centr,PBMC,3,3,No,CD3,73.67
H,5,6,2,centr,PBMC,3,3,No,CD4,51.86
H,5,6,2,centr,PBMC,3,3,No,CD8,40.8
H,5,6,2,centr,PBMC,3,3,No,CD3_N,24.52
H,5,6,2,centr,PBMC,3,3,No,CD4_N,33.19
H,5,6,2,centr,PBMC,3,3,No,CD8_N,16.06
H,5,6,2,centr,PBMC,3,3,No,CD3_CM,27.7
H,5,6,2,centr,PBMC,3,3,No,CD4_CM,45.84
H,5,6,2,centr,PBMC,3,3,No,CD8_CM,8.68
H,5,6,2,centr,PBMC,3,3,No,CD3_EM,16.96
H,5,6,2,centr,PBMC,3,3,No,CD4_EM,20.3
H,5,6,2,centr,PBMC,3,3,No,CD8_EM,10.05
H,5,6,2,centr,PBMC,3,3,No,CD3_TD,30.81
H,5,6,2,centr,PBMC,3,3,No,CD4_TD,0.66
H,5,6,2,centr,PBMC,3,3,No,CD8_TD,65.22
H,5,6,2,centr,WB,1,1,No,CD3,56.18
H,5,6,2,centr,WB,1,1,No,CD4,65.18
H,5,6,2,centr,WB,1,1,No,CD8,31.85
H,5,6,2,centr,WB,1,1,No,CD3_N,38.1
H,5,6,2,centr,WB,1,1,No,CD4_N,37.91
H,5,6,2,centr,WB,1,1,No,CD8_N,42.01
H,5,6,2,centr,WB,1,1,No,CD3_CM,37.45
H,5,6,2,centr,WB,1,1,No,CD4_CM,50.87
H,5,6,2,centr,WB,1,1,No,CD8_CM,15.03
H,5,6,2,centr,WB,1,1,No,CD3_EM,17.37
H,5,6,2,centr,WB,1,1,No,CD4_EM,11.01
H,5,6,2,centr,WB,1,1,No,CD8_EM,22.72
H,5,6,2,centr,WB,1,1,No,CD3_TD,7.09
H,5,6,2,centr,WB,1,1,No,CD4_TD,0.2
H,5,6,2,centr,WB,1,1,No,CD8_TD,20.25
H,5,6,2,centr,WB,1,2,No,CD3,56.31
H,5,6,2,centr,WB,1,2,No,CD4,64.37
H,5,6,2,centr,WB,1,2,No,CD8,32.56
H,5,6,2,centr,WB,1,2,No,CD3_N,38.15
H,5,6,2,centr,WB,1,2,No,CD4_N,38.1
H,5,6,2,centr,WB,1,2,No,CD8_N,42.69
H,5,6,2,centr,WB,1,2,No,CD3_CM,38.57
H,5,6,2,centr,WB,1,2,No,CD4_CM,51.41
H,5,6,2,centr,WB,1,2,No,CD8_CM,18.53
H,5,6,2,centr,WB,1,2,No,CD3_EM,16.34
H,5,6,2,centr,WB,1,2,No,CD4_EM,10.27
H,5,6,2,centr,WB,1,2,No,CD8_EM,19.99
H,5,6,2,centr,WB,1,2,No,CD3_TD,6.95
H,5,6,2,centr,WB,1,2,No,CD4_TD,0.22
H,5,6,2,centr,WB,1,2,No,CD8_TD,18.79
H,5,6,2,centr,WB,1,3,No,CD3,56.43
H,5,6,2,centr,WB,1,3,No,CD4,64.38
H,5,6,2,centr,WB,1,3,No,CD8,32.6
H,5,6,2,centr,WB,1,3,No,CD3_N,39.46
H,5,6,2,centr,WB,1,3,No,CD4_N,38.58
H,5,6,2,centr,WB,1,3,No,CD8_N,42.38
H,5,6,2,centr,WB,1,3,No,CD3_CM,36.53
H,5,6,2,centr,WB,1,3,No,CD4_CM,49.17
H,5,6,2,centr,WB,1,3,No,CD8_CM,15.49
H,5,6,2,centr,WB,1,3,No,CD3_EM,16.48
H,5,6,2,centr,WB,1,3,No,CD4_EM,11.98
H,5,6,2,centr,WB,1,3,No,CD8_EM,21.01
H,5,6,2,centr,WB,1,3,No,CD3_TD,7.52
H,5,6,2,centr,WB,1,3,No,CD4_TD,0.26
H,5,6,2,centr,WB,1,3,No,CD8_TD,21.12
H,5,6,2,centr,WB,2,1,No,CD3,66
H,5,6,2,centr,WB,2,1,No,CD4,68.49
H,5,6,2,centr,WB,2,1,No,CD8,25.21
H,5,6,2,centr,WB,2,1,No,CD3_N,17.85
H,5,6,2,centr,WB,2,1,No,CD4_N,19.54
H,5,6,2,centr,WB,2,1,No,CD8_N,18.01
H,5,6,2,centr,WB,2,1,No,CD3_CM,37.81
H,5,6,2,centr,WB,2,1,No,CD4_CM,47.91
H,5,6,2,centr,WB,2,1,No,CD8_CM,18.42
H,5,6,2,centr,WB,2,1,No,CD3_EM,32.07
H,5,6,2,centr,WB,2,1,No,CD4_EM,29.41
H,5,6,2,centr,WB,2,1,No,CD8_EM,30.83
H,5,6,2,centr,WB,2,1,No,CD3_TD,12.27
H,5,6,2,centr,WB,2,1,No,CD4_TD,3.14
H,5,6,2,centr,WB,2,1,No,CD8_TD,32.74
H,5,6,2,centr,WB,2,2,No,CD3,66.64
H,5,6,2,centr,WB,2,2,No,CD4,68.82
H,5,6,2,centr,WB,2,2,No,CD8,24.81
H,5,6,2,centr,WB,2,2,No,CD3_N,18.46
H,5,6,2,centr,WB,2,2,No,CD4_N,19.97
H,5,6,2,centr,WB,2,2,No,CD8_N,18.77
H,5,6,2,centr,WB,2,2,No,CD3_CM,40.38
H,5,6,2,centr,WB,2,2,No,CD4_CM,51.2
H,5,6,2,centr,WB,2,2,No,CD8_CM,18.77
H,5,6,2,centr,WB,2,2,No,CD3_EM,28.97
H,5,6,2,centr,WB,2,2,No,CD4_EM,26.01
H,5,6,2,centr,WB,2,2,No,CD8_EM,28.86
H,5,6,2,centr,WB,2,2,No,CD3_TD,12.19
H,5,6,2,centr,WB,2,2,No,CD4_TD,2.82
H,5,6,2,centr,WB,2,2,No,CD8_TD,33.6
H,5,6,2,centr,WB,2,3,No,CD3,66.12
H,5,6,2,centr,WB,2,3,No,CD4,68.61
H,5,6,2,centr,WB,2,3,No,CD8,25.12
H,5,6,2,centr,WB,2,3,No,CD3_N,17.76
H,5,6,2,centr,WB,2,3,No,CD4_N,19.6
H,5,6,2,centr,WB,2,3,No,CD8_N,18.11
H,5,6,2,centr,WB,2,3,No,CD3_CM,36.36
H,5,6,2,centr,WB,2,3,No,CD4_CM,50.73
H,5,6,2,centr,WB,2,3,No,CD8_CM,19.91
H,5,6,2,centr,WB,2,3,No,CD3_EM,33.59
H,5,6,2,centr,WB,2,3,No,CD4_EM,26.25
H,5,6,2,centr,WB,2,3,No,CD8_EM,29.13
H,5,6,2,centr,WB,2,3,No,CD3_TD,12.3
H,5,6,2,centr,WB,2,3,No,CD4_TD,3.42
H,5,6,2,centr,WB,2,3,No,CD8_TD,32.85
H,5,6,2,centr,WB,3,1,No,CD3,58.67
H,5,6,2,centr,WB,3,1,No,CD4,66.33
H,5,6,2,centr,WB,3,1,No,CD8,27.24
H,5,6,2,centr,WB,3,1,No,CD3_N,23.03
H,5,6,2,centr,WB,3,1,No,CD4_N,18.48
H,5,6,2,centr,WB,3,1,No,CD8_N,38.05
H,5,6,2,centr,WB,3,1,No,CD3_CM,40.3
H,5,6,2,centr,WB,3,1,No,CD4_CM,53.82
H,5,6,2,centr,WB,3,1,No,CD8_CM,15.82
H,5,6,2,centr,WB,3,1,No,CD3_EM,19.42
H,5,6,2,centr,WB,3,1,No,CD4_EM,20.22
H,5,6,2,centr,WB,3,1,No,CD8_EM,15.72
H,5,6,2,centr,WB,3,1,No,CD3_TD,17.25
H,5,6,2,centr,WB,3,1,No,CD4_TD,7.48
H,5,6,2,centr,WB,3,1,No,CD8_TD,30.41
H,5,6,2,centr,WB,3,2,No,CD3,59.81
H,5,6,2,centr,WB,3,2,No,CD4,66.4
H,5,6,2,centr,WB,3,2,No,CD8,27.24
H,5,6,2,centr,WB,3,2,No,CD3_N,22.78
H,5,6,2,centr,WB,3,2,No,CD4_N,18.55
H,5,6,2,centr,WB,3,2,No,CD8_N,37.08
H,5,6,2,centr,WB,3,2,No,CD3_CM,40
H,5,6,2,centr,WB,3,2,No,CD4_CM,54.11
H,5,6,2,centr,WB,3,2,No,CD8_CM,13.9
H,5,6,2,centr,WB,3,2,No,CD3_EM,19.48
H,5,6,2,centr,WB,3,2,No,CD4_EM,19.69
H,5,6,2,centr,WB,3,2,No,CD8_EM,17.3
H,5,6,2,centr,WB,3,2,No,CD3_TD,17.75
H,5,6,2,centr,WB,3,2,No,CD4_TD,7.66
H,5,6,2,centr,WB,3,2,No,CD8_TD,31.72
H,5,6,2,centr,WB,3,3,No,CD3,52.83
H,5,6,2,centr,WB,3,3,No,CD4,64.38
H,5,6,2,centr,WB,3,3,No,CD8,28.4
H,5,6,2,centr,WB,3,3,No,CD3_N,23.24
H,5,6,2,centr,WB,3,3,No,CD4_N,18.55
H,5,6,2,centr,WB,3,3,No,CD8_N,37.85
H,5,6,2,centr,WB,3,3,No,CD3_CM,40.25
H,5,6,2,centr,WB,3,3,No,CD4_CM,54.5
H,5,6,2,centr,WB,3,3,No,CD8_CM,16.06
H,5,6,2,centr,WB,3,3,No,CD3_EM,17.95
H,5,6,2,centr,WB,3,3,No,CD4_EM,19.28
H,5,6,2,centr,WB,3,3,No,CD8_EM,12.03
H,5,6,2,centr,WB,3,3,No,CD3_TD,18.57
H,5,6,2,centr,WB,3,3,No,CD4_TD,7.67
H,5,6,2,centr,WB,3,3,No,CD8_TD,34.05
H,5,6,2,local,PBMC,1,1,No,CD3,68.96
H,5,6,2,local,PBMC,1,1,No,CD4,35.35
H,5,6,2,local,PBMC,1,1,No,CD8,59.08
H,5,6,2,local,PBMC,1,1,No,CD3_N,15.17
H,5,6,2,local,PBMC,1,1,No,CD4_N,23.65
H,5,6,2,local,PBMC,1,1,No,CD8_N,11.82
H,5,6,2,local,PBMC,1,1,No,CD3_CM,26.07
H,5,6,2,local,PBMC,1,1,No,CD4_CM,50.54
H,5,6,2,local,PBMC,1,1,No,CD8_CM,10.21
H,5,6,2,local,PBMC,1,1,No,CD3_EM,20.42
H,5,6,2,local,PBMC,1,1,No,CD4_EM,18.11
H,5,6,2,local,PBMC,1,1,No,CD8_EM,23.67
H,5,6,2,local,PBMC,1,1,No,CD3_TD,38.33
H,5,6,2,local,PBMC,1,1,No,CD4_TD,7.7
H,5,6,2,local,PBMC,1,1,No,CD8_TD,54.3
H,5,6,2,local,PBMC,1,2,No,CD3,62.97
H,5,6,2,local,PBMC,1,2,No,CD4,25.33
H,5,6,2,local,PBMC,1,2,No,CD8,66.81
H,5,6,2,local,PBMC,1,2,No,CD3_N,7.51
H,5,6,2,local,PBMC,1,2,No,CD4_N,19.58
H,5,6,2,local,PBMC,1,2,No,CD8_N,6.72
H,5,6,2,local,PBMC,1,2,No,CD3_CM,18.06
H,5,6,2,local,PBMC,1,2,No,CD4_CM,40.85
H,5,6,2,local,PBMC,1,2,No,CD8_CM,9.82
H,5,6,2,local,PBMC,1,2,No,CD3_EM,35.09
H,5,6,2,local,PBMC,1,2,No,CD4_EM,32.13
H,5,6,2,local,PBMC,1,2,No,CD8_EM,33.22
H,5,6,2,local,PBMC,1,2,No,CD3_TD,39.34
H,5,6,2,local,PBMC,1,2,No,CD4_TD,7.55
H,5,6,2,local,PBMC,1,2,No,CD8_TD,50.24
H,5,6,2,local,PBMC,1,3,No,CD3,73.81
H,5,6,2,local,PBMC,1,3,No,CD4,39.49
H,5,6,2,local,PBMC,1,3,No,CD8,53.6
H,5,6,2,local,PBMC,1,3,No,CD3_N,19.62
H,5,6,2,local,PBMC,1,3,No,CD4_N,36.5
H,5,6,2,local,PBMC,1,3,No,CD8_N,16.22
H,5,6,2,local,PBMC,1,3,No,CD3_CM,21.49
H,5,6,2,local,PBMC,1,3,No,CD4_CM,35.49
H,5,6,2,local,PBMC,1,3,No,CD8_CM,8.34
H,5,6,2,local,PBMC,1,3,No,CD3_EM,20.41
H,5,6,2,local,PBMC,1,3,No,CD4_EM,17.55
H,5,6,2,local,PBMC,1,3,No,CD8_EM,16.31
H,5,6,2,local,PBMC,1,3,No,CD3_TD,38.47
H,5,6,2,local,PBMC,1,3,No,CD4_TD,10.46
H,5,6,2,local,PBMC,1,3,No,CD8_TD,59.13
H,5,6,2,local,PBMC,2,1,No,CD3,85.43
H,5,6,2,local,PBMC,2,1,No,CD4,38.26
H,5,6,2,local,PBMC,2,1,No,CD8,58.3
H,5,6,2,local,PBMC,2,1,No,CD3_N,14.59
H,5,6,2,local,PBMC,2,1,No,CD4_N,9.75
H,5,6,2,local,PBMC,2,1,No,CD8_N,17.1
H,5,6,2,local,PBMC,2,1,No,CD3_CM,19.99
H,5,6,2,local,PBMC,2,1,No,CD4_CM,39.52
H,5,6,2,local,PBMC,2,1,No,CD8_CM,6.11
H,5,6,2,local,PBMC,2,1,No,CD3_EM,20.84
H,5,6,2,local,PBMC,2,1,No,CD4_EM,43.59
H,5,6,2,local,PBMC,2,1,No,CD8_EM,5.97
H,5,6,2,local,PBMC,2,1,No,CD3_TD,44.58
H,5,6,2,local,PBMC,2,1,No,CD4_TD,6.94
H,5,6,2,local,PBMC,2,1,No,CD8_TD,70.82
H,5,6,2,local,PBMC,2,2,No,CD3,79.81
H,5,6,2,local,PBMC,2,2,No,CD4,31.31
H,5,6,2,local,PBMC,2,2,No,CD8,64.85
H,5,6,2,local,PBMC,2,2,No,CD3_N,5.71
H,5,6,2,local,PBMC,2,2,No,CD4_N,4.68
H,5,6,2,local,PBMC,2,2,No,CD8_N,5.68
H,5,6,2,local,PBMC,2,2,No,CD3_CM,12.7
H,5,6,2,local,PBMC,2,2,No,CD4_CM,21.7
H,5,6,2,local,PBMC,2,2,No,CD8_CM,6.15
H,5,6,2,local,PBMC,2,2,No,CD3_EM,30.43
H,5,6,2,local,PBMC,2,2,No,CD4_EM,67.42
H,5,6,2,local,PBMC,2,2,No,CD8_EM,13
H,5,6,2,local,PBMC,2,2,No,CD3_TD,51.17
H,5,6,2,local,PBMC,2,2,No,CD4_TD,6.2
H,5,6,2,local,PBMC,2,2,No,CD8_TD,75.17
H,5,6,2,local,PBMC,2,3,No,CD3,84.2
H,5,6,2,local,PBMC,2,3,No,CD4,37.46
H,5,6,2,local,PBMC,2,3,No,CD8,59.19
H,5,6,2,local,PBMC,2,3,No,CD3_N,11.95
H,5,6,2,local,PBMC,2,3,No,CD4_N,11.93
H,5,6,2,local,PBMC,2,3,No,CD8_N,13.23
H,5,6,2,local,PBMC,2,3,No,CD3_CM,15.95
H,5,6,2,local,PBMC,2,3,No,CD4_CM,31.11
H,5,6,2,local,PBMC,2,3,No,CD8_CM,3.93
H,5,6,2,local,PBMC,2,3,No,CD3_EM,25.7
H,5,6,2,local,PBMC,2,3,No,CD4_EM,51.26
H,5,6,2,local,PBMC,2,3,No,CD8_EM,4.35
H,5,6,2,local,PBMC,2,3,No,CD3_TD,46.4
H,5,6,2,local,PBMC,2,3,No,CD4_TD,5.7
H,5,6,2,local,PBMC,2,3,No,CD8_TD,78.5
H,5,6,2,local,PBMC,3,1,No,CD3,67.8
H,5,6,2,local,PBMC,3,1,No,CD4,44.51
H,5,6,2,local,PBMC,3,1,No,CD8,41.88
H,5,6,2,local,PBMC,3,1,No,CD3_N,17.75
H,5,6,2,local,PBMC,3,1,No,CD4_N,24.08
H,5,6,2,local,PBMC,3,1,No,CD8_N,13.81
H,5,6,2,local,PBMC,3,1,No,CD3_CM,30.74
H,5,6,2,local,PBMC,3,1,No,CD4_CM,57.25
H,5,6,2,local,PBMC,3,1,No,CD8_CM,9.06
H,5,6,2,local,PBMC,3,1,No,CD3_EM,16.69
H,5,6,2,local,PBMC,3,1,No,CD4_EM,17.86
H,5,6,2,local,PBMC,3,1,No,CD8_EM,11.32
H,5,6,2,local,PBMC,3,1,No,CD3_TD,34.82
H,5,6,2,local,PBMC,3,1,No,CD4_TD,0.81
H,5,6,2,local,PBMC,3,1,No,CD8_TD,65.81
H,5,6,2,local,PBMC,3,2,No,CD3,59.23
H,5,6,2,local,PBMC,3,2,No,CD4,37.35
H,5,6,2,local,PBMC,3,2,No,CD8,46.82
H,5,6,2,local,PBMC,3,2,No,CD3_N,13.47
H,5,6,2,local,PBMC,3,2,No,CD4_N,19.15
H,5,6,2,local,PBMC,3,2,No,CD8_N,9.77
H,5,6,2,local,PBMC,3,2,No,CD3_CM,27.51
H,5,6,2,local,PBMC,3,2,No,CD4_CM,52.95
H,5,6,2,local,PBMC,3,2,No,CD8_CM,8.88
H,5,6,2,local,PBMC,3,2,No,CD3_EM,20.07
H,5,6,2,local,PBMC,3,2,No,CD4_EM,27.59
H,5,6,2,local,PBMC,3,2,No,CD8_EM,14.75
H,5,6,2,local,PBMC,3,2,No,CD3_TD,38.96
H,5,6,2,local,PBMC,3,2,No,CD4_TD,0.32
H,5,6,2,local,PBMC,3,2,No,CD8_TD,66.61
H,5,6,2,local,PBMC,3,3,No,CD3,73.03
H,5,6,2,local,PBMC,3,3,No,CD4,51.37
H,5,6,2,local,PBMC,3,3,No,CD8,36.89
H,5,6,2,local,PBMC,3,3,No,CD3_N,26.06
H,5,6,2,local,PBMC,3,3,No,CD4_N,38.72
H,5,6,2,local,PBMC,3,3,No,CD8_N,19.44
H,5,6,2,local,PBMC,3,3,No,CD3_CM,27.51
H,5,6,2,local,PBMC,3,3,No,CD4_CM,43.75
H,5,6,2,local,PBMC,3,3,No,CD8_CM,8.51
H,5,6,2,local,PBMC,3,3,No,CD3_EM,7.71
H,5,6,2,local,PBMC,3,3,No,CD4_EM,15.44
H,5,6,2,local,PBMC,3,3,No,CD8_EM,7.71
H,5,6,2,local,PBMC,3,3,No,CD3_TD,31.25
H,5,6,2,local,PBMC,3,3,No,CD4_TD,2.09
H,5,6,2,local,PBMC,3,3,No,CD8_TD,64.34
H,5,6,2,local,WB,1,1,No,CD3,57.5
H,5,6,2,local,WB,1,1,No,CD4,66.68
H,5,6,2,local,WB,1,1,No,CD8,30.17
H,5,6,2,local,WB,1,1,No,CD3_N,41
H,5,6,2,local,WB,1,1,No,CD4_N,42.45
H,5,6,2,local,WB,1,1,No,CD8_N,46.87
H,5,6,2,local,WB,1,1,No,CD3_CM,38.83
H,5,6,2,local,WB,1,1,No,CD4_CM,47.09
H,5,6,2,local,WB,1,1,No,CD8_CM,16.7
H,5,6,2,local,WB,1,1,No,CD3_EM,13.98
H,5,6,2,local,WB,1,1,No,CD4_EM,10.07
H,5,6,2,local,WB,1,1,No,CD8_EM,18.24
H,5,6,2,local,WB,1,1,No,CD3_TD,6.19
H,5,6,2,local,WB,1,1,No,CD4_TD,0.39
H,5,6,2,local,WB,1,1,No,CD8_TD,18.19
H,5,6,2,local,WB,1,2,No,CD3,57.53
H,5,6,2,local,WB,1,2,No,CD4,66.04
H,5,6,2,local,WB,1,2,No,CD8,30.08
H,5,6,2,local,WB,1,2,No,CD3_N,41.48
H,5,6,2,local,WB,1,2,No,CD4_N,41.79
H,5,6,2,local,WB,1,2,No,CD8_N,49.92
H,5,6,2,local,WB,1,2,No,CD3_CM,33.04
H,5,6,2,local,WB,1,2,No,CD4_CM,43.71
H,5,6,2,local,WB,1,2,No,CD8_CM,18.07
H,5,6,2,local,WB,1,2,No,CD3_EM,17.81
H,5,6,2,local,WB,1,2,No,CD4_EM,14
H,5,6,2,local,WB,1,2,No,CD8_EM,14.49
H,5,6,2,local,WB,1,2,No,CD3_TD,7.67
H,5,6,2,local,WB,1,2,No,CD4_TD,0.5
H,5,6,2,local,WB,1,2,No,CD8_TD,17.52
H,5,6,2,local,WB,1,3,No,CD3,57.53
H,5,6,2,local,WB,1,3,No,CD4,66.11
H,5,6,2,local,WB,1,3,No,CD8,30.58
H,5,6,2,local,WB,1,3,No,CD3_N,43.07
H,5,6,2,local,WB,1,3,No,CD4_N,43.2
H,5,6,2,local,WB,1,3,No,CD8_N,48.94
H,5,6,2,local,WB,1,3,No,CD3_CM,37.84
H,5,6,2,local,WB,1,3,No,CD4_CM,48.82
H,5,6,2,local,WB,1,3,No,CD8_CM,16.65
H,5,6,2,local,WB,1,3,No,CD3_EM,12.4
H,5,6,2,local,WB,1,3,No,CD4_EM,7.6
H,5,6,2,local,WB,1,3,No,CD8_EM,15.49
H,5,6,2,local,WB,1,3,No,CD3_TD,6.68
H,5,6,2,local,WB,1,3,No,CD4_TD,0.38
H,5,6,2,local,WB,1,3,No,CD8_TD,18.92
H,5,6,2,local,WB,2,1,No,CD3,66.96
H,5,6,2,local,WB,2,1,No,CD4,71.65
H,5,6,2,local,WB,2,1,No,CD8,21.3
H,5,6,2,local,WB,2,1,No,CD3_N,25.98
H,5,6,2,local,WB,2,1,No,CD4_N,23.12
H,5,6,2,local,WB,2,1,No,CD8_N,26.27
H,5,6,2,local,WB,2,1,No,CD3_CM,37.26
H,5,6,2,local,WB,2,1,No,CD4_CM,52.88
H,5,6,2,local,WB,2,1,No,CD8_CM,18.16
H,5,6,2,local,WB,2,1,No,CD3_EM,22.4
H,5,6,2,local,WB,2,1,No,CD4_EM,21.37
H,5,6,2,local,WB,2,1,No,CD8_EM,23.8
H,5,6,2,local,WB,2,1,No,CD3_TD,14.36
H,5,6,2,local,WB,2,1,No,CD4_TD,2.64
H,5,6,2,local,WB,2,1,No,CD8_TD,31.77
H,5,6,2,local,WB,2,2,No,CD3,66.98
H,5,6,2,local,WB,2,2,No,CD4,70.83
H,5,6,2,local,WB,2,2,No,CD8,21.06
H,5,6,2,local,WB,2,2,No,CD3_N,23.19
H,5,6,2,local,WB,2,2,No,CD4_N,22.34
H,5,6,2,local,WB,2,2,No,CD8_N,26.53
H,5,6,2,local,WB,2,2,No,CD3_CM,40.49
H,5,6,2,local,WB,2,2,No,CD4_CM,56.46
H,5,6,2,local,WB,2,2,No,CD8_CM,22.81
H,5,6,2,local,WB,2,2,No,CD3_EM,22.89
H,5,6,2,local,WB,2,2,No,CD4_EM,18.55
H,5,6,2,local,WB,2,2,No,CD8_EM,20.38
H,5,6,2,local,WB,2,2,No,CD3_TD,13.43
H,5,6,2,local,WB,2,2,No,CD4_TD,2.65
H,5,6,2,local,WB,2,2,No,CD8_TD,29.28
H,5,6,2,local,WB,2,3,No,CD3,66.87
H,5,6,2,local,WB,2,3,No,CD4,70.95
H,5,6,2,local,WB,2,3,No,CD8,21.62
H,5,6,2,local,WB,2,3,No,CD3_N,22.92
H,5,6,2,local,WB,2,3,No,CD4_N,22.78
H,5,6,2,local,WB,2,3,No,CD8_N,23.14
H,5,6,2,local,WB,2,3,No,CD3_CM,38.09
H,5,6,2,local,WB,2,3,No,CD4_CM,51.55
H,5,6,2,local,WB,2,3,No,CD8_CM,21.71
H,5,6,2,local,WB,2,3,No,CD3_EM,25.09
H,5,6,2,local,WB,2,3,No,CD4_EM,22.28
H,5,6,2,local,WB,2,3,No,CD8_EM,25.05
H,5,6,2,local,WB,2,3,No,CD3_TD,13.97
H,5,6,2,local,WB,2,3,No,CD4_TD,3.39
H,5,6,2,local,WB,2,3,No,CD8_TD,30.1
H,5,6,2,local,WB,3,1,No,CD3,57.98
H,5,6,2,local,WB,3,1,No,CD4,69.55
H,5,6,2,local,WB,3,1,No,CD8,25.02
H,5,6,2,local,WB,3,1,No,CD3_N,25.96
H,5,6,2,local,WB,3,1,No,CD4_N,21.41
H,5,6,2,local,WB,3,1,No,CD8_N,43.44
H,5,6,2,local,WB,3,1,No,CD3_CM,38.81
H,5,6,2,local,WB,3,1,No,CD4_CM,58.16
H,5,6,2,local,WB,3,1,No,CD8_CM,16.71
H,5,6,2,local,WB,3,1,No,CD3_EM,21.41
H,5,6,2,local,WB,3,1,No,CD4_EM,15.1
H,5,6,2,local,WB,3,1,No,CD8_EM,15.73
H,5,6,2,local,WB,3,1,No,CD3_TD,13.83
H,5,6,2,local,WB,3,1,No,CD4_TD,5.33
H,5,6,2,local,WB,3,1,No,CD8_TD,24.13
H,5,6,2,local,WB,3,2,No,CD3,59.26
H,5,6,2,local,WB,3,2,No,CD4,68.41
H,5,6,2,local,WB,3,2,No,CD8,25.35
H,5,6,2,local,WB,3,2,No,CD3_N,26.2
H,5,6,2,local,WB,3,2,No,CD4_N,20.76
H,5,6,2,local,WB,3,2,No,CD8_N,43.01
H,5,6,2,local,WB,3,2,No,CD3_CM,37.36
H,5,6,2,local,WB,3,2,No,CD4_CM,56.76
H,5,6,2,local,WB,3,2,No,CD8_CM,17.88
H,5,6,2,local,WB,3,2,No,CD3_EM,21.8
H,5,6,2,local,WB,3,2,No,CD4_EM,16.92
H,5,6,2,local,WB,3,2,No,CD8_EM,15.62
H,5,6,2,local,WB,3,2,No,CD3_TD,14.63
H,5,6,2,local,WB,3,2,No,CD4_TD,5.56
H,5,6,2,local,WB,3,2,No,CD8_TD,23.49
H,5,6,2,local,WB,3,3,No,CD3,51.86
H,5,6,2,local,WB,3,3,No,CD4,67.41
H,5,6,2,local,WB,3,3,No,CD8,26.47
H,5,6,2,local,WB,3,3,No,CD3_N,26.04
H,5,6,2,local,WB,3,3,No,CD4_N,21.52
H,5,6,2,local,WB,3,3,No,CD8_N,41.52
H,5,6,2,local,WB,3,3,No,CD3_CM,38.69
H,5,6,2,local,WB,3,3,No,CD4_CM,54.55
H,5,6,2,local,WB,3,3,No,CD8_CM,16.21
H,5,6,2,local,WB,3,3,No,CD3_EM,19.98
H,5,6,2,local,WB,3,3,No,CD4_EM,18.09
H,5,6,2,local,WB,3,3,No,CD8_EM,17.95
H,5,6,2,local,WB,3,3,No,CD3_TD,15.29
H,5,6,2,local,WB,3,3,No,CD4_TD,5.84
H,5,6,2,local,WB,3,3,No,CD8_TD,24.22
I,5,6,2,centr,PBMC,1,1,No,CD3,70.91
I,5,6,2,centr,PBMC,1,1,No,CD4,31.57
I,5,6,2,centr,PBMC,1,1,No,CD8,62.34
I,5,6,2,centr,PBMC,1,1,No,CD3_N,6.84
I,5,6,2,centr,PBMC,1,1,No,CD4_N,14.54
I,5,6,2,centr,PBMC,1,1,No,CD8_N,3.53
I,5,6,2,centr,PBMC,1,1,No,CD3_CM,15.96
I,5,6,2,centr,PBMC,1,1,No,CD4_CM,41.14
I,5,6,2,centr,PBMC,1,1,No,CD8_CM,6.7
I,5,6,2,centr,PBMC,1,1,No,CD3_EM,39.12
I,5,6,2,centr,PBMC,1,1,No,CD4_EM,39.3
I,5,6,2,centr,PBMC,1,1,No,CD8_EM,38.6
I,5,6,2,centr,PBMC,1,1,No,CD3_TD,38.08
I,5,6,2,centr,PBMC,1,1,No,CD4_TD,5.02
I,5,6,2,centr,PBMC,1,1,No,CD8_TD,51.17
I,5,6,2,centr,PBMC,1,2,No,CD3,75.19
I,5,6,2,centr,PBMC,1,2,No,CD4,49.72
I,5,6,2,centr,PBMC,1,2,No,CD8,44.61
I,5,6,2,centr,PBMC,1,2,No,CD3_N,13.85
I,5,6,2,centr,PBMC,1,2,No,CD4_N,22.77
I,5,6,2,centr,PBMC,1,2,No,CD8_N,4.35
I,5,6,2,centr,PBMC,1,2,No,CD3_CM,21.96
I,5,6,2,centr,PBMC,1,2,No,CD4_CM,41.37
I,5,6,2,centr,PBMC,1,2,No,CD8_CM,6.2
I,5,6,2,centr,PBMC,1,2,No,CD3_EM,35.43
I,5,6,2,centr,PBMC,1,2,No,CD4_EM,32.92
I,5,6,2,centr,PBMC,1,2,No,CD8_EM,47.12
I,5,6,2,centr,PBMC,1,2,No,CD3_TD,28.77
I,5,6,2,centr,PBMC,1,2,No,CD4_TD,2.95
I,5,6,2,centr,PBMC,1,2,No,CD8_TD,42.33
I,5,6,2,centr,PBMC,1,3,No,CD3,73
I,5,6,2,centr,PBMC,1,3,No,CD4,42.1
I,5,6,2,centr,PBMC,1,3,No,CD8,51.88
I,5,6,2,centr,PBMC,1,3,No,CD3_N,12.85
I,5,6,2,centr,PBMC,1,3,No,CD4_N,21.27
I,5,6,2,centr,PBMC,1,3,No,CD8_N,5.37
I,5,6,2,centr,PBMC,1,3,No,CD3_CM,18.93
I,5,6,2,centr,PBMC,1,3,No,CD4_CM,32.1
I,5,6,2,centr,PBMC,1,3,No,CD8_CM,5.86
I,5,6,2,centr,PBMC,1,3,No,CD3_EM,42.77
I,5,6,2,centr,PBMC,1,3,No,CD4_EM,43.65
I,5,6,2,centr,PBMC,1,3,No,CD8_EM,50.66
I,5,6,2,centr,PBMC,1,3,No,CD3_TD,25.44
I,5,6,2,centr,PBMC,1,3,No,CD4_TD,2.99
I,5,6,2,centr,PBMC,1,3,No,CD8_TD,38.11
I,5,6,2,centr,PBMC,2,1,No,CD3,85.36
I,5,6,2,centr,PBMC,2,1,No,CD4,34.55
I,5,6,2,centr,PBMC,2,1,No,CD8,62.19
I,5,6,2,centr,PBMC,2,1,No,CD3_N,3.8
I,5,6,2,centr,PBMC,2,1,No,CD4_N,3.75
I,5,6,2,centr,PBMC,2,1,No,CD8_N,4.28
I,5,6,2,centr,PBMC,2,1,No,CD3_CM,10.66
I,5,6,2,centr,PBMC,2,1,No,CD4_CM,21.18
I,5,6,2,centr,PBMC,2,1,No,CD8_CM,6.78
I,5,6,2,centr,PBMC,2,1,No,CD3_EM,36.95
I,5,6,2,centr,PBMC,2,1,No,CD4_EM,69.7
I,5,6,2,centr,PBMC,2,1,No,CD8_EM,15.83
I,5,6,2,centr,PBMC,2,1,No,CD3_TD,48.6
I,5,6,2,centr,PBMC,2,1,No,CD4_TD,5.37
I,5,6,2,centr,PBMC,2,1,No,CD8_TD,73.11
I,5,6,2,centr,PBMC,2,2,No,CD3,85.92
I,5,6,2,centr,PBMC,2,2,No,CD4,43.44
I,5,6,2,centr,PBMC,2,2,No,CD8,53.51
I,5,6,2,centr,PBMC,2,2,No,CD3_N,7.92
I,5,6,2,centr,PBMC,2,2,No,CD4_N,9.97
I,5,6,2,centr,PBMC,2,2,No,CD8_N,5.2
I,5,6,2,centr,PBMC,2,2,No,CD3_CM,19.15
I,5,6,2,centr,PBMC,2,2,No,CD4_CM,34.54
I,5,6,2,centr,PBMC,2,2,No,CD8_CM,9.64
I,5,6,2,centr,PBMC,2,2,No,CD3_EM,34.95
I,5,6,2,centr,PBMC,2,2,No,CD4_EM,53.1
I,5,6,2,centr,PBMC,2,2,No,CD8_EM,24.08
I,5,6,2,centr,PBMC,2,2,No,CD3_TD,37.98
I,5,6,2,centr,PBMC,2,2,No,CD4_TD,2.39
I,5,6,2,centr,PBMC,2,2,No,CD8_TD,61.08
I,5,6,2,centr,PBMC,2,3,No,CD3,84.55
I,5,6,2,centr,PBMC,2,3,No,CD4,39.62
I,5,6,2,centr,PBMC,2,3,No,CD8,56.65
I,5,6,2,centr,PBMC,2,3,No,CD3_N,5.67
I,5,6,2,centr,PBMC,2,3,No,CD4_N,7.31
I,5,6,2,centr,PBMC,2,3,No,CD8_N,4.18
I,5,6,2,centr,PBMC,2,3,No,CD3_CM,14.16
I,5,6,2,centr,PBMC,2,3,No,CD4_CM,23.39
I,5,6,2,centr,PBMC,2,3,No,CD8_CM,5.04
I,5,6,2,centr,PBMC,2,3,No,CD3_EM,40.11
I,5,6,2,centr,PBMC,2,3,No,CD4_EM,66.65
I,5,6,2,centr,PBMC,2,3,No,CD8_EM,23.85
I,5,6,2,centr,PBMC,2,3,No,CD3_TD,40.06
I,5,6,2,centr,PBMC,2,3,No,CD4_TD,2.65
I,5,6,2,centr,PBMC,2,3,No,CD8_TD,66.93
I,5,6,2,centr,PBMC,3,1,No,CD3,67.1
I,5,6,2,centr,PBMC,3,1,No,CD4,35.24
I,5,6,2,centr,PBMC,3,1,No,CD8,53.38
I,5,6,2,centr,PBMC,3,1,No,CD3_N,15.24
I,5,6,2,centr,PBMC,3,1,No,CD4_N,18.51
I,5,6,2,centr,PBMC,3,1,No,CD8_N,18.31
I,5,6,2,centr,PBMC,3,1,No,CD3_CM,25.11
I,5,6,2,centr,PBMC,3,1,No,CD4_CM,52.57
I,5,6,2,centr,PBMC,3,1,No,CD8_CM,13.63
I,5,6,2,centr,PBMC,3,1,No,CD3_EM,23.44
I,5,6,2,centr,PBMC,3,1,No,CD4_EM,28.49
I,5,6,2,centr,PBMC,3,1,No,CD8_EM,14.19
I,5,6,2,centr,PBMC,3,1,No,CD3_TD,36.22
I,5,6,2,centr,PBMC,3,1,No,CD4_TD,0.43
I,5,6,2,centr,PBMC,3,1,No,CD8_TD,53.88
I,5,6,2,centr,PBMC,3,2,No,CD3,75.84
I,5,6,2,centr,PBMC,3,2,No,CD4,54.69
I,5,6,2,centr,PBMC,3,2,No,CD8,37.4
I,5,6,2,centr,PBMC,3,2,No,CD3_N,17.89
I,5,6,2,centr,PBMC,3,2,No,CD4_N,24.94
I,5,6,2,centr,PBMC,3,2,No,CD8_N,9.27
I,5,6,2,centr,PBMC,3,2,No,CD3_CM,32.52
I,5,6,2,centr,PBMC,3,2,No,CD4_CM,55.75
I,5,6,2,centr,PBMC,3,2,No,CD8_CM,11.38
I,5,6,2,centr,PBMC,3,2,No,CD3_EM,24.21
I,5,6,2,centr,PBMC,3,2,No,CD4_EM,18.95
I,5,6,2,centr,PBMC,3,2,No,CD8_EM,27.35
I,5,6,2,centr,PBMC,3,2,No,CD3_TD,25.38
I,5,6,2,centr,PBMC,3,2,No,CD4_TD,0.37
I,5,6,2,centr,PBMC,3,2,No,CD8_TD,52
I,5,6,2,centr,PBMC,3,3,No,CD3,73.12
I,5,6,2,centr,PBMC,3,3,No,CD4,50.17
I,5,6,2,centr,PBMC,3,3,No,CD8,41.12
I,5,6,2,centr,PBMC,3,3,No,CD3_N,13.87
I,5,6,2,centr,PBMC,3,3,No,CD4_N,21.43
I,5,6,2,centr,PBMC,3,3,No,CD8_N,8.59
I,5,6,2,centr,PBMC,3,3,No,CD3_CM,22.18
I,5,6,2,centr,PBMC,3,3,No,CD4_CM,33.95
I,5,6,2,centr,PBMC,3,3,No,CD8_CM,4.38
I,5,6,2,centr,PBMC,3,3,No,CD3_EM,36.68
I,5,6,2,centr,PBMC,3,3,No,CD4_EM,43.44
I,5,6,2,centr,PBMC,3,3,No,CD8_EM,31.83
I,5,6,2,centr,PBMC,3,3,No,CD3_TD,27.27
I,5,6,2,centr,PBMC,3,3,No,CD4_TD,1.18
I,5,6,2,centr,PBMC,3,3,No,CD8_TD,55.21
I,5,6,2,centr,WB,1,1,No,CD3,53.79
I,5,6,2,centr,WB,1,1,No,CD4,63.68
I,5,6,2,centr,WB,1,1,No,CD8,32.97
I,5,6,2,centr,WB,1,1,No,CD3_N,30.17
I,5,6,2,centr,WB,1,1,No,CD4_N,32.95
I,5,6,2,centr,WB,1,1,No,CD8_N,37.17
I,5,6,2,centr,WB,1,1,No,CD3_CM,20.11
I,5,6,2,centr,WB,1,1,No,CD4_CM,38.67
I,5,6,2,centr,WB,1,1,No,CD8_CM,6.17
I,5,6,2,centr,WB,1,1,No,CD3_EM,42.41
I,5,6,2,centr,WB,1,1,No,CD4_EM,28.04
I,5,6,2,centr,WB,1,1,No,CD8_EM,42.94
I,5,6,2,centr,WB,1,1,No,CD3_TD,7.31
I,5,6,2,centr,WB,1,1,No,CD4_TD,0.34
I,5,6,2,centr,WB,1,1,No,CD8_TD,13.73
I,5,6,2,centr,WB,1,2,No,CD3,65.98
I,5,6,2,centr,WB,1,2,No,CD4,63.71
I,5,6,2,centr,WB,1,2,No,CD8,33.24
I,5,6,2,centr,WB,1,2,No,CD3_N,36.57
I,5,6,2,centr,WB,1,2,No,CD4_N,38.01
I,5,6,2,centr,WB,1,2,No,CD8_N,35.95
I,5,6,2,centr,WB,1,2,No,CD3_CM,41.7
I,5,6,2,centr,WB,1,2,No,CD4_CM,52.31
I,5,6,2,centr,WB,1,2,No,CD8_CM,21.1
I,5,6,2,centr,WB,1,2,No,CD3_EM,14.84
I,5,6,2,centr,WB,1,2,No,CD4_EM,9.54
I,5,6,2,centr,WB,1,2,No,CD8_EM,25.02
I,5,6,2,centr,WB,1,2,No,CD3_TD,6.9
I,5,6,2,centr,WB,1,2,No,CD4_TD,0.15
I,5,6,2,centr,WB,1,2,No,CD8_TD,17.94
I,5,6,2,centr,WB,1,3,No,CD3,66.42
I,5,6,2,centr,WB,1,3,No,CD4,64.37
I,5,6,2,centr,WB,1,3,No,CD8,32.73
I,5,6,2,centr,WB,1,3,No,CD3_N,36.04
I,5,6,2,centr,WB,1,3,No,CD4_N,37.2
I,5,6,2,centr,WB,1,3,No,CD8_N,35.54
I,5,6,2,centr,WB,1,3,No,CD3_CM,41.96
I,5,6,2,centr,WB,1,3,No,CD4_CM,52.94
I,5,6,2,centr,WB,1,3,No,CD8_CM,19.74
I,5,6,2,centr,WB,1,3,No,CD3_EM,15.19
I,5,6,2,centr,WB,1,3,No,CD4_EM,9.72
I,5,6,2,centr,WB,1,3,No,CD8_EM,26.81
I,5,6,2,centr,WB,1,3,No,CD3_TD,6.82
I,5,6,2,centr,WB,1,3,No,CD4_TD,0.14
I,5,6,2,centr,WB,1,3,No,CD8_TD,17.92
I,5,6,2,centr,WB,2,1,No,CD3,65.25
I,5,6,2,centr,WB,2,1,No,CD4,67.3
I,5,6,2,centr,WB,2,1,No,CD8,26.07
I,5,6,2,centr,WB,2,1,No,CD3_N,17.92
I,5,6,2,centr,WB,2,1,No,CD4_N,19.09
I,5,6,2,centr,WB,2,1,No,CD8_N,18.5
I,5,6,2,centr,WB,2,1,No,CD3_CM,44.13
I,5,6,2,centr,WB,2,1,No,CD4_CM,54.15
I,5,6,2,centr,WB,2,1,No,CD8_CM,22.57
I,5,6,2,centr,WB,2,1,No,CD3_EM,26.55
I,5,6,2,centr,WB,2,1,No,CD4_EM,24.76
I,5,6,2,centr,WB,2,1,No,CD8_EM,27.41
I,5,6,2,centr,WB,2,1,No,CD3_TD,11.4
I,5,6,2,centr,WB,2,1,No,CD4_TD,2
I,5,6,2,centr,WB,2,1,No,CD8_TD,31.51
I,5,6,2,centr,WB,2,2,No,CD3,67.91
I,5,6,2,centr,WB,2,2,No,CD4,68.63
I,5,6,2,centr,WB,2,2,No,CD8,24.81
I,5,6,2,centr,WB,2,2,No,CD3_N,16.89
I,5,6,2,centr,WB,2,2,No,CD4_N,17.25
I,5,6,2,centr,WB,2,2,No,CD8_N,17.08
I,5,6,2,centr,WB,2,2,No,CD3_CM,45.83
I,5,6,2,centr,WB,2,2,No,CD4_CM,56.42
I,5,6,2,centr,WB,2,2,No,CD8_CM,23.72
I,5,6,2,centr,WB,2,2,No,CD3_EM,26.14
I,5,6,2,centr,WB,2,2,No,CD4_EM,24.12
I,5,6,2,centr,WB,2,2,No,CD8_EM,30.66
I,5,6,2,centr,WB,2,2,No,CD3_TD,11.13
I,5,6,2,centr,WB,2,2,No,CD4_TD,2.21
I,5,6,2,centr,WB,2,2,No,CD8_TD,28.54
I,5,6,2,centr,WB,2,3,No,CD3,67.21
I,5,6,2,centr,WB,2,3,No,CD4,68.81
I,5,6,2,centr,WB,2,3,No,CD8,24.95
I,5,6,2,centr,WB,2,3,No,CD3_N,18.66
I,5,6,2,centr,WB,2,3,No,CD4_N,18.95
I,5,6,2,centr,WB,2,3,No,CD8_N,17.42
I,5,6,2,centr,WB,2,3,No,CD3_CM,44.9
I,5,6,2,centr,WB,2,3,No,CD4_CM,55.5
I,5,6,2,centr,WB,2,3,No,CD8_CM,23.99
I,5,6,2,centr,WB,2,3,No,CD3_EM,25.05
I,5,6,2,centr,WB,2,3,No,CD4_EM,23.22
I,5,6,2,centr,WB,2,3,No,CD8_EM,29.11
I,5,6,2,centr,WB,2,3,No,CD3_TD,11.39
I,5,6,2,centr,WB,2,3,No,CD4_TD,2.34
I,5,6,2,centr,WB,2,3,No,CD8_TD,29.48
I,5,6,2,centr,WB,3,1,No,CD3,62.59
I,5,6,2,centr,WB,3,1,No,CD4,68.23
I,5,6,2,centr,WB,3,1,No,CD8,25.59
I,5,6,2,centr,WB,3,1,No,CD3_N,20.79
I,5,6,2,centr,WB,3,1,No,CD4_N,15.9
I,5,6,2,centr,WB,3,1,No,CD8_N,34.95
I,5,6,2,centr,WB,3,1,No,CD3_CM,47.1
I,5,6,2,centr,WB,3,1,No,CD4_CM,60.21
I,5,6,2,centr,WB,3,1,No,CD8_CM,18.28
I,5,6,2,centr,WB,3,1,No,CD3_EM,16.67
I,5,6,2,centr,WB,3,1,No,CD4_EM,16.8
I,5,6,2,centr,WB,3,1,No,CD8_EM,17.32
I,5,6,2,centr,WB,3,1,No,CD3_TD,15.43
I,5,6,2,centr,WB,3,1,No,CD4_TD,7.09
I,5,6,2,centr,WB,3,1,No,CD8_TD,29.46
I,5,6,2,centr,WB,3,2,No,CD3,59.64
I,5,6,2,centr,WB,3,2,No,CD4,66.33
I,5,6,2,centr,WB,3,2,No,CD8,27.27
I,5,6,2,centr,WB,3,2,No,CD3_N,21.64
I,5,6,2,centr,WB,3,2,No,CD4_N,16.65
I,5,6,2,centr,WB,3,2,No,CD8_N,36
I,5,6,2,centr,WB,3,2,No,CD3_CM,45.66
I,5,6,2,centr,WB,3,2,No,CD4_CM,59.38
I,5,6,2,centr,WB,3,2,No,CD8_CM,18.25
I,5,6,2,centr,WB,3,2,No,CD3_EM,16.19
I,5,6,2,centr,WB,3,2,No,CD4_EM,16.67
I,5,6,2,centr,WB,3,2,No,CD8_EM,15.91
I,5,6,2,centr,WB,3,2,No,CD3_TD,16.5
I,5,6,2,centr,WB,3,2,No,CD4_TD,7.29
I,5,6,2,centr,WB,3,2,No,CD8_TD,29.84
I,5,6,2,centr,WB,3,3,No,CD3,44.96
I,5,6,2,centr,WB,3,3,No,CD4,60.84
I,5,6,2,centr,WB,3,3,No,CD8,30.94
I,5,6,2,centr,WB,3,3,No,CD3_N,21.62
I,5,6,2,centr,WB,3,3,No,CD4_N,15.95
I,5,6,2,centr,WB,3,3,No,CD8_N,35.4
I,5,6,2,centr,WB,3,3,No,CD3_CM,41.6
I,5,6,2,centr,WB,3,3,No,CD4_CM,59.54
I,5,6,2,centr,WB,3,3,No,CD8_CM,13.91
I,5,6,2,centr,WB,3,3,No,CD3_EM,15.13
I,5,6,2,centr,WB,3,3,No,CD4_EM,17.11
I,5,6,2,centr,WB,3,3,No,CD8_EM,13.12
I,5,6,2,centr,WB,3,3,No,CD3_TD,21.66
I,5,6,2,centr,WB,3,3,No,CD4_TD,7.39
I,5,6,2,centr,WB,3,3,No,CD8_TD,37.57
I,5,6,2,local,PBMC,1,1,No,CD3,71.24
I,5,6,2,local,PBMC,1,1,No,CD4,31.71
I,5,6,2,local,PBMC,1,1,No,CD8,61.74
I,5,6,2,local,PBMC,1,1,No,CD3_N,6.03
I,5,6,2,local,PBMC,1,1,No,CD4_N,11.32
I,5,6,2,local,PBMC,1,1,No,CD8_N,3.07
I,5,6,2,local,PBMC,1,1,No,CD3_CM,19.06
I,5,6,2,local,PBMC,1,1,No,CD4_CM,45.04
I,5,6,2,local,PBMC,1,1,No,CD8_CM,6.96
I,5,6,2,local,PBMC,1,1,No,CD3_EM,42.81
I,5,6,2,local,PBMC,1,1,No,CD4_EM,40.41
I,5,6,2,local,PBMC,1,1,No,CD8_EM,45.63
I,5,6,2,local,PBMC,1,1,No,CD3_TD,32.1
I,5,6,2,local,PBMC,1,1,No,CD4_TD,3.23
I,5,6,2,local,PBMC,1,1,No,CD8_TD,44.33
I,5,6,2,local,PBMC,1,2,No,CD3,76.92
I,5,6,2,local,PBMC,1,2,No,CD4,50.14
I,5,6,2,local,PBMC,1,2,No,CD8,44.69
I,5,6,2,local,PBMC,1,2,No,CD3_N,12.57
I,5,6,2,local,PBMC,1,2,No,CD4_N,20.87
I,5,6,2,local,PBMC,1,2,No,CD8_N,4.1
I,5,6,2,local,PBMC,1,2,No,CD3_CM,17.78
I,5,6,2,local,PBMC,1,2,No,CD4_CM,31.91
I,5,6,2,local,PBMC,1,2,No,CD8_CM,3.71
I,5,6,2,local,PBMC,1,2,No,CD3_EM,46.64
I,5,6,2,local,PBMC,1,2,No,CD4_EM,44.26
I,5,6,2,local,PBMC,1,2,No,CD8_EM,50.03
I,5,6,2,local,PBMC,1,2,No,CD3_TD,23.01
I,5,6,2,local,PBMC,1,2,No,CD4_TD,2.96
I,5,6,2,local,PBMC,1,2,No,CD8_TD,42.16
I,5,6,2,local,PBMC,1,3,No,CD3,73.26
I,5,6,2,local,PBMC,1,3,No,CD4,43.31
I,5,6,2,local,PBMC,1,3,No,CD8,51.82
I,5,6,2,local,PBMC,1,3,No,CD3_N,12.69
I,5,6,2,local,PBMC,1,3,No,CD4_N,22.42
I,5,6,2,local,PBMC,1,3,No,CD8_N,5.02
I,5,6,2,local,PBMC,1,3,No,CD3_CM,14.57
I,5,6,2,local,PBMC,1,3,No,CD4_CM,28.05
I,5,6,2,local,PBMC,1,3,No,CD8_CM,4.37
I,5,6,2,local,PBMC,1,3,No,CD3_EM,46.61
I,5,6,2,local,PBMC,1,3,No,CD4_EM,46.15
I,5,6,2,local,PBMC,1,3,No,CD8_EM,47.76
I,5,6,2,local,PBMC,1,3,No,CD3_TD,26.63
I,5,6,2,local,PBMC,1,3,No,CD4_TD,3.37
I,5,6,2,local,PBMC,1,3,No,CD8_TD,42.84
I,5,6,2,local,PBMC,2,1,No,CD3,85.37
I,5,6,2,local,PBMC,2,1,No,CD4,35.71
I,5,6,2,local,PBMC,2,1,No,CD8,61.93
I,5,6,2,local,PBMC,2,1,No,CD3_N,3.61
I,5,6,2,local,PBMC,2,1,No,CD4_N,3.07
I,5,6,2,local,PBMC,2,1,No,CD8_N,3.77
I,5,6,2,local,PBMC,2,1,No,CD3_CM,11.63
I,5,6,2,local,PBMC,2,1,No,CD4_CM,20.79
I,5,6,2,local,PBMC,2,1,No,CD8_CM,6.35
I,5,6,2,local,PBMC,2,1,No,CD3_EM,37.89
I,5,6,2,local,PBMC,2,1,No,CD4_EM,72.58
I,5,6,2,local,PBMC,2,1,No,CD8_EM,17.6
I,5,6,2,local,PBMC,2,1,No,CD3_TD,46.87
I,5,6,2,local,PBMC,2,1,No,CD4_TD,3.55
I,5,6,2,local,PBMC,2,1,No,CD8_TD,72.27
I,5,6,2,local,PBMC,2,2,No,CD3,86.35
I,5,6,2,local,PBMC,2,2,No,CD4,44.55
I,5,6,2,local,PBMC,2,2,No,CD8,52.82
I,5,6,2,local,PBMC,2,2,No,CD3_N,7.2
I,5,6,2,local,PBMC,2,2,No,CD4_N,9.63
I,5,6,2,local,PBMC,2,2,No,CD8_N,4.84
I,5,6,2,local,PBMC,2,2,No,CD3_CM,18.46
I,5,6,2,local,PBMC,2,2,No,CD4_CM,31.73
I,5,6,2,local,PBMC,2,2,No,CD8_CM,7.69
I,5,6,2,local,PBMC,2,2,No,CD3_EM,40.06
I,5,6,2,local,PBMC,2,2,No,CD4_EM,56.8
I,5,6,2,local,PBMC,2,2,No,CD8_EM,25.65
I,5,6,2,local,PBMC,2,2,No,CD3_TD,34.28
I,5,6,2,local,PBMC,2,2,No,CD4_TD,1.84
I,5,6,2,local,PBMC,2,2,No,CD8_TD,61.82
I,5,6,2,local,PBMC,2,3,No,CD3,85.37
I,5,6,2,local,PBMC,2,3,No,CD4,41.18
I,5,6,2,local,PBMC,2,3,No,CD8,56.99
I,5,6,2,local,PBMC,2,3,No,CD3_N,5.41
I,5,6,2,local,PBMC,2,3,No,CD4_N,6.8
I,5,6,2,local,PBMC,2,3,No,CD8_N,4.24
I,5,6,2,local,PBMC,2,3,No,CD3_CM,12.29
I,5,6,2,local,PBMC,2,3,No,CD4_CM,23.01
I,5,6,2,local,PBMC,2,3,No,CD8_CM,4.68
I,5,6,2,local,PBMC,2,3,No,CD3_EM,41.79
I,5,6,2,local,PBMC,2,3,No,CD4_EM,67.71
I,5,6,2,local,PBMC,2,3,No,CD8_EM,23.14
I,5,6,2,local,PBMC,2,3,No,CD3_TD,40.51
I,5,6,2,local,PBMC,2,3,No,CD4_TD,2.48
I,5,6,2,local,PBMC,2,3,No,CD8_TD,67.93
I,5,6,2,local,PBMC,3,1,No,CD3,67.19
I,5,6,2,local,PBMC,3,1,No,CD4,35.92
I,5,6,2,local,PBMC,3,1,No,CD8,51.47
I,5,6,2,local,PBMC,3,1,No,CD3_N,10.64
I,5,6,2,local,PBMC,3,1,No,CD4_N,14.29
I,5,6,2,local,PBMC,3,1,No,CD8_N,8.55
I,5,6,2,local,PBMC,3,1,No,CD3_CM,23.73
I,5,6,2,local,PBMC,3,1,No,CD4_CM,48.75
I,5,6,2,local,PBMC,3,1,No,CD8_CM,9.86
I,5,6,2,local,PBMC,3,1,No,CD3_EM,28.13
I,5,6,2,local,PBMC,3,1,No,CD4_EM,36.65
I,5,6,2,local,PBMC,3,1,No,CD8_EM,20.97
I,5,6,2,local,PBMC,3,1,No,CD3_TD,37.5
I,5,6,2,local,PBMC,3,1,No,CD4_TD,0.32
I,5,6,2,local,PBMC,3,1,No,CD8_TD,60.62
I,5,6,2,local,PBMC,3,2,No,CD3,75.28
I,5,6,2,local,PBMC,3,2,No,CD4,55.72
I,5,6,2,local,PBMC,3,2,No,CD8,36.04
I,5,6,2,local,PBMC,3,2,No,CD3_N,15.53
I,5,6,2,local,PBMC,3,2,No,CD4_N,20.61
I,5,6,2,local,PBMC,3,2,No,CD8_N,9.68
I,5,6,2,local,PBMC,3,2,No,CD3_CM,30.16
I,5,6,2,local,PBMC,3,2,No,CD4_CM,48.06
I,5,6,2,local,PBMC,3,2,No,CD8_CM,8.3
I,5,6,2,local,PBMC,3,2,No,CD3_EM,32.08
I,5,6,2,local,PBMC,3,2,No,CD4_EM,31.1
I,5,6,2,local,PBMC,3,2,No,CD8_EM,32.71
I,5,6,2,local,PBMC,3,2,No,CD3_TD,22.23
I,5,6,2,local,PBMC,3,2,No,CD4_TD,0.23
I,5,6,2,local,PBMC,3,2,No,CD8_TD,49.32
I,5,6,2,local,PBMC,3,3,No,CD3,73.29
I,5,6,2,local,PBMC,3,3,No,CD4,51.33
I,5,6,2,local,PBMC,3,3,No,CD8,38.16
I,5,6,2,local,PBMC,3,3,No,CD3_N,13.77
I,5,6,2,local,PBMC,3,3,No,CD4_N,19.25
I,5,6,2,local,PBMC,3,3,No,CD8_N,9.09
I,5,6,2,local,PBMC,3,3,No,CD3_CM,19.46
I,5,6,2,local,PBMC,3,3,No,CD4_CM,34.05
I,5,6,2,local,PBMC,3,3,No,CD8_CM,4.34
I,5,6,2,local,PBMC,3,3,No,CD3_EM,39.56
I,5,6,2,local,PBMC,3,3,No,CD4_EM,45.74
I,5,6,2,local,PBMC,3,3,No,CD8_EM,31.69
I,5,6,2,local,PBMC,3,3,No,CD3_TD,27.21
I,5,6,2,local,PBMC,3,3,No,CD4_TD,0.96
I,5,6,2,local,PBMC,3,3,No,CD8_TD,54.87
I,5,6,2,local,WB,1,1,No,CD3,53.01
I,5,6,2,local,WB,1,1,No,CD4,63.782
I,5,6,2,local,WB,1,1,No,CD8,32.868
I,5,6,2,local,WB,1,1,No,CD3_N,14.136
I,5,6,2,local,WB,1,1,No,CD4_N,5.714
I,5,6,2,local,WB,1,1,No,CD8_N,31.298
I,5,6,2,local,WB,1,1,No,CD3_CM,33.65
I,5,6,2,local,WB,1,1,No,CD4_CM,48.24
I,5,6,2,local,WB,1,1,No,CD8_CM,8.204
I,5,6,2,local,WB,1,1,No,CD3_EM,48.883
I,5,6,2,local,WB,1,1,No,CD4_EM,45.084
I,5,6,2,local,WB,1,1,No,CD8_EM,51.875
I,5,6,2,local,WB,1,1,No,CD3_TD,3.331
I,5,6,2,local,WB,1,1,No,CD4_TD,0.243
I,5,6,2,local,WB,1,1,No,CD8_TD,8.623
I,5,6,2,local,WB,1,2,No,CD3,65.8
I,5,6,2,local,WB,1,2,No,CD4,64.07
I,5,6,2,local,WB,1,2,No,CD8,32.981
I,5,6,2,local,WB,1,2,No,CD3_N,20.844
I,5,6,2,local,WB,1,2,No,CD4_N,15.691
I,5,6,2,local,WB,1,2,No,CD8_N,31.959
I,5,6,2,local,WB,1,2,No,CD3_CM,48.172
I,5,6,2,local,WB,1,2,No,CD4_CM,63.767
I,5,6,2,local,WB,1,2,No,CD8_CM,20.183
I,5,6,2,local,WB,1,2,No,CD3_EM,27.128
I,5,6,2,local,WB,1,2,No,CD4_EM,20.452
I,5,6,2,local,WB,1,2,No,CD8_EM,36.742
I,5,6,2,local,WB,1,2,No,CD3_TD,3.857
I,5,6,2,local,WB,1,2,No,CD4_TD,0.091
I,5,6,2,local,WB,1,2,No,CD8_TD,11.116
I,5,6,2,local,WB,1,3,No,CD3,65.8
I,5,6,2,local,WB,1,3,No,CD4,64.704
I,5,6,2,local,WB,1,3,No,CD8,32.429
I,5,6,2,local,WB,1,3,No,CD3_N,21.029
I,5,6,2,local,WB,1,3,No,CD4_N,15.976
I,5,6,2,local,WB,1,3,No,CD8_N,32.089
I,5,6,2,local,WB,1,3,No,CD3_CM,46.308
I,5,6,2,local,WB,1,3,No,CD4_CM,61.686
I,5,6,2,local,WB,1,3,No,CD8_CM,17.988
I,5,6,2,local,WB,1,3,No,CD3_EM,28.742
I,5,6,2,local,WB,1,3,No,CD4_EM,22.241
I,5,6,2,local,WB,1,3,No,CD8_EM,38.423
I,5,6,2,local,WB,1,3,No,CD3_TD,3.92
I,5,6,2,local,WB,1,3,No,CD4_TD,0.098
I,5,6,2,local,WB,1,3,No,CD8_TD,11.5
I,5,6,2,local,WB,2,1,No,CD3,64.7
I,5,6,2,local,WB,2,1,No,CD4,68.201
I,5,6,2,local,WB,2,1,No,CD8,25.176
I,5,6,2,local,WB,2,1,No,CD3_N,9.857
I,5,6,2,local,WB,2,1,No,CD4_N,8.923
I,5,6,2,local,WB,2,1,No,CD8_N,13.6014
I,5,6,2,local,WB,2,1,No,CD3_CM,37.838
I,5,6,2,local,WB,2,1,No,CD4_CM,46.547
I,5,6,2,local,WB,2,1,No,CD8_CM,21.162
I,5,6,2,local,WB,2,1,No,CD3_EM,45.893
I,5,6,2,local,WB,2,1,No,CD4_EM,44.258
I,5,6,2,local,WB,2,1,No,CD8_EM,45.567
I,5,6,2,local,WB,2,1,No,CD3_TD,6.412
I,5,6,2,local,WB,2,1,No,CD4_TD,0.272
I,5,6,2,local,WB,2,1,No,CD8_TD,19.67
I,5,6,2,local,WB,2,2,No,CD3,67.5
I,5,6,2,local,WB,2,2,No,CD4,69.508
I,5,6,2,local,WB,2,2,No,CD8,24.132
I,5,6,2,local,WB,2,2,No,CD3_N,10.326
I,5,6,2,local,WB,2,2,No,CD4_N,9.715
I,5,6,2,local,WB,2,2,No,CD8_N,13.323
I,5,6,2,local,WB,2,2,No,CD3_CM,39.838
I,5,6,2,local,WB,2,2,No,CD4_CM,48.525
I,5,6,2,local,WB,2,2,No,CD8_CM,21.83
I,5,6,2,local,WB,2,2,No,CD3_EM,43.855
I,5,6,2,local,WB,2,2,No,CD4_EM,41.361
I,5,6,2,local,WB,2,2,No,CD8_EM,46.322
I,5,6,2,local,WB,2,2,No,CD3_TD,5.981
I,5,6,2,local,WB,2,2,No,CD4_TD,0.4
I,5,6,2,local,WB,2,2,No,CD8_TD,18.525
I,5,6,2,local,WB,2,3,No,CD3,67.1
I,5,6,2,local,WB,2,3,No,CD4,69.66
I,5,6,2,local,WB,2,3,No,CD8,24.338
I,5,6,2,local,WB,2,3,No,CD3_N,9.72
I,5,6,2,local,WB,2,3,No,CD4_N,8.781
I,5,6,2,local,WB,2,3,No,CD8_N,13.467
I,5,6,2,local,WB,2,3,No,CD3_CM,40.274
I,5,6,2,local,WB,2,3,No,CD4_CM,49.095
I,5,6,2,local,WB,2,3,No,CD8_CM,22.04
I,5,6,2,local,WB,2,3,No,CD3_EM,44.092
I,5,6,2,local,WB,2,3,No,CD4_EM,41.715
I,5,6,2,local,WB,2,3,No,CD8_EM,45.847
I,5,6,2,local,WB,2,3,No,CD3_TD,5.914
I,5,6,2,local,WB,2,3,No,CD4_TD,0.408
I,5,6,2,local,WB,2,3,No,CD8_TD,18.646
I,5,6,2,local,WB,3,1,No,CD3,62.825
I,5,6,2,local,WB,3,1,No,CD4,68.749
I,5,6,2,local,WB,3,1,No,CD8,25.428
I,5,6,2,local,WB,3,1,No,CD3_N,15.185
I,5,6,2,local,WB,3,1,No,CD4_N,11.174
I,5,6,2,local,WB,3,1,No,CD8_N,26.303
I,5,6,2,local,WB,3,1,No,CD3_CM,42.228
I,5,6,2,local,WB,3,1,No,CD4_CM,52.923
I,5,6,2,local,WB,3,1,No,CD8_CM,20.812
I,5,6,2,local,WB,3,1,No,CD3_EM,30.816
I,5,6,2,local,WB,3,1,No,CD4_EM,28.907
I,5,6,2,local,WB,3,1,No,CD8_EM,38.033
I,5,6,2,local,WB,3,1,No,CD3_TD,11.771
I,5,6,2,local,WB,3,1,No,CD4_TD,6.995
I,5,6,2,local,WB,3,1,No,CD8_TD,14.852
I,5,6,2,local,WB,3,2,No,CD3,59.544
I,5,6,2,local,WB,3,2,No,CD4,67.156
I,5,6,2,local,WB,3,2,No,CD8,27.076
I,5,6,2,local,WB,3,2,No,CD3_N,16.465
I,5,6,2,local,WB,3,2,No,CD4_N,11.856
I,5,6,2,local,WB,3,2,No,CD8_N,29.026
I,5,6,2,local,WB,3,2,No,CD3_CM,40.601
I,5,6,2,local,WB,3,2,No,CD4_CM,51.815
I,5,6,2,local,WB,3,2,No,CD8_CM,19.689
I,5,6,2,local,WB,3,2,No,CD3_EM,30.674
I,5,6,2,local,WB,3,2,No,CD4_EM,29.286
I,5,6,2,local,WB,3,2,No,CD8_EM,36.222
I,5,6,2,local,WB,3,2,No,CD3_TD,12.261
I,5,6,2,local,WB,3,2,No,CD4_TD,7.043
I,5,6,2,local,WB,3,2,No,CD8_TD,15.063
I,5,6,2,local,WB,3,3,No,CD3,44.675
I,5,6,2,local,WB,3,3,No,CD4,61.399
I,5,6,2,local,WB,3,3,No,CD8,30.626
I,5,6,2,local,WB,3,3,No,CD3_N,16.978
I,5,6,2,local,WB,3,3,No,CD4_N,11.387
I,5,6,2,local,WB,3,3,No,CD8_N,30.073
I,5,6,2,local,WB,3,3,No,CD3_CM,35.894
I,5,6,2,local,WB,3,3,No,CD4_CM,50.437
I,5,6,2,local,WB,3,3,No,CD8_CM,14.547
I,5,6,2,local,WB,3,3,No,CD3_EM,31.124
I,5,6,2,local,WB,3,3,No,CD4_EM,31.227
I,5,6,2,local,WB,3,3,No,CD8_EM,35.301
I,5,6,2,local,WB,3,3,No,CD3_TD,16.004
I,5,6,2,local,WB,3,3,No,CD4_TD,6.949
I,5,6,2,local,WB,3,3,No,CD8_TD,20.078
J,5,6,2,centr,PBMC,1,1,No,CD3,74.65
J,5,6,2,centr,PBMC,1,1,No,CD4,46.37
J,5,6,2,centr,PBMC,1,1,No,CD8,48.31
J,5,6,2,centr,PBMC,1,1,No,CD3_N,16.09
J,5,6,2,centr,PBMC,1,1,No,CD4_N,22.95
J,5,6,2,centr,PBMC,1,1,No,CD8_N,10.19
J,5,6,2,centr,PBMC,1,1,No,CD3_CM,29.07
J,5,6,2,centr,PBMC,1,1,No,CD4_CM,49.92
J,5,6,2,centr,PBMC,1,1,No,CD8_CM,12.4
J,5,6,2,centr,PBMC,1,1,No,CD3_EM,30.66
J,5,6,2,centr,PBMC,1,1,No,CD4_EM,24.46
J,5,6,2,centr,PBMC,1,1,No,CD8_EM,36.11
J,5,6,2,centr,PBMC,1,1,No,CD3_TD,24.18
J,5,6,2,centr,PBMC,1,1,No,CD4_TD,2.67
J,5,6,2,centr,PBMC,1,1,No,CD8_TD,41.31
J,5,6,2,centr,PBMC,1,2,No,CD3,71.56
J,5,6,2,centr,PBMC,1,2,No,CD4,41.44
J,5,6,2,centr,PBMC,1,2,No,CD8,52.94
J,5,6,2,centr,PBMC,1,2,No,CD3_N,13.29
J,5,6,2,centr,PBMC,1,2,No,CD4_N,17.46
J,5,6,2,centr,PBMC,1,2,No,CD8_N,9.62
J,5,6,2,centr,PBMC,1,2,No,CD3_CM,27.86
J,5,6,2,centr,PBMC,1,2,No,CD4_CM,48.9
J,5,6,2,centr,PBMC,1,2,No,CD8_CM,12.9
J,5,6,2,centr,PBMC,1,2,No,CD3_EM,29.95
J,5,6,2,centr,PBMC,1,2,No,CD4_EM,29.78
J,5,6,2,centr,PBMC,1,2,No,CD8_EM,33.1
J,5,6,2,centr,PBMC,1,2,No,CD3_TD,28.9
J,5,6,2,centr,PBMC,1,2,No,CD4_TD,3.86
J,5,6,2,centr,PBMC,1,2,No,CD8_TD,44.38
J,5,6,2,centr,PBMC,1,3,No,CD3,71.32
J,5,6,2,centr,PBMC,1,3,No,CD4,38.58
J,5,6,2,centr,PBMC,1,3,No,CD8,55.92
J,5,6,2,centr,PBMC,1,3,No,CD3_N,15.02
J,5,6,2,centr,PBMC,1,3,No,CD4_N,20.63
J,5,6,2,centr,PBMC,1,3,No,CD8_N,9.64
J,5,6,2,centr,PBMC,1,3,No,CD3_CM,23.01
J,5,6,2,centr,PBMC,1,3,No,CD4_CM,44.95
J,5,6,2,centr,PBMC,1,3,No,CD8_CM,9.32
J,5,6,2,centr,PBMC,1,3,No,CD3_EM,28.24
J,5,6,2,centr,PBMC,1,3,No,CD4_EM,29.81
J,5,6,2,centr,PBMC,1,3,No,CD8_EM,29.94
J,5,6,2,centr,PBMC,1,3,No,CD3_TD,33.73
J,5,6,2,centr,PBMC,1,3,No,CD4_TD,4.62
J,5,6,2,centr,PBMC,1,3,No,CD8_TD,51.1
J,5,6,2,centr,PBMC,2,1,No,CD3,85.46
J,5,6,2,centr,PBMC,2,1,No,CD4,41.63
J,5,6,2,centr,PBMC,2,1,No,CD8,55.14
J,5,6,2,centr,PBMC,2,1,No,CD3_N,11.78
J,5,6,2,centr,PBMC,2,1,No,CD4_N,9.73
J,5,6,2,centr,PBMC,2,1,No,CD8_N,13.68
J,5,6,2,centr,PBMC,2,1,No,CD3_CM,22.07
J,5,6,2,centr,PBMC,2,1,No,CD4_CM,40.47
J,5,6,2,centr,PBMC,2,1,No,CD8_CM,10.18
J,5,6,2,centr,PBMC,2,1,No,CD3_EM,27.7
J,5,6,2,centr,PBMC,2,1,No,CD4_EM,46.4
J,5,6,2,centr,PBMC,2,1,No,CD8_EM,11.82
J,5,6,2,centr,PBMC,2,1,No,CD3_TD,38.44
J,5,6,2,centr,PBMC,2,1,No,CD4_TD,3.4
J,5,6,2,centr,PBMC,2,1,No,CD8_TD,64.31
J,5,6,2,centr,PBMC,2,2,No,CD3,85.58
J,5,6,2,centr,PBMC,2,2,No,CD4,39.03
J,5,6,2,centr,PBMC,2,2,No,CD8,57.84
J,5,6,2,centr,PBMC,2,2,No,CD3_N,12.03
J,5,6,2,centr,PBMC,2,2,No,CD4_N,7.19
J,5,6,2,centr,PBMC,2,2,No,CD8_N,15.68
J,5,6,2,centr,PBMC,2,2,No,CD3_CM,19.74
J,5,6,2,centr,PBMC,2,2,No,CD4_CM,36.38
J,5,6,2,centr,PBMC,2,2,No,CD8_CM,8.92
J,5,6,2,centr,PBMC,2,2,No,CD3_EM,27.54
J,5,6,2,centr,PBMC,2,2,No,CD4_EM,52.26
J,5,6,2,centr,PBMC,2,2,No,CD8_EM,10.82
J,5,6,2,centr,PBMC,2,2,No,CD3_TD,40.69
J,5,6,2,centr,PBMC,2,2,No,CD4_TD,4.17
J,5,6,2,centr,PBMC,2,2,No,CD8_TD,64.57
J,5,6,2,centr,PBMC,2,3,No,CD3,84.57
J,5,6,2,centr,PBMC,2,3,No,CD4,38.73
J,5,6,2,centr,PBMC,2,3,No,CD8,58.38
J,5,6,2,centr,PBMC,2,3,No,CD3_N,10.58
J,5,6,2,centr,PBMC,2,3,No,CD4_N,9.14
J,5,6,2,centr,PBMC,2,3,No,CD8_N,11.07
J,5,6,2,centr,PBMC,2,3,No,CD3_CM,17.84
J,5,6,2,centr,PBMC,2,3,No,CD4_CM,33.46
J,5,6,2,centr,PBMC,2,3,No,CD8_CM,8.5
J,5,6,2,centr,PBMC,2,3,No,CD3_EM,28.59
J,5,6,2,centr,PBMC,2,3,No,CD4_EM,53.6
J,5,6,2,centr,PBMC,2,3,No,CD8_EM,11.6
J,5,6,2,centr,PBMC,2,3,No,CD3_TD,43
J,5,6,2,centr,PBMC,2,3,No,CD4_TD,3.8
J,5,6,2,centr,PBMC,2,3,No,CD8_TD,68.83
J,5,6,2,centr,PBMC,3,1,No,CD3,73.39
J,5,6,2,centr,PBMC,3,1,No,CD4,50.74
J,5,6,2,centr,PBMC,3,1,No,CD8,41.34
J,5,6,2,centr,PBMC,3,1,No,CD3_N,15.54
J,5,6,2,centr,PBMC,3,1,No,CD4_N,18.79
J,5,6,2,centr,PBMC,3,1,No,CD8_N,12.44
J,5,6,2,centr,PBMC,3,1,No,CD3_CM,33.92
J,5,6,2,centr,PBMC,3,1,No,CD4_CM,56.47
J,5,6,2,centr,PBMC,3,1,No,CD8_CM,12.92
J,5,6,2,centr,PBMC,3,1,No,CD3_EM,24.9
J,5,6,2,centr,PBMC,3,1,No,CD4_EM,24.45
J,5,6,2,centr,PBMC,3,1,No,CD8_EM,21.89
J,5,6,2,centr,PBMC,3,1,No,CD3_TD,25.64
J,5,6,2,centr,PBMC,3,1,No,CD4_TD,0.29
J,5,6,2,centr,PBMC,3,1,No,CD8_TD,52.75
J,5,6,2,centr,PBMC,3,2,No,CD3,71.66
J,5,6,2,centr,PBMC,3,2,No,CD4,42.07
J,5,6,2,centr,PBMC,3,2,No,CD8,49.41
J,5,6,2,centr,PBMC,3,2,No,CD3_N,13.37
J,5,6,2,centr,PBMC,3,2,No,CD4_N,14.02
J,5,6,2,centr,PBMC,3,2,No,CD8_N,12.18
J,5,6,2,centr,PBMC,3,2,No,CD3_CM,30.37
J,5,6,2,centr,PBMC,3,2,No,CD4_CM,55.34
J,5,6,2,centr,PBMC,3,2,No,CD8_CM,14.07
J,5,6,2,centr,PBMC,3,2,No,CD3_EM,23.19
J,5,6,2,centr,PBMC,3,2,No,CD4_EM,30.07
J,5,6,2,centr,PBMC,3,2,No,CD8_EM,19
J,5,6,2,centr,PBMC,3,2,No,CD3_TD,33.07
J,5,6,2,centr,PBMC,3,2,No,CD4_TD,0.57
J,5,6,2,centr,PBMC,3,2,No,CD8_TD,54.76
J,5,6,2,centr,PBMC,3,3,No,CD3,72.09
J,5,6,2,centr,PBMC,3,3,No,CD4,48.44
J,5,6,2,centr,PBMC,3,3,No,CD8,43.58
J,5,6,2,centr,PBMC,3,3,No,CD3_N,21.15
J,5,6,2,centr,PBMC,3,3,No,CD4_N,28.69
J,5,6,2,centr,PBMC,3,3,No,CD8_N,13.47
J,5,6,2,centr,PBMC,3,3,No,CD3_CM,28.43
J,5,6,2,centr,PBMC,3,3,No,CD4_CM,48.23
J,5,6,2,centr,PBMC,3,3,No,CD8_CM,9.96
J,5,6,2,centr,PBMC,3,3,No,CD3_EM,19.55
J,5,6,2,centr,PBMC,3,3,No,CD4_EM,22.69
J,5,6,2,centr,PBMC,3,3,No,CD8_EM,15.88
J,5,6,2,centr,PBMC,3,3,No,CD3_TD,30.87
J,5,6,2,centr,PBMC,3,3,No,CD4_TD,0.4
J,5,6,2,centr,PBMC,3,3,No,CD8_TD,60.69
J,5,6,2,centr,WB,1,1,No,CD3,65.12
J,5,6,2,centr,WB,1,1,No,CD4,64.06
J,5,6,2,centr,WB,1,1,No,CD8,33.07
J,5,6,2,centr,WB,1,1,No,CD3_N,35.44
J,5,6,2,centr,WB,1,1,No,CD4_N,36.91
J,5,6,2,centr,WB,1,1,No,CD8_N,35.9
J,5,6,2,centr,WB,1,1,No,CD3_CM,43.95
J,5,6,2,centr,WB,1,1,No,CD4_CM,55.24
J,5,6,2,centr,WB,1,1,No,CD8_CM,23.93
J,5,6,2,centr,WB,1,1,No,CD3_EM,14.55
J,5,6,2,centr,WB,1,1,No,CD4_EM,7.69
J,5,6,2,centr,WB,1,1,No,CD8_EM,24.66
J,5,6,2,centr,WB,1,1,No,CD3_TD,6.06
J,5,6,2,centr,WB,1,1,No,CD4_TD,0.16
J,5,6,2,centr,WB,1,1,No,CD8_TD,15.51
J,5,6,2,centr,WB,1,2,No,CD3,52.98
J,5,6,2,centr,WB,1,2,No,CD4,64.22
J,5,6,2,centr,WB,1,2,No,CD8,32.71
J,5,6,2,centr,WB,1,2,No,CD3_N,38.25
J,5,6,2,centr,WB,1,2,No,CD4_N,42.77
J,5,6,2,centr,WB,1,2,No,CD8_N,37.81
J,5,6,2,centr,WB,1,2,No,CD3_CM,39.73
J,5,6,2,centr,WB,1,2,No,CD4_CM,48.14
J,5,6,2,centr,WB,1,2,No,CD8_CM,20.76
J,5,6,2,centr,WB,1,2,No,CD3_EM,15.21
J,5,6,2,centr,WB,1,2,No,CD4_EM,8.79
J,5,6,2,centr,WB,1,2,No,CD8_EM,24.69
J,5,6,2,centr,WB,1,2,No,CD3_TD,6.82
J,5,6,2,centr,WB,1,2,No,CD4_TD,0.3
J,5,6,2,centr,WB,1,2,No,CD8_TD,16.74
J,5,6,2,centr,WB,1,3,No,CD3,62.57
J,5,6,2,centr,WB,1,3,No,CD4,64.2
J,5,6,2,centr,WB,1,3,No,CD8,32.67
J,5,6,2,centr,WB,1,3,No,CD3_N,37.35
J,5,6,2,centr,WB,1,3,No,CD4_N,38.66
J,5,6,2,centr,WB,1,3,No,CD8_N,37.17
J,5,6,2,centr,WB,1,3,No,CD3_CM,39.38
J,5,6,2,centr,WB,1,3,No,CD4_CM,49.64
J,5,6,2,centr,WB,1,3,No,CD8_CM,19.77
J,5,6,2,centr,WB,1,3,No,CD3_EM,17.73
J,5,6,2,centr,WB,1,3,No,CD4_EM,11.49
J,5,6,2,centr,WB,1,3,No,CD8_EM,28.05
J,5,6,2,centr,WB,1,3,No,CD3_TD,5.54
J,5,6,2,centr,WB,1,3,No,CD4_TD,0.21
J,5,6,2,centr,WB,1,3,No,CD8_TD,15.02
J,5,6,2,centr,WB,2,1,No,CD3,66.4
J,5,6,2,centr,WB,2,1,No,CD4,68.97
J,5,6,2,centr,WB,2,1,No,CD8,24.52
J,5,6,2,centr,WB,2,1,No,CD3_N,23.16
J,5,6,2,centr,WB,2,1,No,CD4_N,26.77
J,5,6,2,centr,WB,2,1,No,CD8_N,18.23
J,5,6,2,centr,WB,2,1,No,CD3_CM,40.21
J,5,6,2,centr,WB,2,1,No,CD4_CM,47.72
J,5,6,2,centr,WB,2,1,No,CD8_CM,22.49
J,5,6,2,centr,WB,2,1,No,CD3_EM,26.14
J,5,6,2,centr,WB,2,1,No,CD4_EM,22.83
J,5,6,2,centr,WB,2,1,No,CD8_EM,29.95
J,5,6,2,centr,WB,2,1,No,CD3_TD,10.49
J,5,6,2,centr,WB,2,1,No,CD4_TD,2.68
J,5,6,2,centr,WB,2,1,No,CD8_TD,29.32
J,5,6,2,centr,WB,2,2,No,CD3,64.56
J,5,6,2,centr,WB,2,2,No,CD4,68.42
J,5,6,2,centr,WB,2,2,No,CD8,24.5
J,5,6,2,centr,WB,2,2,No,CD3_N,24.51
J,5,6,2,centr,WB,2,2,No,CD4_N,27.99
J,5,6,2,centr,WB,2,2,No,CD8_N,18.71
J,5,6,2,centr,WB,2,2,No,CD3_CM,39
J,5,6,2,centr,WB,2,2,No,CD4_CM,46.34
J,5,6,2,centr,WB,2,2,No,CD8_CM,22.53
J,5,6,2,centr,WB,2,2,No,CD3_EM,26.21
J,5,6,2,centr,WB,2,2,No,CD4_EM,23.16
J,5,6,2,centr,WB,2,2,No,CD8_EM,29.58
J,5,6,2,centr,WB,2,2,No,CD3_TD,10.28
J,5,6,2,centr,WB,2,2,No,CD4_TD,2.5
J,5,6,2,centr,WB,2,2,No,CD8_TD,29.17
J,5,6,2,centr,WB,2,3,No,CD3,63.71
J,5,6,2,centr,WB,2,3,No,CD4,68.12
J,5,6,2,centr,WB,2,3,No,CD8,25.25
J,5,6,2,centr,WB,2,3,No,CD3_N,16.71
J,5,6,2,centr,WB,2,3,No,CD4_N,18.89
J,5,6,2,centr,WB,2,3,No,CD8_N,14.96
J,5,6,2,centr,WB,2,3,No,CD3_CM,44.35
J,5,6,2,centr,WB,2,3,No,CD4_CM,53.61
J,5,6,2,centr,WB,2,3,No,CD8_CM,24.77
J,5,6,2,centr,WB,2,3,No,CD3_EM,29.38
J,5,6,2,centr,WB,2,3,No,CD4_EM,25.8
J,5,6,2,centr,WB,2,3,No,CD8_EM,33.06
J,5,6,2,centr,WB,2,3,No,CD3_TD,9.57
J,5,6,2,centr,WB,2,3,No,CD4_TD,1.7
J,5,6,2,centr,WB,2,3,No,CD8_TD,27.21
J,5,6,2,centr,WB,3,1,No,CD3,52.13
J,5,6,2,centr,WB,3,1,No,CD4,64.28
J,5,6,2,centr,WB,3,1,No,CD8,28.88
J,5,6,2,centr,WB,3,1,No,CD3_N,20.82
J,5,6,2,centr,WB,3,1,No,CD4_N,15.84
J,5,6,2,centr,WB,3,1,No,CD8_N,34.88
J,5,6,2,centr,WB,3,1,No,CD3_CM,44.99
J,5,6,2,centr,WB,3,1,No,CD4_CM,63.22
J,5,6,2,centr,WB,3,1,No,CD8_CM,17.37
J,5,6,2,centr,WB,3,1,No,CD3_EM,15.93
J,5,6,2,centr,WB,3,1,No,CD4_EM,13.45
J,5,6,2,centr,WB,3,1,No,CD8_EM,15.71
J,5,6,2,centr,WB,3,1,No,CD3_TD,18.26
J,5,6,2,centr,WB,3,1,No,CD4_TD,7.49
J,5,6,2,centr,WB,3,1,No,CD8_TD,32.03
J,5,6,2,centr,WB,3,2,No,CD3,56.03
J,5,6,2,centr,WB,3,2,No,CD4,65.15
J,5,6,2,centr,WB,3,2,No,CD8,28.09
J,5,6,2,centr,WB,3,2,No,CD3_N,26.24
J,5,6,2,centr,WB,3,2,No,CD4_N,23.46
J,5,6,2,centr,WB,3,2,No,CD8_N,35.52
J,5,6,2,centr,WB,3,2,No,CD3_CM,36.87
J,5,6,2,centr,WB,3,2,No,CD4_CM,51.87
J,5,6,2,centr,WB,3,2,No,CD8_CM,14.43
J,5,6,2,centr,WB,3,2,No,CD3_EM,17.74
J,5,6,2,centr,WB,3,2,No,CD4_EM,16.24
J,5,6,2,centr,WB,3,2,No,CD8_EM,18.64
J,5,6,2,centr,WB,3,2,No,CD3_TD,19.15
J,5,6,2,centr,WB,3,2,No,CD4_TD,8.43
J,5,6,2,centr,WB,3,2,No,CD8_TD,31.41
J,5,6,2,centr,WB,3,3,No,CD3,61.41
J,5,6,2,centr,WB,3,3,No,CD4,66.53
J,5,6,2,centr,WB,3,3,No,CD8,27.5
J,5,6,2,centr,WB,3,3,No,CD3_N,21.22
J,5,6,2,centr,WB,3,3,No,CD4_N,16.11
J,5,6,2,centr,WB,3,3,No,CD8_N,35.76
J,5,6,2,centr,WB,3,3,No,CD3_CM,46.82
J,5,6,2,centr,WB,3,3,No,CD4_CM,59.82
J,5,6,2,centr,WB,3,3,No,CD8_CM,18.43
J,5,6,2,centr,WB,3,3,No,CD3_EM,15.31
J,5,6,2,centr,WB,3,3,No,CD4_EM,16.6
J,5,6,2,centr,WB,3,3,No,CD8_EM,15.53
J,5,6,2,centr,WB,3,3,No,CD3_TD,16.65
J,5,6,2,centr,WB,3,3,No,CD4_TD,7.48
J,5,6,2,centr,WB,3,3,No,CD8_TD,30.29
J,5,6,2,local,PBMC,1,1,No,CD3,75.76
J,5,6,2,local,PBMC,1,1,No,CD4,46.85
J,5,6,2,local,PBMC,1,1,No,CD8,46.84
J,5,6,2,local,PBMC,1,1,No,CD3_N,16.68
J,5,6,2,local,PBMC,1,1,No,CD4_N,23.58
J,5,6,2,local,PBMC,1,1,No,CD8_N,11.04
J,5,6,2,local,PBMC,1,1,No,CD3_CM,32.61
J,5,6,2,local,PBMC,1,1,No,CD4_CM,50.36
J,5,6,2,local,PBMC,1,1,No,CD8_CM,15.05
J,5,6,2,local,PBMC,1,1,No,CD3_EM,29.5
J,5,6,2,local,PBMC,1,1,No,CD4_EM,23.39
J,5,6,2,local,PBMC,1,1,No,CD8_EM,36.08
J,5,6,2,local,PBMC,1,1,No,CD3_TD,21.22
J,5,6,2,local,PBMC,1,1,No,CD4_TD,2.67
J,5,6,2,local,PBMC,1,1,No,CD8_TD,37.83
J,5,6,2,local,PBMC,1,2,No,CD3,72.71
J,5,6,2,local,PBMC,1,2,No,CD4,42.04
J,5,6,2,local,PBMC,1,2,No,CD8,51.62
J,5,6,2,local,PBMC,1,2,No,CD3_N,13.65
J,5,6,2,local,PBMC,1,2,No,CD4_N,18.27
J,5,6,2,local,PBMC,1,2,No,CD8_N,10.45
J,5,6,2,local,PBMC,1,2,No,CD3_CM,29.5
J,5,6,2,local,PBMC,1,2,No,CD4_CM,51.68
J,5,6,2,local,PBMC,1,2,No,CD8_CM,13.6
J,5,6,2,local,PBMC,1,2,No,CD3_EM,30.68
J,5,6,2,local,PBMC,1,2,No,CD4_EM,26.37
J,5,6,2,local,PBMC,1,2,No,CD8_EM,33.07
J,5,6,2,local,PBMC,1,2,No,CD3_TD,26.18
J,5,6,2,local,PBMC,1,2,No,CD4_TD,3.68
J,5,6,2,local,PBMC,1,2,No,CD8_TD,42.89
J,5,6,2,local,PBMC,1,3,No,CD3,72.39
J,5,6,2,local,PBMC,1,3,No,CD4,34.48
J,5,6,2,local,PBMC,1,3,No,CD8,54.23
J,5,6,2,local,PBMC,1,3,No,CD3_N,14.9
J,5,6,2,local,PBMC,1,3,No,CD4_N,20.84
J,5,6,2,local,PBMC,1,3,No,CD8_N,10.18
J,5,6,2,local,PBMC,1,3,No,CD3_CM,24.32
J,5,6,2,local,PBMC,1,3,No,CD4_CM,45.55
J,5,6,2,local,PBMC,1,3,No,CD8_CM,9.9
J,5,6,2,local,PBMC,1,3,No,CD3_EM,29.24
J,5,6,2,local,PBMC,1,3,No,CD4_EM,29.19
J,5,6,2,local,PBMC,1,3,No,CD8_EM,29.06
J,5,6,2,local,PBMC,1,3,No,CD3_TD,31.54
J,5,6,2,local,PBMC,1,3,No,CD4_TD,4.42
J,5,6,2,local,PBMC,1,3,No,CD8_TD,50.87
J,5,6,2,local,PBMC,2,1,No,CD3,86.42
J,5,6,2,local,PBMC,2,1,No,CD4,42.36
J,5,6,2,local,PBMC,2,1,No,CD8,54.53
J,5,6,2,local,PBMC,2,1,No,CD3_N,12.03
J,5,6,2,local,PBMC,2,1,No,CD4_N,9.85
J,5,6,2,local,PBMC,2,1,No,CD8_N,13.96
J,5,6,2,local,PBMC,2,1,No,CD3_CM,23.6
J,5,6,2,local,PBMC,2,1,No,CD4_CM,40.89
J,5,6,2,local,PBMC,2,1,No,CD8_CM,10.42
J,5,6,2,local,PBMC,2,1,No,CD3_EM,27.76
J,5,6,2,local,PBMC,2,1,No,CD4_EM,45.91
J,5,6,2,local,PBMC,2,1,No,CD8_EM,11.69
J,5,6,2,local,PBMC,2,1,No,CD3_TD,36.61
J,5,6,2,local,PBMC,2,1,No,CD4_TD,3.35
J,5,6,2,local,PBMC,2,1,No,CD8_TD,63.94
J,5,6,2,local,PBMC,2,2,No,CD3,86.31
J,5,6,2,local,PBMC,2,2,No,CD4,39.55
J,5,6,2,local,PBMC,2,2,No,CD8,56.9
J,5,6,2,local,PBMC,2,2,No,CD3_N,12.66
J,5,6,2,local,PBMC,2,2,No,CD4_N,7.18
J,5,6,2,local,PBMC,2,2,No,CD8_N,16.55
J,5,6,2,local,PBMC,2,2,No,CD3_CM,20.87
J,5,6,2,local,PBMC,2,2,No,CD4_CM,37.12
J,5,6,2,local,PBMC,2,2,No,CD8_CM,8.99
J,5,6,2,local,PBMC,2,2,No,CD3_EM,27.96
J,5,6,2,local,PBMC,2,2,No,CD4_EM,51.56
J,5,6,2,local,PBMC,2,2,No,CD8_EM,10.8
J,5,6,2,local,PBMC,2,2,No,CD3_TD,38.51
J,5,6,2,local,PBMC,2,2,No,CD4_TD,4.15
J,5,6,2,local,PBMC,2,2,No,CD8_TD,63.66
J,5,6,2,local,PBMC,2,3,No,CD3,85.74
J,5,6,2,local,PBMC,2,3,No,CD4,39.16
J,5,6,2,local,PBMC,2,3,No,CD8,57.76
J,5,6,2,local,PBMC,2,3,No,CD3_N,11.4
J,5,6,2,local,PBMC,2,3,No,CD4_N,9.43
J,5,6,2,local,PBMC,2,3,No,CD8_N,13.46
J,5,6,2,local,PBMC,2,3,No,CD3_CM,19.71
J,5,6,2,local,PBMC,2,3,No,CD4_CM,35.13
J,5,6,2,local,PBMC,2,3,No,CD8_CM,10.04
J,5,6,2,local,PBMC,2,3,No,CD3_EM,28.8
J,5,6,2,local,PBMC,2,3,No,CD4_EM,51.55
J,5,6,2,local,PBMC,2,3,No,CD8_EM,11.91
J,5,6,2,local,PBMC,2,3,No,CD3_TD,40.09
J,5,6,2,local,PBMC,2,3,No,CD4_TD,3.88
J,5,6,2,local,PBMC,2,3,No,CD8_TD,64.6
J,5,6,2,local,PBMC,3,1,No,CD3,73.95
J,5,6,2,local,PBMC,3,1,No,CD4,50.63
J,5,6,2,local,PBMC,3,1,No,CD8,39.19
J,5,6,2,local,PBMC,3,1,No,CD3_N,18.12
J,5,6,2,local,PBMC,3,1,No,CD4_N,20.05
J,5,6,2,local,PBMC,3,1,No,CD8_N,13.05
J,5,6,2,local,PBMC,3,1,No,CD3_CM,35.4
J,5,6,2,local,PBMC,3,1,No,CD4_CM,56.18
J,5,6,2,local,PBMC,3,1,No,CD8_CM,13.5
J,5,6,2,local,PBMC,3,1,No,CD3_EM,21.32
J,5,6,2,local,PBMC,3,1,No,CD4_EM,23.41
J,5,6,2,local,PBMC,3,1,No,CD8_EM,21.94
J,5,6,2,local,PBMC,3,1,No,CD3_TD,25.17
J,5,6,2,local,PBMC,3,1,No,CD4_TD,0.37
J,5,6,2,local,PBMC,3,1,No,CD8_TD,51.51
J,5,6,2,local,PBMC,3,2,No,CD3,72.58
J,5,6,2,local,PBMC,3,2,No,CD4,42.09
J,5,6,2,local,PBMC,3,2,No,CD8,45.9
J,5,6,2,local,PBMC,3,2,No,CD3_N,16.31
J,5,6,2,local,PBMC,3,2,No,CD4_N,14.87
J,5,6,2,local,PBMC,3,2,No,CD8_N,13.61
J,5,6,2,local,PBMC,3,2,No,CD3_CM,29.3
J,5,6,2,local,PBMC,3,2,No,CD4_CM,57.23
J,5,6,2,local,PBMC,3,2,No,CD8_CM,12.64
J,5,6,2,local,PBMC,3,2,No,CD3_EM,22
J,5,6,2,local,PBMC,3,2,No,CD4_EM,27.18
J,5,6,2,local,PBMC,3,2,No,CD8_EM,18.89
J,5,6,2,local,PBMC,3,2,No,CD3_TD,32.4
J,5,6,2,local,PBMC,3,2,No,CD4_TD,0.72
J,5,6,2,local,PBMC,3,2,No,CD8_TD,54.86
J,5,6,2,local,PBMC,3,3,No,CD3,72.72
J,5,6,2,local,PBMC,3,3,No,CD4,47.94
J,5,6,2,local,PBMC,3,3,No,CD8,40.95
J,5,6,2,local,PBMC,3,3,No,CD3_N,24.52
J,5,6,2,local,PBMC,3,3,No,CD4_N,30.24
J,5,6,2,local,PBMC,3,3,No,CD8_N,13.17
J,5,6,2,local,PBMC,3,3,No,CD3_CM,29.83
J,5,6,2,local,PBMC,3,3,No,CD4_CM,49.58
J,5,6,2,local,PBMC,3,3,No,CD8_CM,11.87
J,5,6,2,local,PBMC,3,3,No,CD3_EM,16.22
J,5,6,2,local,PBMC,3,3,No,CD4_EM,19.59
J,5,6,2,local,PBMC,3,3,No,CD8_EM,16.58
J,5,6,2,local,PBMC,3,3,No,CD3_TD,29.44
J,5,6,2,local,PBMC,3,3,No,CD4_TD,0.59
J,5,6,2,local,PBMC,3,3,No,CD8_TD,58.38
J,5,6,2,local,WB,1,1,No,CD3,65.34
J,5,6,2,local,WB,1,1,No,CD4,63.95
J,5,6,2,local,WB,1,1,No,CD8,32.92
J,5,6,2,local,WB,1,1,No,CD3_N,39.12
J,5,6,2,local,WB,1,1,No,CD4_N,38.32
J,5,6,2,local,WB,1,1,No,CD8_N,38.02
J,5,6,2,local,WB,1,1,No,CD3_CM,42.5
J,5,6,2,local,WB,1,1,No,CD4_CM,51.27
J,5,6,2,local,WB,1,1,No,CD8_CM,23.6
J,5,6,2,local,WB,1,1,No,CD3_EM,9.78
J,5,6,2,local,WB,1,1,No,CD4_EM,9.78
J,5,6,2,local,WB,1,1,No,CD8_EM,20.32
J,5,6,2,local,WB,1,1,No,CD3_TD,8.6
J,5,6,2,local,WB,1,1,No,CD4_TD,0.63
J,5,6,2,local,WB,1,1,No,CD8_TD,18.06
J,5,6,2,local,WB,1,2,No,CD3,53.09
J,5,6,2,local,WB,1,2,No,CD4,64.05
J,5,6,2,local,WB,1,2,No,CD8,32.51
J,5,6,2,local,WB,1,2,No,CD3_N,38.09
J,5,6,2,local,WB,1,2,No,CD4_N,39.24
J,5,6,2,local,WB,1,2,No,CD8_N,38.52
J,5,6,2,local,WB,1,2,No,CD3_CM,41.43
J,5,6,2,local,WB,1,2,No,CD4_CM,49.43
J,5,6,2,local,WB,1,2,No,CD8_CM,22
J,5,6,2,local,WB,1,2,No,CD3_EM,12.18
J,5,6,2,local,WB,1,2,No,CD4_EM,10.73
J,5,6,2,local,WB,1,2,No,CD8_EM,21.97
J,5,6,2,local,WB,1,2,No,CD3_TD,8.31
J,5,6,2,local,WB,1,2,No,CD4_TD,0.6
J,5,6,2,local,WB,1,2,No,CD8_TD,17.52
J,5,6,2,local,WB,1,3,No,CD3,62.97
J,5,6,2,local,WB,1,3,No,CD4,64.07
J,5,6,2,local,WB,1,3,No,CD8,32.45
J,5,6,2,local,WB,1,3,No,CD3_N,36.54
J,5,6,2,local,WB,1,3,No,CD4_N,37.97
J,5,6,2,local,WB,1,3,No,CD8_N,37.66
J,5,6,2,local,WB,1,3,No,CD3_CM,43.11
J,5,6,2,local,WB,1,3,No,CD4_CM,51.38
J,5,6,2,local,WB,1,3,No,CD8_CM,20.68
J,5,6,2,local,WB,1,3,No,CD3_EM,12.58
J,5,6,2,local,WB,1,3,No,CD4_EM,10.07
J,5,6,2,local,WB,1,3,No,CD8_EM,25.06
J,5,6,2,local,WB,1,3,No,CD3_TD,7.77
J,5,6,2,local,WB,1,3,No,CD4_TD,0.57
J,5,6,2,local,WB,1,3,No,CD8_TD,16.61
J,5,6,2,local,WB,2,1,No,CD3,66.5
J,5,6,2,local,WB,2,1,No,CD4,68.95
J,5,6,2,local,WB,2,1,No,CD8,23.9
J,5,6,2,local,WB,2,1,No,CD3_N,26.33
J,5,6,2,local,WB,2,1,No,CD4_N,29.75
J,5,6,2,local,WB,2,1,No,CD8_N,24.13
J,5,6,2,local,WB,2,1,No,CD3_CM,37.31
J,5,6,2,local,WB,2,1,No,CD4_CM,46.19
J,5,6,2,local,WB,2,1,No,CD8_CM,19.92
J,5,6,2,local,WB,2,1,No,CD3_EM,19.95
J,5,6,2,local,WB,2,1,No,CD4_EM,16.96
J,5,6,2,local,WB,2,1,No,CD8_EM,23.23
J,5,6,2,local,WB,2,1,No,CD3_TD,16.41
J,5,6,2,local,WB,2,1,No,CD4_TD,7.1
J,5,6,2,local,WB,2,1,No,CD8_TD,32.18
J,5,6,2,local,WB,2,2,No,CD3,64.5
J,5,6,2,local,WB,2,2,No,CD4,68.36
J,5,6,2,local,WB,2,2,No,CD8,24.04
J,5,6,2,local,WB,2,2,No,CD3_N,27.15
J,5,6,2,local,WB,2,2,No,CD4_N,30.25
J,5,6,2,local,WB,2,2,No,CD8_N,25
J,5,6,2,local,WB,2,2,No,CD3_CM,36.72
J,5,6,2,local,WB,2,2,No,CD4_CM,45.78
J,5,6,2,local,WB,2,2,No,CD8_CM,20.49
J,5,6,2,local,WB,2,2,No,CD3_EM,20.57
J,5,6,2,local,WB,2,2,No,CD4_EM,17.93
J,5,6,2,local,WB,2,2,No,CD8_EM,23.03
J,5,6,2,local,WB,2,2,No,CD3_TD,15.57
J,5,6,2,local,WB,2,2,No,CD4_TD,6.05
J,5,6,2,local,WB,2,2,No,CD8_TD,31.48
J,5,6,2,local,WB,2,3,No,CD3,63.91
J,5,6,2,local,WB,2,3,No,CD4,68.17
J,5,6,2,local,WB,2,3,No,CD8,24.36
J,5,6,2,local,WB,2,3,No,CD3_N,17.94
J,5,6,2,local,WB,2,3,No,CD4_N,19.43
J,5,6,2,local,WB,2,3,No,CD8_N,18.29
J,5,6,2,local,WB,2,3,No,CD3_CM,43.43
J,5,6,2,local,WB,2,3,No,CD4_CM,54.64
J,5,6,2,local,WB,2,3,No,CD8_CM,24.16
J,5,6,2,local,WB,2,3,No,CD3_EM,24.78
J,5,6,2,local,WB,2,3,No,CD4_EM,21.36
J,5,6,2,local,WB,2,3,No,CD8_EM,27.61
J,5,6,2,local,WB,2,3,No,CD3_TD,13.86
J,5,6,2,local,WB,2,3,No,CD4_TD,4.57
J,5,6,2,local,WB,2,3,No,CD8_TD,29.94
J,5,6,2,local,WB,3,1,No,CD3,52.44
J,5,6,2,local,WB,3,1,No,CD4,64.45
J,5,6,2,local,WB,3,1,No,CD8,27.92
J,5,6,2,local,WB,3,1,No,CD3_N,22.79
J,5,6,2,local,WB,3,1,No,CD4_N,16.86
J,5,6,2,local,WB,3,1,No,CD8_N,38.27
J,5,6,2,local,WB,3,1,No,CD3_CM,43.75
J,5,6,2,local,WB,3,1,No,CD4_CM,60.47
J,5,6,2,local,WB,3,1,No,CD8_CM,16.73
J,5,6,2,local,WB,3,1,No,CD3_EM,14.59
J,5,6,2,local,WB,3,1,No,CD4_EM,14.89
J,5,6,2,local,WB,3,1,No,CD8_EM,11.97
J,5,6,2,local,WB,3,1,No,CD3_TD,18.87
J,5,6,2,local,WB,3,1,No,CD4_TD,7.77
J,5,6,2,local,WB,3,1,No,CD8_TD,33.03
J,5,6,2,local,WB,3,2,No,CD3,56.32
J,5,6,2,local,WB,3,2,No,CD4,65.25
J,5,6,2,local,WB,3,2,No,CD8,27.6
J,5,6,2,local,WB,3,2,No,CD3_N,31.73
J,5,6,2,local,WB,3,2,No,CD4_N,26.82
J,5,6,2,local,WB,3,2,No,CD8_N,44.87
J,5,6,2,local,WB,3,2,No,CD3_CM,37.97
J,5,6,2,local,WB,3,2,No,CD4_CM,52.88
J,5,6,2,local,WB,3,2,No,CD8_CM,13.15
J,5,6,2,local,WB,3,2,No,CD3_EM,11.68
J,5,6,2,local,WB,3,2,No,CD4_EM,12.09
J,5,6,2,local,WB,3,2,No,CD8_EM,8.92
J,5,6,2,local,WB,3,2,No,CD3_TD,18.62
J,5,6,2,local,WB,3,2,No,CD4_TD,8.21
J,5,6,2,local,WB,3,2,No,CD8_TD,33.06
J,5,6,2,local,WB,3,3,No,CD3,61.64
J,5,6,2,local,WB,3,3,No,CD4,66.63
J,5,6,2,local,WB,3,3,No,CD8,26.69
J,5,6,2,local,WB,3,3,No,CD3_N,21.67
J,5,6,2,local,WB,3,3,No,CD4_N,15.62
J,5,6,2,local,WB,3,3,No,CD8_N,36.51
J,5,6,2,local,WB,3,3,No,CD3_CM,48.22
J,5,6,2,local,WB,3,3,No,CD4_CM,64.15
J,5,6,2,local,WB,3,3,No,CD8_CM,20.21
J,5,6,2,local,WB,3,3,No,CD3_EM,13.84
J,5,6,2,local,WB,3,3,No,CD4_EM,12.98
J,5,6,2,local,WB,3,3,No,CD8_EM,15.27
J,5,6,2,local,WB,3,3,No,CD3_TD,16.28
J,5,6,2,local,WB,3,3,No,CD4_TD,7.26
J,5,6,2,local,WB,3,3,No,CD8_TD,28
K,1,1,3,centr,PBMC,1,1,No,CD3,70.39
K,1,1,3,centr,PBMC,1,1,No,CD4,42.56
K,1,1,3,centr,PBMC,1,1,No,CD8,52.08
K,1,1,3,centr,PBMC,1,1,No,CD3_N,18.59
K,1,1,3,centr,PBMC,1,1,No,CD4_N,26.83
K,1,1,3,centr,PBMC,1,1,No,CD8_N,14.14
K,1,1,3,centr,PBMC,1,1,No,CD3_CM,21.65
K,1,1,3,centr,PBMC,1,1,No,CD4_CM,50.07
K,1,1,3,centr,PBMC,1,1,No,CD8_CM,1.78
K,1,1,3,centr,PBMC,1,1,No,CD3_EM,17.15
K,1,1,3,centr,PBMC,1,1,No,CD4_EM,20.46
K,1,1,3,centr,PBMC,1,1,No,CD8_EM,7.03
K,1,1,3,centr,PBMC,1,1,No,CD3_TD,42.61
K,1,1,3,centr,PBMC,1,1,No,CD4_TD,2.63
K,1,1,3,centr,PBMC,1,1,No,CD8_TD,77.05
K,1,1,3,centr,PBMC,1,2,No,CD3,75.8
K,1,1,3,centr,PBMC,1,2,No,CD4,37.74
K,1,1,3,centr,PBMC,1,2,No,CD8,56.28
K,1,1,3,centr,PBMC,1,2,No,CD3_N,10.03
K,1,1,3,centr,PBMC,1,2,No,CD4_N,15.91
K,1,1,3,centr,PBMC,1,2,No,CD8_N,4.35
K,1,1,3,centr,PBMC,1,2,No,CD3_CM,17.57
K,1,1,3,centr,PBMC,1,2,No,CD4_CM,37.68
K,1,1,3,centr,PBMC,1,2,No,CD8_CM,6.37
K,1,1,3,centr,PBMC,1,2,No,CD3_EM,36.21
K,1,1,3,centr,PBMC,1,2,No,CD4_EM,40.88
K,1,1,3,centr,PBMC,1,2,No,CD8_EM,38.38
K,1,1,3,centr,PBMC,1,2,No,CD3_TD,36.19
K,1,1,3,centr,PBMC,1,2,No,CD4_TD,5.53
K,1,1,3,centr,PBMC,1,2,No,CD8_TD,50.9
K,1,1,3,centr,PBMC,1,3,No,CD3,69.46
K,1,1,3,centr,PBMC,1,3,No,CD4,39.88
K,1,1,3,centr,PBMC,1,3,No,CD8,54.18
K,1,1,3,centr,PBMC,1,3,No,CD3_N,16.8
K,1,1,3,centr,PBMC,1,3,No,CD4_N,21.95
K,1,1,3,centr,PBMC,1,3,No,CD8_N,8.22
K,1,1,3,centr,PBMC,1,3,No,CD3_CM,24.29
K,1,1,3,centr,PBMC,1,3,No,CD4_CM,47.98
K,1,1,3,centr,PBMC,1,3,No,CD8_CM,8.26
K,1,1,3,centr,PBMC,1,3,No,CD3_EM,26.45
K,1,1,3,centr,PBMC,1,3,No,CD4_EM,26.6
K,1,1,3,centr,PBMC,1,3,No,CD8_EM,31.54
K,1,1,3,centr,PBMC,1,3,No,CD3_TD,32.47
K,1,1,3,centr,PBMC,1,3,No,CD4_TD,3.47
K,1,1,3,centr,PBMC,1,3,No,CD8_TD,51.98
K,1,1,3,centr,PBMC,2,1,No,CD3,80.09
K,1,1,3,centr,PBMC,2,1,No,CD4,38.57
K,1,1,3,centr,PBMC,2,1,No,CD8,57.78
K,1,1,3,centr,PBMC,2,1,No,CD3_N,10.83
K,1,1,3,centr,PBMC,2,1,No,CD4_N,5.59
K,1,1,3,centr,PBMC,2,1,No,CD8_N,12
K,1,1,3,centr,PBMC,2,1,No,CD3_CM,15.23
K,1,1,3,centr,PBMC,2,1,No,CD4_CM,32.08
K,1,1,3,centr,PBMC,2,1,No,CD8_CM,4.46
K,1,1,3,centr,PBMC,2,1,No,CD3_EM,31.09
K,1,1,3,centr,PBMC,2,1,No,CD4_EM,60.64
K,1,1,3,centr,PBMC,2,1,No,CD8_EM,9.35
K,1,1,3,centr,PBMC,2,1,No,CD3_TD,42.85
K,1,1,3,centr,PBMC,2,1,No,CD4_TD,1.69
K,1,1,3,centr,PBMC,2,1,No,CD8_TD,74.19
K,1,1,3,centr,PBMC,2,2,No,CD3,85.71
K,1,1,3,centr,PBMC,2,2,No,CD4,38.18
K,1,1,3,centr,PBMC,2,2,No,CD8,57.88
K,1,1,3,centr,PBMC,2,2,No,CD3_N,6.68
K,1,1,3,centr,PBMC,2,2,No,CD4_N,7.34
K,1,1,3,centr,PBMC,2,2,No,CD8_N,5.19
K,1,1,3,centr,PBMC,2,2,No,CD3_CM,11.22
K,1,1,3,centr,PBMC,2,2,No,CD4_CM,21.57
K,1,1,3,centr,PBMC,2,2,No,CD8_CM,5.64
K,1,1,3,centr,PBMC,2,2,No,CD3_EM,33.4
K,1,1,3,centr,PBMC,2,2,No,CD4_EM,64.67
K,1,1,3,centr,PBMC,2,2,No,CD8_EM,13.37
K,1,1,3,centr,PBMC,2,2,No,CD3_TD,48.69
K,1,1,3,centr,PBMC,2,2,No,CD4_TD,6.41
K,1,1,3,centr,PBMC,2,2,No,CD8_TD,75.8
K,1,1,3,centr,PBMC,2,3,No,CD3,81.21
K,1,1,3,centr,PBMC,2,3,No,CD4,36.9
K,1,1,3,centr,PBMC,2,3,No,CD8,60.04
K,1,1,3,centr,PBMC,2,3,No,CD3_N,7.98
K,1,1,3,centr,PBMC,2,3,No,CD4_N,6.32
K,1,1,3,centr,PBMC,2,3,No,CD8_N,6.83
K,1,1,3,centr,PBMC,2,3,No,CD3_CM,14.9
K,1,1,3,centr,PBMC,2,3,No,CD4_CM,27.34
K,1,1,3,centr,PBMC,2,3,No,CD8_CM,7.51
K,1,1,3,centr,PBMC,2,3,No,CD3_EM,31.52
K,1,1,3,centr,PBMC,2,3,No,CD4_EM,62.14
K,1,1,3,centr,PBMC,2,3,No,CD8_EM,14.11
K,1,1,3,centr,PBMC,2,3,No,CD3_TD,45.6
K,1,1,3,centr,PBMC,2,3,No,CD4_TD,4.21
K,1,1,3,centr,PBMC,2,3,No,CD8_TD,71.56
K,1,1,3,centr,PBMC,3,1,No,CD3,65.94
K,1,1,3,centr,PBMC,3,1,No,CD4,41.25
K,1,1,3,centr,PBMC,3,1,No,CD8,50.05
K,1,1,3,centr,PBMC,3,1,No,CD3_N,26.03
K,1,1,3,centr,PBMC,3,1,No,CD4_N,18.66
K,1,1,3,centr,PBMC,3,1,No,CD8_N,22.29
K,1,1,3,centr,PBMC,3,1,No,CD3_CM,25.73
K,1,1,3,centr,PBMC,3,1,No,CD4_CM,56.78
K,1,1,3,centr,PBMC,3,1,No,CD8_CM,4.68
K,1,1,3,centr,PBMC,3,1,No,CD3_EM,14.14
K,1,1,3,centr,PBMC,3,1,No,CD4_EM,24.09
K,1,1,3,centr,PBMC,3,1,No,CD8_EM,7.75
K,1,1,3,centr,PBMC,3,1,No,CD3_TD,34.1
K,1,1,3,centr,PBMC,3,1,No,CD4_TD,0.46
K,1,1,3,centr,PBMC,3,1,No,CD8_TD,65.28
K,1,1,3,centr,PBMC,3,2,No,CD3,70.99
K,1,1,3,centr,PBMC,3,2,No,CD4,39.64
K,1,1,3,centr,PBMC,3,2,No,CD8,50.93
K,1,1,3,centr,PBMC,3,2,No,CD3_N,17.1
K,1,1,3,centr,PBMC,3,2,No,CD4_N,23.83
K,1,1,3,centr,PBMC,3,2,No,CD8_N,10.6
K,1,1,3,centr,PBMC,3,2,No,CD3_CM,22.28
K,1,1,3,centr,PBMC,3,2,No,CD4_CM,43.48
K,1,1,3,centr,PBMC,3,2,No,CD8_CM,10.12
K,1,1,3,centr,PBMC,3,2,No,CD3_EM,24.9
K,1,1,3,centr,PBMC,3,2,No,CD4_EM,31.74
K,1,1,3,centr,PBMC,3,2,No,CD8_EM,20.53
K,1,1,3,centr,PBMC,3,2,No,CD3_TD,35.72
K,1,1,3,centr,PBMC,3,2,No,CD4_TD,0.95
K,1,1,3,centr,PBMC,3,2,No,CD8_TD,58.75
K,1,1,3,centr,PBMC,3,3,No,CD3,62.91
K,1,1,3,centr,PBMC,3,3,No,CD4,38.29
K,1,1,3,centr,PBMC,3,3,No,CD8,52.25
K,1,1,3,centr,PBMC,3,3,No,CD3_N,19.69
K,1,1,3,centr,PBMC,3,3,No,CD4_N,30.49
K,1,1,3,centr,PBMC,3,3,No,CD8_N,10.85
K,1,1,3,centr,PBMC,3,3,No,CD3_CM,21.69
K,1,1,3,centr,PBMC,3,3,No,CD4_CM,44.12
K,1,1,3,centr,PBMC,3,3,No,CD8_CM,8.26
K,1,1,3,centr,PBMC,3,3,No,CD3_EM,20.4
K,1,1,3,centr,PBMC,3,3,No,CD4_EM,24.86
K,1,1,3,centr,PBMC,3,3,No,CD8_EM,18.06
K,1,1,3,centr,PBMC,3,3,No,CD3_TD,38.22
K,1,1,3,centr,PBMC,3,3,No,CD4_TD,0.53
K,1,1,3,centr,PBMC,3,3,No,CD8_TD,62.82
K,1,1,3,centr,WB,1,1,No,CD3,55.07
K,1,1,3,centr,WB,1,1,No,CD4,63.65
K,1,1,3,centr,WB,1,1,No,CD8,33.33
K,1,1,3,centr,WB,1,1,No,CD3_N,35.58
K,1,1,3,centr,WB,1,1,No,CD4_N,34.86
K,1,1,3,centr,WB,1,1,No,CD8_N,37.87
K,1,1,3,centr,WB,1,1,No,CD3_CM,43.31
K,1,1,3,centr,WB,1,1,No,CD4_CM,56.64
K,1,1,3,centr,WB,1,1,No,CD8_CM,23.34
K,1,1,3,centr,WB,1,1,No,CD3_EM,15.43
K,1,1,3,centr,WB,1,1,No,CD4_EM,8.29
K,1,1,3,centr,WB,1,1,No,CD8_EM,24.32
K,1,1,3,centr,WB,1,1,No,CD3_TD,5.67
K,1,1,3,centr,WB,1,1,No,CD4_TD,0.21
K,1,1,3,centr,WB,1,1,No,CD8_TD,14.47
K,1,1,3,centr,WB,1,2,No,CD3,55.27
K,1,1,3,centr,WB,1,2,No,CD4,63.4
K,1,1,3,centr,WB,1,2,No,CD8,33.36
K,1,1,3,centr,WB,1,2,No,CD3_N,36.38
K,1,1,3,centr,WB,1,2,No,CD4_N,35.6
K,1,1,3,centr,WB,1,2,No,CD8_N,37.65
K,1,1,3,centr,WB,1,2,No,CD3_CM,43.04
K,1,1,3,centr,WB,1,2,No,CD4_CM,56.46
K,1,1,3,centr,WB,1,2,No,CD8_CM,24.02
K,1,1,3,centr,WB,1,2,No,CD3_EM,14.9
K,1,1,3,centr,WB,1,2,No,CD4_EM,7.71
K,1,1,3,centr,WB,1,2,No,CD8_EM,23.89
K,1,1,3,centr,WB,1,2,No,CD3_TD,5.68
K,1,1,3,centr,WB,1,2,No,CD4_TD,0.23
K,1,1,3,centr,WB,1,2,No,CD8_TD,14.44
K,1,1,3,centr,WB,1,3,No,CD3,55.44
K,1,1,3,centr,WB,1,3,No,CD4,63.73
K,1,1,3,centr,WB,1,3,No,CD8,33.18
K,1,1,3,centr,WB,1,3,No,CD3_N,36.09
K,1,1,3,centr,WB,1,3,No,CD4_N,35.55
K,1,1,3,centr,WB,1,3,No,CD8_N,37.16
K,1,1,3,centr,WB,1,3,No,CD3_CM,43.56
K,1,1,3,centr,WB,1,3,No,CD4_CM,57.12
K,1,1,3,centr,WB,1,3,No,CD8_CM,23.95
K,1,1,3,centr,WB,1,3,No,CD3_EM,14.46
K,1,1,3,centr,WB,1,3,No,CD4_EM,7.11
K,1,1,3,centr,WB,1,3,No,CD8_EM,23.97
K,1,1,3,centr,WB,1,3,No,CD3_TD,5.89
K,1,1,3,centr,WB,1,3,No,CD4_TD,0.23
K,1,1,3,centr,WB,1,3,No,CD8_TD,14.92
K,1,1,3,centr,WB,2,1,No,CD3,65.84
K,1,1,3,centr,WB,2,1,No,CD4,68
K,1,1,3,centr,WB,2,1,No,CD8,26
K,1,1,3,centr,WB,2,1,No,CD3_N,18.41
K,1,1,3,centr,WB,2,1,No,CD4_N,19.52
K,1,1,3,centr,WB,2,1,No,CD8_N,17.2
K,1,1,3,centr,WB,2,1,No,CD3_CM,48.37
K,1,1,3,centr,WB,2,1,No,CD4_CM,59.09
K,1,1,3,centr,WB,2,1,No,CD8_CM,30.35
K,1,1,3,centr,WB,2,1,No,CD3_EM,24.62
K,1,1,3,centr,WB,2,1,No,CD4_EM,17.99
K,1,1,3,centr,WB,2,1,No,CD8_EM,26.28
K,1,1,3,centr,WB,2,1,No,CD3_TD,8.61
K,1,1,3,centr,WB,2,1,No,CD4_TD,3.41
K,1,1,3,centr,WB,2,1,No,CD8_TD,26.18
K,1,1,3,centr,WB,2,2,No,CD3,65.91
K,1,1,3,centr,WB,2,2,No,CD4,68.36
K,1,1,3,centr,WB,2,2,No,CD8,25.43
K,1,1,3,centr,WB,2,2,No,CD3_N,18.42
K,1,1,3,centr,WB,2,2,No,CD4_N,19.49
K,1,1,3,centr,WB,2,2,No,CD8_N,17.58
K,1,1,3,centr,WB,2,2,No,CD3_CM,48.19
K,1,1,3,centr,WB,2,2,No,CD4_CM,59.21
K,1,1,3,centr,WB,2,2,No,CD8_CM,28.25
K,1,1,3,centr,WB,2,2,No,CD3_EM,24.77
K,1,1,3,centr,WB,2,2,No,CD4_EM,17.99
K,1,1,3,centr,WB,2,2,No,CD8_EM,27.46
K,1,1,3,centr,WB,2,2,No,CD3_TD,8.62
K,1,1,3,centr,WB,2,2,No,CD4_TD,3.31
K,1,1,3,centr,WB,2,2,No,CD8_TD,26.72
K,1,1,3,centr,WB,2,3,No,CD3,65.6
K,1,1,3,centr,WB,2,3,No,CD4,68.21
K,1,1,3,centr,WB,2,3,No,CD8,25.65
K,1,1,3,centr,WB,2,3,No,CD3_N,18.56
K,1,1,3,centr,WB,2,3,No,CD4_N,19.52
K,1,1,3,centr,WB,2,3,No,CD8_N,19.09
K,1,1,3,centr,WB,2,3,No,CD3_CM,48.64
K,1,1,3,centr,WB,2,3,No,CD4_CM,57.2
K,1,1,3,centr,WB,2,3,No,CD8_CM,28.31
K,1,1,3,centr,WB,2,3,No,CD3_EM,24.76
K,1,1,3,centr,WB,2,3,No,CD4_EM,19.97
K,1,1,3,centr,WB,2,3,No,CD8_EM,27.6
K,1,1,3,centr,WB,2,3,No,CD3_TD,8.04
K,1,1,3,centr,WB,2,3,No,CD4_TD,3.32
K,1,1,3,centr,WB,2,3,No,CD8_TD,25
K,1,1,3,centr,WB,3,1,No,CD3,56.33
K,1,1,3,centr,WB,3,1,No,CD4,64.93
K,1,1,3,centr,WB,3,1,No,CD8,28
K,1,1,3,centr,WB,3,1,No,CD3_N,22.27
K,1,1,3,centr,WB,3,1,No,CD4_N,17.84
K,1,1,3,centr,WB,3,1,No,CD8_N,33.89
K,1,1,3,centr,WB,3,1,No,CD3_CM,46.6
K,1,1,3,centr,WB,3,1,No,CD4_CM,63.8
K,1,1,3,centr,WB,3,1,No,CD8_CM,20.84
K,1,1,3,centr,WB,3,1,No,CD3_EM,15.19
K,1,1,3,centr,WB,3,1,No,CD4_EM,11.22
K,1,1,3,centr,WB,3,1,No,CD8_EM,18.14
K,1,1,3,centr,WB,3,1,No,CD3_TD,15.93
K,1,1,3,centr,WB,3,1,No,CD4_TD,7.14
K,1,1,3,centr,WB,3,1,No,CD8_TD,27.13
K,1,1,3,centr,WB,3,2,No,CD3,56.63
K,1,1,3,centr,WB,3,2,No,CD4,65.11
K,1,1,3,centr,WB,3,2,No,CD8,27.94
K,1,1,3,centr,WB,3,2,No,CD3_N,22.79
K,1,1,3,centr,WB,3,2,No,CD4_N,18.07
K,1,1,3,centr,WB,3,2,No,CD8_N,34.69
K,1,1,3,centr,WB,3,2,No,CD3_CM,48.09
K,1,1,3,centr,WB,3,2,No,CD4_CM,64.24
K,1,1,3,centr,WB,3,2,No,CD8_CM,22.53
K,1,1,3,centr,WB,3,2,No,CD3_EM,13.48
K,1,1,3,centr,WB,3,2,No,CD4_EM,10.77
K,1,1,3,centr,WB,3,2,No,CD8_EM,16.22
K,1,1,3,centr,WB,3,2,No,CD3_TD,15.64
K,1,1,3,centr,WB,3,2,No,CD4_TD,6.92
K,1,1,3,centr,WB,3,2,No,CD8_TD,26.57
K,1,1,3,centr,WB,3,3,No,CD3,56.15
K,1,1,3,centr,WB,3,3,No,CD4,65.58
K,1,1,3,centr,WB,3,3,No,CD8,27.62
K,1,1,3,centr,WB,3,3,No,CD3_N,22.42
K,1,1,3,centr,WB,3,3,No,CD4_N,17.96
K,1,1,3,centr,WB,3,3,No,CD8_N,33.4
K,1,1,3,centr,WB,3,3,No,CD3_CM,47.78
K,1,1,3,centr,WB,3,3,No,CD4_CM,63.89
K,1,1,3,centr,WB,3,3,No,CD8_CM,18.8
K,1,1,3,centr,WB,3,3,No,CD3_EM,14.04
K,1,1,3,centr,WB,3,3,No,CD4_EM,10.98
K,1,1,3,centr,WB,3,3,No,CD8_EM,20.27
K,1,1,3,centr,WB,3,3,No,CD3_TD,15.76
K,1,1,3,centr,WB,3,3,No,CD4_TD,7.17
K,1,1,3,centr,WB,3,3,No,CD8_TD,27.53
K,1,1,3,local,PBMC,1,1,No,CD3,74.6
K,1,1,3,local,PBMC,1,1,No,CD4,41.8
K,1,1,3,local,PBMC,1,1,No,CD8,52.9
K,1,1,3,local,PBMC,1,1,No,CD3_N,12.3
K,1,1,3,local,PBMC,1,1,No,CD4_N,18.4
K,1,1,3,local,PBMC,1,1,No,CD8_N,5.1
K,1,1,3,local,PBMC,1,1,No,CD3_CM,24.1
K,1,1,3,local,PBMC,1,1,No,CD4_CM,46.5
K,1,1,3,local,PBMC,1,1,No,CD8_CM,9
K,1,1,3,local,PBMC,1,1,No,CD3_EM,30.1
K,1,1,3,local,PBMC,1,1,No,CD4_EM,32.6
K,1,1,3,local,PBMC,1,1,No,CD8_EM,46.2
K,1,1,3,local,PBMC,1,1,No,CD3_TD,33.5
K,1,1,3,local,PBMC,1,1,No,CD4_TD,2.5
K,1,1,3,local,PBMC,1,1,No,CD8_TD,39.7
K,1,1,3,local,PBMC,1,2,No,CD3,76.6
K,1,1,3,local,PBMC,1,2,No,CD4,37.5
K,1,1,3,local,PBMC,1,2,No,CD8,56.4
K,1,1,3,local,PBMC,1,2,No,CD3_N,11.7
K,1,1,3,local,PBMC,1,2,No,CD4_N,16.2
K,1,1,3,local,PBMC,1,2,No,CD8_N,4.2
K,1,1,3,local,PBMC,1,2,No,CD3_CM,23
K,1,1,3,local,PBMC,1,2,No,CD4_CM,49.4
K,1,1,3,local,PBMC,1,2,No,CD8_CM,8.1
K,1,1,3,local,PBMC,1,2,No,CD3_EM,32
K,1,1,3,local,PBMC,1,2,No,CD4_EM,29.6
K,1,1,3,local,PBMC,1,2,No,CD8_EM,39.9
K,1,1,3,local,PBMC,1,2,No,CD3_TD,33.3
K,1,1,3,local,PBMC,1,2,No,CD4_TD,4.8
K,1,1,3,local,PBMC,1,2,No,CD8_TD,47.8
K,1,1,3,local,PBMC,1,3,No,CD3,70.2
K,1,1,3,local,PBMC,1,3,No,CD4,39.5
K,1,1,3,local,PBMC,1,3,No,CD8,53
K,1,1,3,local,PBMC,1,3,No,CD3_N,13.9
K,1,1,3,local,PBMC,1,3,No,CD4_N,20.1
K,1,1,3,local,PBMC,1,3,No,CD8_N,6.5
K,1,1,3,local,PBMC,1,3,No,CD3_CM,18.7
K,1,1,3,local,PBMC,1,3,No,CD4_CM,47.4
K,1,1,3,local,PBMC,1,3,No,CD8_CM,9.8
K,1,1,3,local,PBMC,1,3,No,CD3_EM,31
K,1,1,3,local,PBMC,1,3,No,CD4_EM,29.1
K,1,1,3,local,PBMC,1,3,No,CD8_EM,38.8
K,1,1,3,local,PBMC,1,3,No,CD3_TD,36.4
K,1,1,3,local,PBMC,1,3,No,CD4_TD,3.3
K,1,1,3,local,PBMC,1,3,No,CD8_TD,45
K,1,1,3,local,PBMC,2,1,No,CD3,83.2
K,1,1,3,local,PBMC,2,1,No,CD4,39.2
K,1,1,3,local,PBMC,2,1,No,CD8,57.6
K,1,1,3,local,PBMC,2,1,No,CD3_N,5.8
K,1,1,3,local,PBMC,2,1,No,CD4_N,4.8
K,1,1,3,local,PBMC,2,1,No,CD8_N,4.1
K,1,1,3,local,PBMC,2,1,No,CD3_CM,17.4
K,1,1,3,local,PBMC,2,1,No,CD4_CM,28.4
K,1,1,3,local,PBMC,2,1,No,CD8_CM,11
K,1,1,3,local,PBMC,2,1,No,CD3_EM,40.2
K,1,1,3,local,PBMC,2,1,No,CD4_EM,65.4
K,1,1,3,local,PBMC,2,1,No,CD8_EM,34.6
K,1,1,3,local,PBMC,2,1,No,CD3_TD,36.6
K,1,1,3,local,PBMC,2,1,No,CD4_TD,1.3
K,1,1,3,local,PBMC,2,1,No,CD8_TD,50.3
K,1,1,3,local,PBMC,2,2,No,CD3,85.6
K,1,1,3,local,PBMC,2,2,No,CD4,39.3
K,1,1,3,local,PBMC,2,2,No,CD8,57.7
K,1,1,3,local,PBMC,2,2,No,CD3_N,5.2
K,1,1,3,local,PBMC,2,2,No,CD4_N,6.8
K,1,1,3,local,PBMC,2,2,No,CD8_N,5.5
K,1,1,3,local,PBMC,2,2,No,CD3_CM,15.3
K,1,1,3,local,PBMC,2,2,No,CD4_CM,34.5
K,1,1,3,local,PBMC,2,2,No,CD8_CM,8.7
K,1,1,3,local,PBMC,2,2,No,CD3_EM,37.4
K,1,1,3,local,PBMC,2,2,No,CD4_EM,54.8
K,1,1,3,local,PBMC,2,2,No,CD8_EM,15.8
K,1,1,3,local,PBMC,2,2,No,CD3_TD,42.1
K,1,1,3,local,PBMC,2,2,No,CD4_TD,3.9
K,1,1,3,local,PBMC,2,2,No,CD8_TD,70
K,1,1,3,local,PBMC,2,3,No,CD3,82.3
K,1,1,3,local,PBMC,2,3,No,CD4,37.3
K,1,1,3,local,PBMC,2,3,No,CD8,59.7
K,1,1,3,local,PBMC,2,3,No,CD3_N,10.4
K,1,1,3,local,PBMC,2,3,No,CD4_N,6.5
K,1,1,3,local,PBMC,2,3,No,CD8_N,7.8
K,1,1,3,local,PBMC,2,3,No,CD3_CM,15
K,1,1,3,local,PBMC,2,3,No,CD4_CM,26.3
K,1,1,3,local,PBMC,2,3,No,CD8_CM,9.2
K,1,1,3,local,PBMC,2,3,No,CD3_EM,27.8
K,1,1,3,local,PBMC,2,3,No,CD4_EM,62.4
K,1,1,3,local,PBMC,2,3,No,CD8_EM,13.4
K,1,1,3,local,PBMC,2,3,No,CD3_TD,46.8
K,1,1,3,local,PBMC,2,3,No,CD4_TD,4.8
K,1,1,3,local,PBMC,2,3,No,CD8_TD,69.6
K,1,1,3,local,PBMC,3,1,No,CD3,67.8
K,1,1,3,local,PBMC,3,1,No,CD4,40.8
K,1,1,3,local,PBMC,3,1,No,CD8,48
K,1,1,3,local,PBMC,3,1,No,CD3_N,15.1
K,1,1,3,local,PBMC,3,1,No,CD4_N,21.7
K,1,1,3,local,PBMC,3,1,No,CD8_N,8.9
K,1,1,3,local,PBMC,3,1,No,CD3_CM,27
K,1,1,3,local,PBMC,3,1,No,CD4_CM,49.8
K,1,1,3,local,PBMC,3,1,No,CD8_CM,11.9
K,1,1,3,local,PBMC,3,1,No,CD3_EM,23.5
K,1,1,3,local,PBMC,3,1,No,CD4_EM,28.2
K,1,1,3,local,PBMC,3,1,No,CD8_EM,24
K,1,1,3,local,PBMC,3,1,No,CD3_TD,34.4
K,1,1,3,local,PBMC,3,1,No,CD4_TD,0.3
K,1,1,3,local,PBMC,3,1,No,CD8_TD,55.2
K,1,1,3,local,PBMC,3,2,No,CD3,70.3
K,1,1,3,local,PBMC,3,2,No,CD4,39.8
K,1,1,3,local,PBMC,3,2,No,CD8,48.5
K,1,1,3,local,PBMC,3,2,No,CD3_N,13.5
K,1,1,3,local,PBMC,3,2,No,CD4_N,19.5
K,1,1,3,local,PBMC,3,2,No,CD8_N,6.9
K,1,1,3,local,PBMC,3,2,No,CD3_CM,24.5
K,1,1,3,local,PBMC,3,2,No,CD4_CM,56.4
K,1,1,3,local,PBMC,3,2,No,CD8_CM,11.1
K,1,1,3,local,PBMC,3,2,No,CD3_EM,26.8
K,1,1,3,local,PBMC,3,2,No,CD4_EM,23.9
K,1,1,3,local,PBMC,3,2,No,CD8_EM,25.6
K,1,1,3,local,PBMC,3,2,No,CD3_TD,35.2
K,1,1,3,local,PBMC,3,2,No,CD4_TD,0.3
K,1,1,3,local,PBMC,3,2,No,CD8_TD,56.4
K,1,1,3,local,PBMC,3,3,No,CD3,63.7
K,1,1,3,local,PBMC,3,3,No,CD4,37.5
K,1,1,3,local,PBMC,3,3,No,CD8,48
K,1,1,3,local,PBMC,3,3,No,CD3_N,17
K,1,1,3,local,PBMC,3,3,No,CD4_N,27.2
K,1,1,3,local,PBMC,3,3,No,CD8_N,10.1
K,1,1,3,local,PBMC,3,3,No,CD3_CM,24.5
K,1,1,3,local,PBMC,3,3,No,CD4_CM,45.7
K,1,1,3,local,PBMC,3,3,No,CD8_CM,11.8
K,1,1,3,local,PBMC,3,3,No,CD3_EM,21.6
K,1,1,3,local,PBMC,3,3,No,CD4_EM,26.8
K,1,1,3,local,PBMC,3,3,No,CD8_EM,18.9
K,1,1,3,local,PBMC,3,3,No,CD3_TD,37
K,1,1,3,local,PBMC,3,3,No,CD4_TD,0.3
K,1,1,3,local,PBMC,3,3,No,CD8_TD,59.3
K,1,1,3,local,WB,1,1,No,CD3,57.5
K,1,1,3,local,WB,1,1,No,CD4,62.4
K,1,1,3,local,WB,1,1,No,CD8,34.5
K,1,1,3,local,WB,1,1,No,CD3_N,33.2
K,1,1,3,local,WB,1,1,No,CD4_N,32
K,1,1,3,local,WB,1,1,No,CD8_N,36.9
K,1,1,3,local,WB,1,1,No,CD3_CM,45.3
K,1,1,3,local,WB,1,1,No,CD4_CM,57.3
K,1,1,3,local,WB,1,1,No,CD8_CM,21.2
K,1,1,3,local,WB,1,1,No,CD3_EM,14
K,1,1,3,local,WB,1,1,No,CD4_EM,10.5
K,1,1,3,local,WB,1,1,No,CD8_EM,22.8
K,1,1,3,local,WB,1,1,No,CD3_TD,7.2
K,1,1,3,local,WB,1,1,No,CD4_TD,0.3
K,1,1,3,local,WB,1,1,No,CD8_TD,19.1
K,1,1,3,local,WB,1,2,No,CD3,57.3
K,1,1,3,local,WB,1,2,No,CD4,62.5
K,1,1,3,local,WB,1,2,No,CD8,34.1
K,1,1,3,local,WB,1,2,No,CD3_N,34.5
K,1,1,3,local,WB,1,2,No,CD4_N,33.5
K,1,1,3,local,WB,1,2,No,CD8_N,37.7
K,1,1,3,local,WB,1,2,No,CD3_CM,45.3
K,1,1,3,local,WB,1,2,No,CD4_CM,56.5
K,1,1,3,local,WB,1,2,No,CD8_CM,21.2
K,1,1,3,local,WB,1,2,No,CD3_EM,13.4
K,1,1,3,local,WB,1,2,No,CD4_EM,9.7
K,1,1,3,local,WB,1,2,No,CD8_EM,22.5
K,1,1,3,local,WB,1,2,No,CD3_TD,6.9
K,1,1,3,local,WB,1,2,No,CD4_TD,0.3
K,1,1,3,local,WB,1,2,No,CD8_TD,18.6
K,1,1,3,local,WB,1,3,No,CD3,57.1
K,1,1,3,local,WB,1,3,No,CD4,63.2
K,1,1,3,local,WB,1,3,No,CD8,33.6
K,1,1,3,local,WB,1,3,No,CD3_N,34.4
K,1,1,3,local,WB,1,3,No,CD4_N,33.4
K,1,1,3,local,WB,1,3,No,CD8_N,37.3
K,1,1,3,local,WB,1,3,No,CD3_CM,46.2
K,1,1,3,local,WB,1,3,No,CD4_CM,57.2
K,1,1,3,local,WB,1,3,No,CD8_CM,21.2
K,1,1,3,local,WB,1,3,No,CD3_EM,12.6
K,1,1,3,local,WB,1,3,No,CD4_EM,9
K,1,1,3,local,WB,1,3,No,CD8_EM,22.3
K,1,1,3,local,WB,1,3,No,CD3_TD,6.8
K,1,1,3,local,WB,1,3,No,CD4_TD,0.3
K,1,1,3,local,WB,1,3,No,CD8_TD,19.2
K,1,1,3,local,WB,2,1,No,CD3,67
K,1,1,3,local,WB,2,1,No,CD4,67.8
K,1,1,3,local,WB,2,1,No,CD8,26
K,1,1,3,local,WB,2,1,No,CD3_N,16.5
K,1,1,3,local,WB,2,1,No,CD4_N,17.7
K,1,1,3,local,WB,2,1,No,CD8_N,19.1
K,1,1,3,local,WB,2,1,No,CD3_CM,48
K,1,1,3,local,WB,2,1,No,CD4_CM,58.2
K,1,1,3,local,WB,2,1,No,CD8_CM,27
K,1,1,3,local,WB,2,1,No,CD3_EM,24.1
K,1,1,3,local,WB,2,1,No,CD4_EM,21
K,1,1,3,local,WB,2,1,No,CD8_EM,23.6
K,1,1,3,local,WB,2,1,No,CD3_TD,11.4
K,1,1,3,local,WB,2,1,No,CD4_TD,3.2
K,1,1,3,local,WB,2,1,No,CD8_TD,30.4
K,1,1,3,local,WB,2,2,No,CD3,66.6
K,1,1,3,local,WB,2,2,No,CD4,68.4
K,1,1,3,local,WB,2,2,No,CD8,25.3
K,1,1,3,local,WB,2,2,No,CD3_N,16.9
K,1,1,3,local,WB,2,2,No,CD4_N,18.1
K,1,1,3,local,WB,2,2,No,CD8_N,19.6
K,1,1,3,local,WB,2,2,No,CD3_CM,47.7
K,1,1,3,local,WB,2,2,No,CD4_CM,58.3
K,1,1,3,local,WB,2,2,No,CD8_CM,24.9
K,1,1,3,local,WB,2,2,No,CD3_EM,24.1
K,1,1,3,local,WB,2,2,No,CD4_EM,20.8
K,1,1,3,local,WB,2,2,No,CD8_EM,24.4
K,1,1,3,local,WB,2,2,No,CD3_TD,11.3
K,1,1,3,local,WB,2,2,No,CD4_TD,2.8
K,1,1,3,local,WB,2,2,No,CD8_TD,31.1
K,1,1,3,local,WB,2,3,No,CD3,66.3
K,1,1,3,local,WB,2,3,No,CD4,68.1
K,1,1,3,local,WB,2,3,No,CD8,25.4
K,1,1,3,local,WB,2,3,No,CD3_N,18.1
K,1,1,3,local,WB,2,3,No,CD4_N,18.3
K,1,1,3,local,WB,2,3,No,CD8_N,21.3
K,1,1,3,local,WB,2,3,No,CD3_CM,49.7
K,1,1,3,local,WB,2,3,No,CD4_CM,60
K,1,1,3,local,WB,2,3,No,CD8_CM,26
K,1,1,3,local,WB,2,3,No,CD3_EM,21.9
K,1,1,3,local,WB,2,3,No,CD4_EM,18.8
K,1,1,3,local,WB,2,3,No,CD8_EM,24.1
K,1,1,3,local,WB,2,3,No,CD3_TD,10.3
K,1,1,3,local,WB,2,3,No,CD4_TD,2.9
K,1,1,3,local,WB,2,3,No,CD8_TD,28.6
K,1,1,3,local,WB,3,1,No,CD3,58.3
K,1,1,3,local,WB,3,1,No,CD4,65.7
K,1,1,3,local,WB,3,1,No,CD8,27.9
K,1,1,3,local,WB,3,1,No,CD3_N,20.2
K,1,1,3,local,WB,3,1,No,CD4_N,15.5
K,1,1,3,local,WB,3,1,No,CD8_N,33.9
K,1,1,3,local,WB,3,1,No,CD3_CM,49.7
K,1,1,3,local,WB,3,1,No,CD4_CM,64.3
K,1,1,3,local,WB,3,1,No,CD8_CM,21.7
K,1,1,3,local,WB,3,1,No,CD3_EM,13.5
K,1,1,3,local,WB,3,1,No,CD4_EM,12.8
K,1,1,3,local,WB,3,1,No,CD8_EM,15.6
K,1,1,3,local,WB,3,1,No,CD3_TD,16.6
K,1,1,3,local,WB,3,1,No,CD4_TD,7.4
K,1,1,3,local,WB,3,1,No,CD8_TD,28.8
K,1,1,3,local,WB,3,2,No,CD3,59
K,1,1,3,local,WB,3,2,No,CD4,65.8
K,1,1,3,local,WB,3,2,No,CD8,27.8
K,1,1,3,local,WB,3,2,No,CD3_N,20.1
K,1,1,3,local,WB,3,2,No,CD4_N,15.3
K,1,1,3,local,WB,3,2,No,CD8_N,33.9
K,1,1,3,local,WB,3,2,No,CD3_CM,51.2
K,1,1,3,local,WB,3,2,No,CD4_CM,65.5
K,1,1,3,local,WB,3,2,No,CD8_CM,23.3
K,1,1,3,local,WB,3,2,No,CD3_EM,12.4
K,1,1,3,local,WB,3,2,No,CD4_EM,11.9
K,1,1,3,local,WB,3,2,No,CD8_EM,14.9
K,1,1,3,local,WB,3,2,No,CD3_TD,16.3
K,1,1,3,local,WB,3,2,No,CD4_TD,7.3
K,1,1,3,local,WB,3,2,No,CD8_TD,27.9
K,1,1,3,local,WB,3,3,No,CD3,58.1
K,1,1,3,local,WB,3,3,No,CD4,66.1
K,1,1,3,local,WB,3,3,No,CD8,27.6
K,1,1,3,local,WB,3,3,No,CD3_N,20.5
K,1,1,3,local,WB,3,3,No,CD4_N,15.5
K,1,1,3,local,WB,3,3,No,CD8_N,34.3
K,1,1,3,local,WB,3,3,No,CD3_CM,50.6
K,1,1,3,local,WB,3,3,No,CD4_CM,64.7
K,1,1,3,local,WB,3,3,No,CD8_CM,22.8
K,1,1,3,local,WB,3,3,No,CD3_EM,12.6
K,1,1,3,local,WB,3,3,No,CD4_EM,12.3
K,1,1,3,local,WB,3,3,No,CD8_EM,14.7
K,1,1,3,local,WB,3,3,No,CD3_TD,16.4
K,1,1,3,local,WB,3,3,No,CD4_TD,7.5
K,1,1,3,local,WB,3,3,No,CD8_TD,28.1
L,4,5,3,centr,PBMC,1,1,No,CD3,74.46
L,4,5,3,centr,PBMC,1,1,No,CD4,42.64
L,4,5,3,centr,PBMC,1,1,No,CD8,51.67
L,4,5,3,centr,PBMC,1,1,No,CD3_N,12.86
L,4,5,3,centr,PBMC,1,1,No,CD4_N,19.08
L,4,5,3,centr,PBMC,1,1,No,CD8_N,4.21
L,4,5,3,centr,PBMC,1,1,No,CD3_CM,17.32
L,4,5,3,centr,PBMC,1,1,No,CD4_CM,37.09
L,4,5,3,centr,PBMC,1,1,No,CD8_CM,7.29
L,4,5,3,centr,PBMC,1,1,No,CD3_EM,31.73
L,4,5,3,centr,PBMC,1,1,No,CD4_EM,40.14
L,4,5,3,centr,PBMC,1,1,No,CD8_EM,56.12
L,4,5,3,centr,PBMC,1,1,No,CD3_TD,38.09
L,4,5,3,centr,PBMC,1,1,No,CD4_TD,3.69
L,4,5,3,centr,PBMC,1,1,No,CD8_TD,32.38
L,4,5,3,centr,PBMC,1,2,No,CD3,81.34
L,4,5,3,centr,PBMC,1,2,No,CD4,51.22
L,4,5,3,centr,PBMC,1,2,No,CD8,44.17
L,4,5,3,centr,PBMC,1,2,No,CD3_N,18.79
L,4,5,3,centr,PBMC,1,2,No,CD4_N,24.58
L,4,5,3,centr,PBMC,1,2,No,CD8_N,7.02
L,4,5,3,centr,PBMC,1,2,No,CD3_CM,19.07
L,4,5,3,centr,PBMC,1,2,No,CD4_CM,38.94
L,4,5,3,centr,PBMC,1,2,No,CD8_CM,7.17
L,4,5,3,centr,PBMC,1,2,No,CD3_EM,26.42
L,4,5,3,centr,PBMC,1,2,No,CD4_EM,34.28
L,4,5,3,centr,PBMC,1,2,No,CD8_EM,41.77
L,4,5,3,centr,PBMC,1,2,No,CD3_TD,35.71
L,4,5,3,centr,PBMC,1,2,No,CD4_TD,2.2
L,4,5,3,centr,PBMC,1,2,No,CD8_TD,44.04
L,4,5,3,centr,PBMC,1,3,No,CD3,79.19
L,4,5,3,centr,PBMC,1,3,No,CD4,44.08
L,4,5,3,centr,PBMC,1,3,No,CD8,50.8
L,4,5,3,centr,PBMC,1,3,No,CD3_N,16.3
L,4,5,3,centr,PBMC,1,3,No,CD4_N,26.06
L,4,5,3,centr,PBMC,1,3,No,CD8_N,4.84
L,4,5,3,centr,PBMC,1,3,No,CD3_CM,14.12
L,4,5,3,centr,PBMC,1,3,No,CD4_CM,37.89
L,4,5,3,centr,PBMC,1,3,No,CD8_CM,5.75
L,4,5,3,centr,PBMC,1,3,No,CD3_EM,24.23
L,4,5,3,centr,PBMC,1,3,No,CD4_EM,33.13
L,4,5,3,centr,PBMC,1,3,No,CD8_EM,42.6
L,4,5,3,centr,PBMC,1,3,No,CD3_TD,45.35
L,4,5,3,centr,PBMC,1,3,No,CD4_TD,2.92
L,4,5,3,centr,PBMC,1,3,No,CD8_TD,46.81
L,4,5,3,centr,PBMC,2,1,No,CD3,87.27
L,4,5,3,centr,PBMC,2,1,No,CD4,40.29
L,4,5,3,centr,PBMC,2,1,No,CD8,56.46
L,4,5,3,centr,PBMC,2,1,No,CD3_N,6.51
L,4,5,3,centr,PBMC,2,1,No,CD4_N,5.72
L,4,5,3,centr,PBMC,2,1,No,CD8_N,4.3
L,4,5,3,centr,PBMC,2,1,No,CD3_CM,13.33
L,4,5,3,centr,PBMC,2,1,No,CD4_CM,26.33
L,4,5,3,centr,PBMC,2,1,No,CD8_CM,7.34
L,4,5,3,centr,PBMC,2,1,No,CD3_EM,38.33
L,4,5,3,centr,PBMC,2,1,No,CD4_EM,64.84
L,4,5,3,centr,PBMC,2,1,No,CD8_EM,32.89
L,4,5,3,centr,PBMC,2,1,No,CD3_TD,41.82
L,4,5,3,centr,PBMC,2,1,No,CD4_TD,3.1
L,4,5,3,centr,PBMC,2,1,No,CD8_TD,55.46
L,4,5,3,centr,PBMC,2,2,No,CD3,89.14
L,4,5,3,centr,PBMC,2,2,No,CD4,43.78
L,4,5,3,centr,PBMC,2,2,No,CD8,53.3
L,4,5,3,centr,PBMC,2,2,No,CD3_N,5.86
L,4,5,3,centr,PBMC,2,2,No,CD4_N,7.81
L,4,5,3,centr,PBMC,2,2,No,CD8_N,6.71
L,4,5,3,centr,PBMC,2,2,No,CD3_CM,9.73
L,4,5,3,centr,PBMC,2,2,No,CD4_CM,31.45
L,4,5,3,centr,PBMC,2,2,No,CD8_CM,6.96
L,4,5,3,centr,PBMC,2,2,No,CD3_EM,41.42
L,4,5,3,centr,PBMC,2,2,No,CD4_EM,58.74
L,4,5,3,centr,PBMC,2,2,No,CD8_EM,24.51
L,4,5,3,centr,PBMC,2,2,No,CD3_TD,42.99
L,4,5,3,centr,PBMC,2,2,No,CD4_TD,2
L,4,5,3,centr,PBMC,2,2,No,CD8_TD,61.82
L,4,5,3,centr,PBMC,2,3,No,CD3,89.57
L,4,5,3,centr,PBMC,2,3,No,CD4,40.13
L,4,5,3,centr,PBMC,2,3,No,CD8,56.89
L,4,5,3,centr,PBMC,2,3,No,CD3_N,6.99
L,4,5,3,centr,PBMC,2,3,No,CD4_N,8.31
L,4,5,3,centr,PBMC,2,3,No,CD8_N,3.2
L,4,5,3,centr,PBMC,2,3,No,CD3_CM,10.6
L,4,5,3,centr,PBMC,2,3,No,CD4_CM,25.14
L,4,5,3,centr,PBMC,2,3,No,CD8_CM,4.57
L,4,5,3,centr,PBMC,2,3,No,CD3_EM,31.6
L,4,5,3,centr,PBMC,2,3,No,CD4_EM,62.81
L,4,5,3,centr,PBMC,2,3,No,CD8_EM,19.56
L,4,5,3,centr,PBMC,2,3,No,CD3_TD,50.81
L,4,5,3,centr,PBMC,2,3,No,CD4_TD,3.74
L,4,5,3,centr,PBMC,2,3,No,CD8_TD,72.67
L,4,5,3,centr,PBMC,3,1,No,CD3,75.14
L,4,5,3,centr,PBMC,3,1,No,CD4,45.3
L,4,5,3,centr,PBMC,3,1,No,CD8,46.35
L,4,5,3,centr,PBMC,3,1,No,CD3_N,14.04
L,4,5,3,centr,PBMC,3,1,No,CD4_N,18.81
L,4,5,3,centr,PBMC,3,1,No,CD8_N,7.05
L,4,5,3,centr,PBMC,3,1,No,CD3_CM,23.01
L,4,5,3,centr,PBMC,3,1,No,CD4_CM,46.4
L,4,5,3,centr,PBMC,3,1,No,CD8_CM,8.24
L,4,5,3,centr,PBMC,3,1,No,CD3_EM,28.85
L,4,5,3,centr,PBMC,3,1,No,CD4_EM,34.07
L,4,5,3,centr,PBMC,3,1,No,CD8_EM,35.21
L,4,5,3,centr,PBMC,3,1,No,CD3_TD,34.09
L,4,5,3,centr,PBMC,3,1,No,CD4_TD,0.72
L,4,5,3,centr,PBMC,3,1,No,CD8_TD,49.5
L,4,5,3,centr,PBMC,3,2,No,CD3,79.55
L,4,5,3,centr,PBMC,3,2,No,CD4,54.45
L,4,5,3,centr,PBMC,3,2,No,CD8,37.85
L,4,5,3,centr,PBMC,3,2,No,CD3_N,17.17
L,4,5,3,centr,PBMC,3,2,No,CD4_N,22.14
L,4,5,3,centr,PBMC,3,2,No,CD8_N,8.51
L,4,5,3,centr,PBMC,3,2,No,CD3_CM,22.33
L,4,5,3,centr,PBMC,3,2,No,CD4_CM,51.6
L,4,5,3,centr,PBMC,3,2,No,CD8_CM,6.94
L,4,5,3,centr,PBMC,3,2,No,CD3_EM,29.83
L,4,5,3,centr,PBMC,3,2,No,CD4_EM,25.88
L,4,5,3,centr,PBMC,3,2,No,CD8_EM,30.99
L,4,5,3,centr,PBMC,3,2,No,CD3_TD,30.67
L,4,5,3,centr,PBMC,3,2,No,CD4_TD,0.38
L,4,5,3,centr,PBMC,3,2,No,CD8_TD,53.56
L,4,5,3,centr,PBMC,3,3,No,CD3,79.41
L,4,5,3,centr,PBMC,3,3,No,CD4,45.81
L,4,5,3,centr,PBMC,3,3,No,CD8,45.69
L,4,5,3,centr,PBMC,3,3,No,CD3_N,20.57
L,4,5,3,centr,PBMC,3,3,No,CD4_N,27.56
L,4,5,3,centr,PBMC,3,3,No,CD8_N,8.52
L,4,5,3,centr,PBMC,3,3,No,CD3_CM,18.61
L,4,5,3,centr,PBMC,3,3,No,CD4_CM,46.37
L,4,5,3,centr,PBMC,3,3,No,CD8_CM,7.75
L,4,5,3,centr,PBMC,3,3,No,CD3_EM,20.06
L,4,5,3,centr,PBMC,3,3,No,CD4_EM,25.64
L,4,5,3,centr,PBMC,3,3,No,CD8_EM,25.55
L,4,5,3,centr,PBMC,3,3,No,CD3_TD,40.76
L,4,5,3,centr,PBMC,3,3,No,CD4_TD,0.43
L,4,5,3,centr,PBMC,3,3,No,CD8_TD,58.17
L,4,5,3,centr,WB,1,1,No,CD3,56.71
L,4,5,3,centr,WB,1,1,No,CD4,63.58
L,4,5,3,centr,WB,1,1,No,CD8,33.25
L,4,5,3,centr,WB,1,1,No,CD3_N,37.24
L,4,5,3,centr,WB,1,1,No,CD4_N,38.09
L,4,5,3,centr,WB,1,1,No,CD8_N,38.96
L,4,5,3,centr,WB,1,1,No,CD3_CM,39.49
L,4,5,3,centr,WB,1,1,No,CD4_CM,52.53
L,4,5,3,centr,WB,1,1,No,CD8_CM,18.71
L,4,5,3,centr,WB,1,1,No,CD3_EM,17.21
L,4,5,3,centr,WB,1,1,No,CD4_EM,9.1
L,4,5,3,centr,WB,1,1,No,CD8_EM,26.01
L,4,5,3,centr,WB,1,1,No,CD3_TD,6.05
L,4,5,3,centr,WB,1,1,No,CD4_TD,0.28
L,4,5,3,centr,WB,1,1,No,CD8_TD,16.31
L,4,5,3,centr,WB,1,2,Yes,CD3,55.97
L,4,5,3,centr,WB,1,2,Yes,CD4,63.87
L,4,5,3,centr,WB,1,2,Yes,CD8,33.24
L,4,5,3,centr,WB,1,2,Yes,CD3_N,0.01
L,4,5,3,centr,WB,1,2,Yes,CD4_N,0.01
L,4,5,3,centr,WB,1,2,Yes,CD8_N,0.01
L,4,5,3,centr,WB,1,2,Yes,CD3_CM,0.03
L,4,5,3,centr,WB,1,2,Yes,CD4_CM,0.01
L,4,5,3,centr,WB,1,2,Yes,CD8_CM,0.07
L,4,5,3,centr,WB,1,2,Yes,CD3_EM,95.85
L,4,5,3,centr,WB,1,2,Yes,CD4_EM,99.76
L,4,5,3,centr,WB,1,2,Yes,CD8_EM,90.67
L,4,5,3,centr,WB,1,2,Yes,CD3_TD,4.1
L,4,5,3,centr,WB,1,2,Yes,CD4_TD,0.22
L,4,5,3,centr,WB,1,2,Yes,CD8_TD,9.25
L,4,5,3,centr,WB,1,3,No,CD3,57.31
L,4,5,3,centr,WB,1,3,No,CD4,63.37
L,4,5,3,centr,WB,1,3,No,CD8,33.3
L,4,5,3,centr,WB,1,3,No,CD3_N,41.92
L,4,5,3,centr,WB,1,3,No,CD4_N,52.78
L,4,5,3,centr,WB,1,3,No,CD8_N,39.11
L,4,5,3,centr,WB,1,3,No,CD3_CM,33.47
L,4,5,3,centr,WB,1,3,No,CD4_CM,38.59
L,4,5,3,centr,WB,1,3,No,CD8_CM,18.36
L,4,5,3,centr,WB,1,3,No,CD3_EM,18.64
L,4,5,3,centr,WB,1,3,No,CD4_EM,7.85
L,4,5,3,centr,WB,1,3,No,CD8_EM,27.62
L,4,5,3,centr,WB,1,3,No,CD3_TD,5.97
L,4,5,3,centr,WB,1,3,No,CD4_TD,0.78
L,4,5,3,centr,WB,1,3,No,CD8_TD,14.92
L,4,5,3,centr,WB,2,1,No,CD3,69.64
L,4,5,3,centr,WB,2,1,No,CD4,68.81
L,4,5,3,centr,WB,2,1,No,CD8,25.07
L,4,5,3,centr,WB,2,1,No,CD3_N,19.58
L,4,5,3,centr,WB,2,1,No,CD4_N,21.4
L,4,5,3,centr,WB,2,1,No,CD8_N,19.27
L,4,5,3,centr,WB,2,1,No,CD3_CM,45.79
L,4,5,3,centr,WB,2,1,No,CD4_CM,56.16
L,4,5,3,centr,WB,2,1,No,CD8_CM,24.31
L,4,5,3,centr,WB,2,1,No,CD3_EM,24.11
L,4,5,3,centr,WB,2,1,No,CD4_EM,19.61
L,4,5,3,centr,WB,2,1,No,CD8_EM,30
L,4,5,3,centr,WB,2,1,No,CD3_TD,10.51
L,4,5,3,centr,WB,2,1,No,CD4_TD,2.84
L,4,5,3,centr,WB,2,1,No,CD8_TD,26.42
L,4,5,3,centr,WB,2,2,No,CD3,68.68
L,4,5,3,centr,WB,2,2,No,CD4,68.85
L,4,5,3,centr,WB,2,2,No,CD8,25.12
L,4,5,3,centr,WB,2,2,No,CD3_N,15.74
L,4,5,3,centr,WB,2,2,No,CD4_N,16.63
L,4,5,3,centr,WB,2,2,No,CD8_N,16.84
L,4,5,3,centr,WB,2,2,No,CD3_CM,47.02
L,4,5,3,centr,WB,2,2,No,CD4_CM,58.18
L,4,5,3,centr,WB,2,2,No,CD8_CM,24.54
L,4,5,3,centr,WB,2,2,No,CD3_EM,27.88
L,4,5,3,centr,WB,2,2,No,CD4_EM,23.3
L,4,5,3,centr,WB,2,2,No,CD8_EM,33.31
L,4,5,3,centr,WB,2,2,No,CD3_TD,9.36
L,4,5,3,centr,WB,2,2,No,CD4_TD,1.88
L,4,5,3,centr,WB,2,2,No,CD8_TD,25.31
L,4,5,3,centr,WB,2,3,Yes,CD3,60.96
L,4,5,3,centr,WB,2,3,Yes,CD4,66.75
L,4,5,3,centr,WB,2,3,Yes,CD8,25.81
L,4,5,3,centr,WB,2,3,Yes,CD3_N,0.04
L,4,5,3,centr,WB,2,3,Yes,CD4_N,0.04
L,4,5,3,centr,WB,2,3,Yes,CD8_N,0.05
L,4,5,3,centr,WB,2,3,Yes,CD3_CM,0.02
L,4,5,3,centr,WB,2,3,Yes,CD4_CM,0.01
L,4,5,3,centr,WB,2,3,Yes,CD8_CM,0.03
L,4,5,3,centr,WB,2,3,Yes,CD3_EM,94.84
L,4,5,3,centr,WB,2,3,Yes,CD4_EM,97.86
L,4,5,3,centr,WB,2,3,Yes,CD8_EM,89.77
L,4,5,3,centr,WB,2,3,Yes,CD3_TD,5.1
L,4,5,3,centr,WB,2,3,Yes,CD4_TD,2.1
L,4,5,3,centr,WB,2,3,Yes,CD8_TD,10.15
L,4,5,3,centr,WB,3,1,No,CD3,61.55
L,4,5,3,centr,WB,3,1,No,CD4,67.05
L,4,5,3,centr,WB,3,1,No,CD8,26.84
L,4,5,3,centr,WB,3,1,No,CD3_N,20.75
L,4,5,3,centr,WB,3,1,No,CD4_N,16.59
L,4,5,3,centr,WB,3,1,No,CD8_N,34.27
L,4,5,3,centr,WB,3,1,No,CD3_CM,46.98
L,4,5,3,centr,WB,3,1,No,CD4_CM,61.2
L,4,5,3,centr,WB,3,1,No,CD8_CM,19.58
L,4,5,3,centr,WB,3,1,No,CD3_EM,15.96
L,4,5,3,centr,WB,3,1,No,CD4_EM,15.27
L,4,5,3,centr,WB,3,1,No,CD8_EM,15.87
L,4,5,3,centr,WB,3,1,No,CD3_TD,16.31
L,4,5,3,centr,WB,3,1,No,CD4_TD,6.94
L,4,5,3,centr,WB,3,1,No,CD8_TD,30.28
L,4,5,3,centr,WB,3,2,No,CD3,57.06
L,4,5,3,centr,WB,3,2,No,CD4,65.57
L,4,5,3,centr,WB,3,2,No,CD8,28.15
L,4,5,3,centr,WB,3,2,No,CD3_N,21.85
L,4,5,3,centr,WB,3,2,No,CD4_N,17.17
L,4,5,3,centr,WB,3,2,No,CD8_N,36.78
L,4,5,3,centr,WB,3,2,No,CD3_CM,44.96
L,4,5,3,centr,WB,3,2,No,CD4_CM,59.9
L,4,5,3,centr,WB,3,2,No,CD8_CM,17.73
L,4,5,3,centr,WB,3,2,No,CD3_EM,15.41
L,4,5,3,centr,WB,3,2,No,CD4_EM,15.34
L,4,5,3,centr,WB,3,2,No,CD8_EM,13.67
L,4,5,3,centr,WB,3,2,No,CD3_TD,17.78
L,4,5,3,centr,WB,3,2,No,CD4_TD,7.6
L,4,5,3,centr,WB,3,2,No,CD8_TD,31.81
L,4,5,3,centr,WB,3,3,No,CD3,53.68
L,4,5,3,centr,WB,3,3,No,CD4,64.39
L,4,5,3,centr,WB,3,3,No,CD8,29.09
L,4,5,3,centr,WB,3,3,No,CD3_N,20.9
L,4,5,3,centr,WB,3,3,No,CD4_N,16.1
L,4,5,3,centr,WB,3,3,No,CD8_N,35.08
L,4,5,3,centr,WB,3,3,No,CD3_CM,43.35
L,4,5,3,centr,WB,3,3,No,CD4_CM,58.93
L,4,5,3,centr,WB,3,3,No,CD8_CM,17.38
L,4,5,3,centr,WB,3,3,No,CD3_EM,17.2
L,4,5,3,centr,WB,3,3,No,CD4_EM,17.28
L,4,5,3,centr,WB,3,3,No,CD8_EM,15.7
L,4,5,3,centr,WB,3,3,No,CD3_TD,18.54
L,4,5,3,centr,WB,3,3,No,CD4_TD,7.68
L,4,5,3,centr,WB,3,3,No,CD8_TD,31.84
L,4,5,3,local,PBMC,1,1,No,CD3,80
L,4,5,3,local,PBMC,1,1,No,CD4,42
L,4,5,3,local,PBMC,1,1,No,CD8,52
L,4,5,3,local,PBMC,1,1,No,CD3_N,8.7
L,4,5,3,local,PBMC,1,1,No,CD4_N,18
L,4,5,3,local,PBMC,1,1,No,CD8_N,2.1
L,4,5,3,local,PBMC,1,1,No,CD3_CM,23
L,4,5,3,local,PBMC,1,1,No,CD4_CM,46
L,4,5,3,local,PBMC,1,1,No,CD8_CM,0.62
L,4,5,3,local,PBMC,1,1,No,CD3_EM,42
L,4,5,3,local,PBMC,1,1,No,CD4_EM,33
L,4,5,3,local,PBMC,1,1,No,CD8_EM,55
L,4,5,3,local,PBMC,1,1,No,CD3_TD,24
L,4,5,3,local,PBMC,1,1,No,CD4_TD,2.3
L,4,5,3,local,PBMC,1,1,No,CD8_TD,36
L,4,5,3,local,PBMC,1,2,No,CD3,81
L,4,5,3,local,PBMC,1,2,No,CD4,53
L,4,5,3,local,PBMC,1,2,No,CD8,43
L,4,5,3,local,PBMC,1,2,No,CD3_N,13
L,4,5,3,local,PBMC,1,2,No,CD4_N,24
L,4,5,3,local,PBMC,1,2,No,CD8_N,4
L,4,5,3,local,PBMC,1,2,No,CD3_CM,32
L,4,5,3,local,PBMC,1,2,No,CD4_CM,63
L,4,5,3,local,PBMC,1,2,No,CD8_CM,7.2
L,4,5,3,local,PBMC,1,2,No,CD3_EM,32
L,4,5,3,local,PBMC,1,2,No,CD4_EM,11
L,4,5,3,local,PBMC,1,2,No,CD8_EM,49
L,4,5,3,local,PBMC,1,2,No,CD3_TD,19
L,4,5,3,local,PBMC,1,2,No,CD4_TD,1.2
L,4,5,3,local,PBMC,1,2,No,CD8_TD,38
L,4,5,3,local,PBMC,1,3,No,CD3,78
L,4,5,3,local,PBMC,1,3,No,CD4,45
L,4,5,3,local,PBMC,1,3,No,CD8,51
L,4,5,3,local,PBMC,1,3,No,CD3_N,13
L,4,5,3,local,PBMC,1,3,No,CD4_N,26
L,4,5,3,local,PBMC,1,3,No,CD8_N,3.3
L,4,5,3,local,PBMC,1,3,No,CD3_CM,27
L,4,5,3,local,PBMC,1,3,No,CD4_CM,52
L,4,5,3,local,PBMC,1,3,No,CD8_CM,6.7
L,4,5,3,local,PBMC,1,3,No,CD3_EM,27
L,4,5,3,local,PBMC,1,3,No,CD4_EM,20
L,4,5,3,local,PBMC,1,3,No,CD8_EM,42
L,4,5,3,local,PBMC,1,3,No,CD3_TD,29
L,4,5,3,local,PBMC,1,3,No,CD4_TD,2.8
L,4,5,3,local,PBMC,1,3,No,CD8_TD,48
L,4,5,3,local,PBMC,2,1,No,CD3,91
L,4,5,3,local,PBMC,2,1,No,CD4,41
L,4,5,3,local,PBMC,2,1,No,CD8,56
L,4,5,3,local,PBMC,2,1,No,CD3_N,3.8
L,4,5,3,local,PBMC,2,1,No,CD4_N,4.8
L,4,5,3,local,PBMC,2,1,No,CD8_N,1.9
L,4,5,3,local,PBMC,2,1,No,CD3_CM,15
L,4,5,3,local,PBMC,2,1,No,CD4_CM,26
L,4,5,3,local,PBMC,2,1,No,CD8_CM,8.1
L,4,5,3,local,PBMC,2,1,No,CD3_EM,44
L,4,5,3,local,PBMC,2,1,No,CD4_EM,66
L,4,5,3,local,PBMC,2,1,No,CD8_EM,26
L,4,5,3,local,PBMC,2,1,No,CD3_TD,37
L,4,5,3,local,PBMC,2,1,No,CD4_TD,2
L,4,5,3,local,PBMC,2,1,No,CD8_TD,62
L,4,5,3,local,PBMC,2,2,No,CD3,91
L,4,5,3,local,PBMC,2,2,No,CD4,47
L,4,5,3,local,PBMC,2,2,No,CD8,52
L,4,5,3,local,PBMC,2,2,No,CD3_N,4
L,4,5,3,local,PBMC,2,2,No,CD4_N,7.9
L,4,5,3,local,PBMC,2,2,No,CD8_N,2.7
L,4,5,3,local,PBMC,2,2,No,CD3_CM,20
L,4,5,3,local,PBMC,2,2,No,CD4_CM,35
L,4,5,3,local,PBMC,2,2,No,CD8_CM,11
L,4,5,3,local,PBMC,2,2,No,CD3_EM,37
L,4,5,3,local,PBMC,2,2,No,CD4_EM,55
L,4,5,3,local,PBMC,2,2,No,CD8_EM,22
L,4,5,3,local,PBMC,2,2,No,CD3_TD,35
L,4,5,3,local,PBMC,2,2,No,CD4_TD,1.3
L,4,5,3,local,PBMC,2,2,No,CD8_TD,62
L,4,5,3,local,PBMC,2,3,No,CD3,90
L,4,5,3,local,PBMC,2,3,No,CD4,39
L,4,5,3,local,PBMC,2,3,No,CD8,59
L,4,5,3,local,PBMC,2,3,No,CD3_N,4.5
L,4,5,3,local,PBMC,2,3,No,CD4_N,7.7
L,4,5,3,local,PBMC,2,3,No,CD8_N,2.6
L,4,5,3,local,PBMC,2,3,No,CD3_CM,16
L,4,5,3,local,PBMC,2,3,No,CD4_CM,24
L,4,5,3,local,PBMC,2,3,No,CD8_CM,8.6
L,4,5,3,local,PBMC,2,3,No,CD3_EM,31
L,4,5,3,local,PBMC,2,3,No,CD4_EM,61
L,4,5,3,local,PBMC,2,3,No,CD8_EM,11
L,4,5,3,local,PBMC,2,3,No,CD3_TD,47
L,4,5,3,local,PBMC,2,3,No,CD4_TD,3.7
L,4,5,3,local,PBMC,2,3,No,CD8_TD,73
L,4,5,3,local,PBMC,3,1,No,CD3,77
L,4,5,3,local,PBMC,3,1,No,CD4,45
L,4,5,3,local,PBMC,3,1,No,CD8,45
L,4,5,3,local,PBMC,3,1,No,CD3_N,10
L,4,5,3,local,PBMC,3,1,No,CD4_N,17
L,4,5,3,local,PBMC,3,1,No,CD8_N,5.7
L,4,5,3,local,PBMC,3,1,No,CD3_CM,34
L,4,5,3,local,PBMC,3,1,No,CD4_CM,59
L,4,5,3,local,PBMC,3,1,No,CD8_CM,15
L,4,5,3,local,PBMC,3,1,No,CD3_EM,28
L,4,5,3,local,PBMC,3,1,No,CD4_EM,22
L,4,5,3,local,PBMC,3,1,No,CD8_EM,30
L,4,5,3,local,PBMC,3,1,No,CD3_TD,28
L,4,5,3,local,PBMC,3,1,No,CD4_TD,0.15
L,4,5,3,local,PBMC,3,1,No,CD8_TD,49
L,4,5,3,local,PBMC,3,2,No,CD3,80
L,4,5,3,local,PBMC,3,2,No,CD4,59
L,4,5,3,local,PBMC,3,2,No,CD8,34
L,4,5,3,local,PBMC,3,2,No,CD3_N,15
L,4,5,3,local,PBMC,3,2,No,CD4_N,22
L,4,5,3,local,PBMC,3,2,No,CD8_N,8.1
L,4,5,3,local,PBMC,3,2,No,CD3_CM,48
L,4,5,3,local,PBMC,3,2,No,CD4_CM,74
L,4,5,3,local,PBMC,3,2,No,CD8_CM,10
L,4,5,3,local,PBMC,3,2,No,CD3_EM,13
L,4,5,3,local,PBMC,3,2,No,CD4_EM,3.9
L,4,5,3,local,PBMC,3,2,No,CD8_EM,27
L,4,5,3,local,PBMC,3,2,No,CD3_TD,22
L,4,5,3,local,PBMC,3,2,No,CD4_TD,0.14
L,4,5,3,local,PBMC,3,2,No,CD8_TD,53
L,4,5,3,local,PBMC,3,3,No,CD3,78
L,4,5,3,local,PBMC,3,3,No,CD4,44
L,4,5,3,local,PBMC,3,3,No,CD8,46
L,4,5,3,local,PBMC,3,3,No,CD3_N,16
L,4,5,3,local,PBMC,3,3,No,CD4_N,28
L,4,5,3,local,PBMC,3,3,No,CD8_N,5.7
L,4,5,3,local,PBMC,3,3,No,CD3_CM,35
L,4,5,3,local,PBMC,3,3,No,CD4_CM,58
L,4,5,3,local,PBMC,3,3,No,CD8_CM,0.92
L,4,5,3,local,PBMC,3,3,No,CD3_EM,13
L,4,5,3,local,PBMC,3,3,No,CD4_EM,13
L,4,5,3,local,PBMC,3,3,No,CD8_EM,31
L,4,5,3,local,PBMC,3,3,No,CD3_TD,35
L,4,5,3,local,PBMC,3,3,No,CD4_TD,0.16
L,4,5,3,local,PBMC,3,3,No,CD8_TD,57
L,4,5,3,local,WB,1,1,No,CD3,26
L,4,5,3,local,WB,1,1,No,CD4,85
L,4,5,3,local,WB,1,1,No,CD8,11
L,4,5,3,local,WB,1,1,No,CD3_N,11
L,4,5,3,local,WB,1,1,No,CD4_N,6.3
L,4,5,3,local,WB,1,1,No,CD8_N,46
L,4,5,3,local,WB,1,1,No,CD3_CM,61
L,4,5,3,local,WB,1,1,No,CD4_CM,69
L,4,5,3,local,WB,1,1,No,CD8_CM,16
L,4,5,3,local,WB,1,1,No,CD3_EM,27
L,4,5,3,local,WB,1,1,No,CD4_EM,25
L,4,5,3,local,WB,1,1,No,CD8_EM,30
L,4,5,3,local,WB,1,1,No,CD3_TD,1.1
L,4,5,3,local,WB,1,1,No,CD4_TD,0.1
L,4,5,3,local,WB,1,1,No,CD8_TD,7.8
L,4,5,3,local,WB,1,2,Yes,CD3,35
L,4,5,3,local,WB,1,2,Yes,CD4,78
L,4,5,3,local,WB,1,2,Yes,CD8,18
L,4,5,3,local,WB,1,2,Yes,CD3_N,1.6
L,4,5,3,local,WB,1,2,Yes,CD4_N,2
L,4,5,3,local,WB,1,2,Yes,CD8_N,0.14
L,4,5,3,local,WB,1,2,Yes,CD3_CM,0.87
L,4,5,3,local,WB,1,2,Yes,CD4_CM,0.77
L,4,5,3,local,WB,1,2,Yes,CD8_CM,0.66
L,4,5,3,local,WB,1,2,Yes,CD3_EM,91
L,4,5,3,local,WB,1,2,Yes,CD4_EM,92
L,4,5,3,local,WB,1,2,Yes,CD8_EM,86
L,4,5,3,local,WB,1,2,Yes,CD3_TD,6.8
L,4,5,3,local,WB,1,2,Yes,CD4_TD,4.7
L,4,5,3,local,WB,1,2,Yes,CD8_TD,13
L,4,5,3,local,WB,1,3,No,CD3,28
L,4,5,3,local,WB,1,3,No,CD4,82
L,4,5,3,local,WB,1,3,No,CD8,13
L,4,5,3,local,WB,1,3,No,CD3_N,13
L,4,5,3,local,WB,1,3,No,CD4_N,7.2
L,4,5,3,local,WB,1,3,No,CD8_N,49
L,4,5,3,local,WB,1,3,No,CD3_CM,58
L,4,5,3,local,WB,1,3,No,CD4_CM,67
L,4,5,3,local,WB,1,3,No,CD8_CM,16
L,4,5,3,local,WB,1,3,No,CD3_EM,28
L,4,5,3,local,WB,1,3,No,CD4_EM,25
L,4,5,3,local,WB,1,3,No,CD8_EM,26
L,4,5,3,local,WB,1,3,No,CD3_TD,1.4
L,4,5,3,local,WB,1,3,No,CD4_TD,0.21
L,4,5,3,local,WB,1,3,No,CD8_TD,8.4
L,4,5,3,local,WB,2,1,No,CD3,40
L,4,5,3,local,WB,2,1,No,CD4,81
L,4,5,3,local,WB,2,1,No,CD8,12
L,4,5,3,local,WB,2,1,No,CD3_N,5.5
L,4,5,3,local,WB,2,1,No,CD4_N,3.7
L,4,5,3,local,WB,2,1,No,CD8_N,20
L,4,5,3,local,WB,2,1,No,CD3_CM,40
L,4,5,3,local,WB,2,1,No,CD4_CM,47
L,4,5,3,local,WB,2,1,No,CD8_CM,13
L,4,5,3,local,WB,2,1,No,CD3_EM,51
L,4,5,3,local,WB,2,1,No,CD4_EM,50
L,4,5,3,local,WB,2,1,No,CD8_EM,48
L,4,5,3,local,WB,2,1,No,CD3_TD,3.8
L,4,5,3,local,WB,2,1,No,CD4_TD,0.04
L,4,5,3,local,WB,2,1,No,CD8_TD,18
L,4,5,3,local,WB,2,2,No,CD3,42
L,4,5,3,local,WB,2,2,No,CD4,80
L,4,5,3,local,WB,2,2,No,CD8,13
L,4,5,3,local,WB,2,2,No,CD3_N,5.5
L,4,5,3,local,WB,2,2,No,CD4_N,3.5
L,4,5,3,local,WB,2,2,No,CD8_N,21
L,4,5,3,local,WB,2,2,No,CD3_CM,40
L,4,5,3,local,WB,2,2,No,CD4_CM,43
L,4,5,3,local,WB,2,2,No,CD8_CM,12
L,4,5,3,local,WB,2,2,No,CD3_EM,51
L,4,5,3,local,WB,2,2,No,CD4_EM,53
L,4,5,3,local,WB,2,2,No,CD8_EM,50
L,4,5,3,local,WB,2,2,No,CD3_TD,3.8
L,4,5,3,local,WB,2,2,No,CD4_TD,0.06
L,4,5,3,local,WB,2,2,No,CD8_TD,16
L,4,5,3,local,WB,2,3,Yes,CD3,48
L,4,5,3,local,WB,2,3,Yes,CD4,73
L,4,5,3,local,WB,2,3,Yes,CD8,19
L,4,5,3,local,WB,2,3,Yes,CD3_N,4.7
L,4,5,3,local,WB,2,3,Yes,CD4_N,6
L,4,5,3,local,WB,2,3,Yes,CD8_N,1.2
L,4,5,3,local,WB,2,3,Yes,CD3_CM,8.7
L,4,5,3,local,WB,2,3,Yes,CD4_CM,8.8
L,4,5,3,local,WB,2,3,Yes,CD8_CM,7.2
L,4,5,3,local,WB,2,3,Yes,CD3_EM,56
L,4,5,3,local,WB,2,3,Yes,CD4_EM,62
L,4,5,3,local,WB,2,3,Yes,CD8_EM,48
L,4,5,3,local,WB,2,3,Yes,CD3_TD,31
L,4,5,3,local,WB,2,3,Yes,CD4_TD,24
L,4,5,3,local,WB,2,3,Yes,CD8_TD,44
L,4,5,3,local,WB,3,1,No,CD3,34
L,4,5,3,local,WB,3,1,No,CD4,76
L,4,5,3,local,WB,3,1,No,CD8,15
L,4,5,3,local,WB,3,1,No,CD3_N,15
L,4,5,3,local,WB,3,1,No,CD4_N,8.8
L,4,5,3,local,WB,3,1,No,CD8_N,55
L,4,5,3,local,WB,3,1,No,CD3_CM,37
L,4,5,3,local,WB,3,1,No,CD4_CM,45
L,4,5,3,local,WB,3,1,No,CD8_CM,13
L,4,5,3,local,WB,3,1,No,CD3_EM,40
L,4,5,3,local,WB,3,1,No,CD4_EM,43
L,4,5,3,local,WB,3,1,No,CD8_EM,27
L,4,5,3,local,WB,3,1,No,CD3_TD,8
L,4,5,3,local,WB,3,1,No,CD4_TD,3.5
L,4,5,3,local,WB,3,1,No,CD8_TD,4.5
L,4,5,3,local,WB,3,2,No,CD3,36
L,4,5,3,local,WB,3,2,No,CD4,73
L,4,5,3,local,WB,3,2,No,CD8,18
L,4,5,3,local,WB,3,2,No,CD3_N,16
L,4,5,3,local,WB,3,2,No,CD4_N,8.7
L,4,5,3,local,WB,3,2,No,CD8_N,52
L,4,5,3,local,WB,3,2,No,CD3_CM,33
L,4,5,3,local,WB,3,2,No,CD4_CM,42
L,4,5,3,local,WB,3,2,No,CD8_CM,10
L,4,5,3,local,WB,3,2,No,CD3_EM,42
L,4,5,3,local,WB,3,2,No,CD4_EM,45
L,4,5,3,local,WB,3,2,No,CD8_EM,33
L,4,5,3,local,WB,3,2,No,CD3_TD,8.3
L,4,5,3,local,WB,3,2,No,CD4_TD,3.8
L,4,5,3,local,WB,3,2,No,CD8_TD,4.7
L,4,5,3,local,WB,3,3,No,CD3,33
L,4,5,3,local,WB,3,3,No,CD4,72
L,4,5,3,local,WB,3,3,No,CD8,19
L,4,5,3,local,WB,3,3,No,CD3_N,17
L,4,5,3,local,WB,3,3,No,CD4_N,9
L,4,5,3,local,WB,3,3,No,CD8_N,52
L,4,5,3,local,WB,3,3,No,CD3_CM,31
L,4,5,3,local,WB,3,3,No,CD4_CM,39
L,4,5,3,local,WB,3,3,No,CD8_CM,8.8
L,4,5,3,local,WB,3,3,No,CD3_EM,43
L,4,5,3,local,WB,3,3,No,CD4_EM,47
L,4,5,3,local,WB,3,3,No,CD8_EM,34
L,4,5,3,local,WB,3,3,No,CD3_TD,9.5
L,4,5,3,local,WB,3,3,No,CD4_TD,4
L,4,5,3,local,WB,3,3,No,CD8_TD,5.2
M,5,6,2,centr,PBMC,1,1,No,CD3,72.97
M,5,6,2,centr,PBMC,1,1,No,CD4,51.23
M,5,6,2,centr,PBMC,1,1,No,CD8,43.42
M,5,6,2,centr,PBMC,1,1,No,CD3_N,18.07
M,5,6,2,centr,PBMC,1,1,No,CD4_N,23.17
M,5,6,2,centr,PBMC,1,1,No,CD8_N,7.57
M,5,6,2,centr,PBMC,1,1,No,CD3_CM,28.23
M,5,6,2,centr,PBMC,1,1,No,CD4_CM,51.4
M,5,6,2,centr,PBMC,1,1,No,CD8_CM,9.96
M,5,6,2,centr,PBMC,1,1,No,CD3_EM,27.43
M,5,6,2,centr,PBMC,1,1,No,CD4_EM,23.75
M,5,6,2,centr,PBMC,1,1,No,CD8_EM,43.08
M,5,6,2,centr,PBMC,1,1,No,CD3_TD,26.27
M,5,6,2,centr,PBMC,1,1,No,CD4_TD,1.68
M,5,6,2,centr,PBMC,1,1,No,CD8_TD,39.38
M,5,6,2,centr,PBMC,1,2,No,CD3,72.68
M,5,6,2,centr,PBMC,1,2,No,CD4,46.03
M,5,6,2,centr,PBMC,1,2,No,CD8,48.67
M,5,6,2,centr,PBMC,1,2,No,CD3_N,14.22
M,5,6,2,centr,PBMC,1,2,No,CD4_N,18.99
M,5,6,2,centr,PBMC,1,2,No,CD8_N,6.78
M,5,6,2,centr,PBMC,1,2,No,CD3_CM,26.95
M,5,6,2,centr,PBMC,1,2,No,CD4_CM,49.88
M,5,6,2,centr,PBMC,1,2,No,CD8_CM,7.28
M,5,6,2,centr,PBMC,1,2,No,CD3_EM,34.04
M,5,6,2,centr,PBMC,1,2,No,CD4_EM,28.56
M,5,6,2,centr,PBMC,1,2,No,CD8_EM,41.93
M,5,6,2,centr,PBMC,1,2,No,CD3_TD,24.78
M,5,6,2,centr,PBMC,1,2,No,CD4_TD,2.56
M,5,6,2,centr,PBMC,1,2,No,CD8_TD,44.02
M,5,6,2,centr,PBMC,1,3,No,CD3,67.74
M,5,6,2,centr,PBMC,1,3,No,CD4,33.66
M,5,6,2,centr,PBMC,1,3,No,CD8,61.05
M,5,6,2,centr,PBMC,1,3,No,CD3_N,9.49
M,5,6,2,centr,PBMC,1,3,No,CD4_N,16.86
M,5,6,2,centr,PBMC,1,3,No,CD8_N,4.99
M,5,6,2,centr,PBMC,1,3,No,CD3_CM,18.13
M,5,6,2,centr,PBMC,1,3,No,CD4_CM,40.3
M,5,6,2,centr,PBMC,1,3,No,CD8_CM,7.49
M,5,6,2,centr,PBMC,1,3,No,CD3_EM,34.1
M,5,6,2,centr,PBMC,1,3,No,CD4_EM,38.09
M,5,6,2,centr,PBMC,1,3,No,CD8_EM,36.73
M,5,6,2,centr,PBMC,1,3,No,CD3_TD,38.29
M,5,6,2,centr,PBMC,1,3,No,CD4_TD,4.74
M,5,6,2,centr,PBMC,1,3,No,CD8_TD,50.8
M,5,6,2,centr,PBMC,2,1,No,CD3,81.86
M,5,6,2,centr,PBMC,2,1,No,CD4,42.25
M,5,6,2,centr,PBMC,2,1,No,CD8,54.65
M,5,6,2,centr,PBMC,2,1,No,CD3_N,8.19
M,5,6,2,centr,PBMC,2,1,No,CD4_N,8.83
M,5,6,2,centr,PBMC,2,1,No,CD8_N,4.8
M,5,6,2,centr,PBMC,2,1,No,CD3_CM,17.83
M,5,6,2,centr,PBMC,2,1,No,CD4_CM,35.94
M,5,6,2,centr,PBMC,2,1,No,CD8_CM,8.72
M,5,6,2,centr,PBMC,2,1,No,CD3_EM,31.23
M,5,6,2,centr,PBMC,2,1,No,CD4_EM,53.48
M,5,6,2,centr,PBMC,2,1,No,CD8_EM,18.72
M,5,6,2,centr,PBMC,2,1,No,CD3_TD,42.75
M,5,6,2,centr,PBMC,2,1,No,CD4_TD,1.74
M,5,6,2,centr,PBMC,2,1,No,CD8_TD,67.77
M,5,6,2,centr,PBMC,2,2,No,CD3,83.87
M,5,6,2,centr,PBMC,2,2,No,CD4,40.73
M,5,6,2,centr,PBMC,2,2,No,CD8,56.52
M,5,6,2,centr,PBMC,2,2,No,CD3_N,7.65
M,5,6,2,centr,PBMC,2,2,No,CD4_N,9.02
M,5,6,2,centr,PBMC,2,2,No,CD8_N,5.24
M,5,6,2,centr,PBMC,2,2,No,CD3_CM,15.83
M,5,6,2,centr,PBMC,2,2,No,CD4_CM,31.12
M,5,6,2,centr,PBMC,2,2,No,CD8_CM,5.29
M,5,6,2,centr,PBMC,2,2,No,CD3_EM,31.82
M,5,6,2,centr,PBMC,2,2,No,CD4_EM,56.22
M,5,6,2,centr,PBMC,2,2,No,CD8_EM,13.93
M,5,6,2,centr,PBMC,2,2,No,CD3_TD,44.69
M,5,6,2,centr,PBMC,2,2,No,CD4_TD,3.64
M,5,6,2,centr,PBMC,2,2,No,CD8_TD,75.54
M,5,6,2,centr,PBMC,2,3,No,CD3,81.82
M,5,6,2,centr,PBMC,2,3,No,CD4,35.62
M,5,6,2,centr,PBMC,2,3,No,CD8,61.65
M,5,6,2,centr,PBMC,2,3,No,CD3_N,5.33
M,5,6,2,centr,PBMC,2,3,No,CD4_N,4.76
M,5,6,2,centr,PBMC,2,3,No,CD8_N,4.96
M,5,6,2,centr,PBMC,2,3,No,CD3_CM,12.75
M,5,6,2,centr,PBMC,2,3,No,CD4_CM,24.66
M,5,6,2,centr,PBMC,2,3,No,CD8_CM,6.51
M,5,6,2,centr,PBMC,2,3,No,CD3_EM,33.32
M,5,6,2,centr,PBMC,2,3,No,CD4_EM,66.68
M,5,6,2,centr,PBMC,2,3,No,CD8_EM,15.34
M,5,6,2,centr,PBMC,2,3,No,CD3_TD,48.6
M,5,6,2,centr,PBMC,2,3,No,CD4_TD,3.89
M,5,6,2,centr,PBMC,2,3,No,CD8_TD,73.2
M,5,6,2,centr,PBMC,3,1,No,CD3,72.84
M,5,6,2,centr,PBMC,3,1,No,CD4,51.74
M,5,6,2,centr,PBMC,3,1,No,CD8,40.28
M,5,6,2,centr,PBMC,3,1,No,CD3_N,18.86
M,5,6,2,centr,PBMC,3,1,No,CD4_N,22.48
M,5,6,2,centr,PBMC,3,1,No,CD8_N,11.09
M,5,6,2,centr,PBMC,3,1,No,CD3_CM,30.6
M,5,6,2,centr,PBMC,3,1,No,CD4_CM,55.57
M,5,6,2,centr,PBMC,3,1,No,CD8_CM,10.57
M,5,6,2,centr,PBMC,3,1,No,CD3_EM,22.2
M,5,6,2,centr,PBMC,3,1,No,CD4_EM,21.79
M,5,6,2,centr,PBMC,3,1,No,CD8_EM,23.78
M,5,6,2,centr,PBMC,3,1,No,CD3_TD,28.34
M,5,6,2,centr,PBMC,3,1,No,CD4_TD,0.16
M,5,6,2,centr,PBMC,3,1,No,CD8_TD,54.56
M,5,6,2,centr,PBMC,3,2,No,CD3,73.28
M,5,6,2,centr,PBMC,3,2,No,CD4,49.96
M,5,6,2,centr,PBMC,3,2,No,CD8,41.78
M,5,6,2,centr,PBMC,3,2,No,CD3_N,18.29
M,5,6,2,centr,PBMC,3,2,No,CD4_N,23.13
M,5,6,2,centr,PBMC,3,2,No,CD8_N,11.46
M,5,6,2,centr,PBMC,3,2,No,CD3_CM,30.36
M,5,6,2,centr,PBMC,3,2,No,CD4_CM,52.2
M,5,6,2,centr,PBMC,3,2,No,CD8_CM,8.78
M,5,6,2,centr,PBMC,3,2,No,CD3_EM,22.94
M,5,6,2,centr,PBMC,3,2,No,CD4_EM,24.32
M,5,6,2,centr,PBMC,3,2,No,CD8_EM,20.65
M,5,6,2,centr,PBMC,3,2,No,CD3_TD,28.41
M,5,6,2,centr,PBMC,3,2,No,CD4_TD,0.35
M,5,6,2,centr,PBMC,3,2,No,CD8_TD,59.11
M,5,6,2,centr,PBMC,3,3,No,CD3,65.57
M,5,6,2,centr,PBMC,3,3,No,CD4,41.89
M,5,6,2,centr,PBMC,3,3,No,CD8,48.8
M,5,6,2,centr,PBMC,3,3,No,CD3_N,15.73
M,5,6,2,centr,PBMC,3,3,No,CD4_N,23
M,5,6,2,centr,PBMC,3,3,No,CD8_N,10.28
M,5,6,2,centr,PBMC,3,3,No,CD3_CM,24.72
M,5,6,2,centr,PBMC,3,3,No,CD4_CM,47.59
M,5,6,2,centr,PBMC,3,3,No,CD8_CM,9.28
M,5,6,2,centr,PBMC,3,3,No,CD3_EM,24.19
M,5,6,2,centr,PBMC,3,3,No,CD4_EM,29.11
M,5,6,2,centr,PBMC,3,3,No,CD8_EM,20.43
M,5,6,2,centr,PBMC,3,3,No,CD3_TD,35.37
M,5,6,2,centr,PBMC,3,3,No,CD4_TD,0.29
M,5,6,2,centr,PBMC,3,3,No,CD8_TD,60.02
M,5,6,2,centr,WB,1,1,No,CD3,55.75
M,5,6,2,centr,WB,1,1,No,CD4,63.52
M,5,6,2,centr,WB,1,1,No,CD8,33.08
M,5,6,2,centr,WB,1,1,No,CD3_N,37.18
M,5,6,2,centr,WB,1,1,No,CD4_N,36.55
M,5,6,2,centr,WB,1,1,No,CD8_N,39.39
M,5,6,2,centr,WB,1,1,No,CD3_CM,41.79
M,5,6,2,centr,WB,1,1,No,CD4_CM,53.75
M,5,6,2,centr,WB,1,1,No,CD8_CM,19.14
M,5,6,2,centr,WB,1,1,No,CD3_EM,14.28
M,5,6,2,centr,WB,1,1,No,CD4_EM,9.53
M,5,6,2,centr,WB,1,1,No,CD8_EM,22.27
M,5,6,2,centr,WB,1,1,No,CD3_TD,6.75
M,5,6,2,centr,WB,1,1,No,CD4_TD,0.16
M,5,6,2,centr,WB,1,1,No,CD8_TD,19.2
M,5,6,2,centr,WB,1,2,No,CD3,55.5
M,5,6,2,centr,WB,1,2,No,CD4,63.47
M,5,6,2,centr,WB,1,2,No,CD8,33.21
M,5,6,2,centr,WB,1,2,No,CD3_N,37.16
M,5,6,2,centr,WB,1,2,No,CD4_N,36.55
M,5,6,2,centr,WB,1,2,No,CD8_N,39.52
M,5,6,2,centr,WB,1,2,No,CD3_CM,41.27
M,5,6,2,centr,WB,1,2,No,CD4_CM,53.44
M,5,6,2,centr,WB,1,2,No,CD8_CM,18.36
M,5,6,2,centr,WB,1,2,No,CD3_EM,14.25
M,5,6,2,centr,WB,1,2,No,CD4_EM,9.81
M,5,6,2,centr,WB,1,2,No,CD8_EM,21.5
M,5,6,2,centr,WB,1,2,No,CD3_TD,7.33
M,5,6,2,centr,WB,1,2,No,CD4_TD,0.2
M,5,6,2,centr,WB,1,2,No,CD8_TD,20.62
M,5,6,2,centr,WB,1,3,No,CD3,55.98
M,5,6,2,centr,WB,1,3,No,CD4,63.42
M,5,6,2,centr,WB,1,3,No,CD8,33.33
M,5,6,2,centr,WB,1,3,No,CD3_N,37.13
M,5,6,2,centr,WB,1,3,No,CD4_N,36.36
M,5,6,2,centr,WB,1,3,No,CD8_N,39.36
M,5,6,2,centr,WB,1,3,No,CD3_CM,41.44
M,5,6,2,centr,WB,1,3,No,CD4_CM,53.69
M,5,6,2,centr,WB,1,3,No,CD8_CM,18.59
M,5,6,2,centr,WB,1,3,No,CD3_EM,14.19
M,5,6,2,centr,WB,1,3,No,CD4_EM,9.75
M,5,6,2,centr,WB,1,3,No,CD8_EM,21.62
M,5,6,2,centr,WB,1,3,No,CD3_TD,7.24
M,5,6,2,centr,WB,1,3,No,CD4_TD,0.19
M,5,6,2,centr,WB,1,3,No,CD8_TD,20.44
M,5,6,2,centr,WB,2,1,No,CD3,65.99
M,5,6,2,centr,WB,2,1,No,CD4,68.1
M,5,6,2,centr,WB,2,1,No,CD8,25.28
M,5,6,2,centr,WB,2,1,No,CD3_N,17.45
M,5,6,2,centr,WB,2,1,No,CD4_N,17.95
M,5,6,2,centr,WB,2,1,No,CD8_N,17.59
M,5,6,2,centr,WB,2,1,No,CD3_CM,43.74
M,5,6,2,centr,WB,2,1,No,CD4_CM,54.23
M,5,6,2,centr,WB,2,1,No,CD8_CM,22.65
M,5,6,2,centr,WB,2,1,No,CD3_EM,27.32
M,5,6,2,centr,WB,2,1,No,CD4_EM,25.38
M,5,6,2,centr,WB,2,1,No,CD8_EM,29.3
M,5,6,2,centr,WB,2,1,No,CD3_TD,11.49
M,5,6,2,centr,WB,2,1,No,CD4_TD,2.43
M,5,6,2,centr,WB,2,1,No,CD8_TD,30.46
M,5,6,2,centr,WB,2,2,No,CD3,65.35
M,5,6,2,centr,WB,2,2,No,CD4,67.89
M,5,6,2,centr,WB,2,2,No,CD8,25.53
M,5,6,2,centr,WB,2,2,No,CD3_N,17.56
M,5,6,2,centr,WB,2,2,No,CD4_N,18.08
M,5,6,2,centr,WB,2,2,No,CD8_N,17.59
M,5,6,2,centr,WB,2,2,No,CD3_CM,43.71
M,5,6,2,centr,WB,2,2,No,CD4_CM,54.48
M,5,6,2,centr,WB,2,2,No,CD8_CM,22.34
M,5,6,2,centr,WB,2,2,No,CD3_EM,26.76
M,5,6,2,centr,WB,2,2,No,CD4_EM,24.88
M,5,6,2,centr,WB,2,2,No,CD8_EM,28.75
M,5,6,2,centr,WB,2,2,No,CD3_TD,11.96
M,5,6,2,centr,WB,2,2,No,CD4_TD,2.56
M,5,6,2,centr,WB,2,2,No,CD8_TD,31.32
M,5,6,2,centr,WB,2,3,No,CD3,65.71
M,5,6,2,centr,WB,2,3,No,CD4,67.93
M,5,6,2,centr,WB,2,3,No,CD8,25.52
M,5,6,2,centr,WB,2,3,No,CD3_N,18.28
M,5,6,2,centr,WB,2,3,No,CD4_N,18.79
M,5,6,2,centr,WB,2,3,No,CD8_N,18.21
M,5,6,2,centr,WB,2,3,No,CD3_CM,43.39
M,5,6,2,centr,WB,2,3,No,CD4_CM,53.83
M,5,6,2,centr,WB,2,3,No,CD8_CM,22.74
M,5,6,2,centr,WB,2,3,No,CD3_EM,26.24
M,5,6,2,centr,WB,2,3,No,CD4_EM,24.68
M,5,6,2,centr,WB,2,3,No,CD8_EM,28.17
M,5,6,2,centr,WB,2,3,No,CD3_TD,12.09
M,5,6,2,centr,WB,2,3,No,CD4_TD,2.7
M,5,6,2,centr,WB,2,3,No,CD8_TD,30.87
M,5,6,2,centr,WB,3,1,No,CD3,56.39
M,5,6,2,centr,WB,3,1,No,CD4,65.39
M,5,6,2,centr,WB,3,1,No,CD8,27.9
M,5,6,2,centr,WB,3,1,No,CD3_N,22.16
M,5,6,2,centr,WB,3,1,No,CD4_N,16.78
M,5,6,2,centr,WB,3,1,No,CD8_N,36.09
M,5,6,2,centr,WB,3,1,No,CD3_CM,45.66
M,5,6,2,centr,WB,3,1,No,CD4_CM,60.53
M,5,6,2,centr,WB,3,1,No,CD8_CM,18.36
M,5,6,2,centr,WB,3,1,No,CD3_EM,14.42
M,5,6,2,centr,WB,3,1,No,CD4_EM,15.47
M,5,6,2,centr,WB,3,1,No,CD8_EM,13.82
M,5,6,2,centr,WB,3,1,No,CD3_TD,17.76
M,5,6,2,centr,WB,3,1,No,CD4_TD,7.22
M,5,6,2,centr,WB,3,1,No,CD8_TD,31.74
M,5,6,2,centr,WB,3,2,No,CD3,56.78
M,5,6,2,centr,WB,3,2,No,CD4,65.4
M,5,6,2,centr,WB,3,2,No,CD8,27.91
M,5,6,2,centr,WB,3,2,No,CD3_N,21.73
M,5,6,2,centr,WB,3,2,No,CD4_N,16.55
M,5,6,2,centr,WB,3,2,No,CD8_N,35.44
M,5,6,2,centr,WB,3,2,No,CD3_CM,45.5
M,5,6,2,centr,WB,3,2,No,CD4_CM,60.19
M,5,6,2,centr,WB,3,2,No,CD8_CM,18.68
M,5,6,2,centr,WB,3,2,No,CD3_EM,14.8
M,5,6,2,centr,WB,3,2,No,CD4_EM,15.89
M,5,6,2,centr,WB,3,2,No,CD8_EM,14.06
M,5,6,2,centr,WB,3,2,No,CD3_TD,17.97
M,5,6,2,centr,WB,3,2,No,CD4_TD,7.37
M,5,6,2,centr,WB,3,2,No,CD8_TD,31.81
M,5,6,2,centr,WB,3,3,No,CD3,56.51
M,5,6,2,centr,WB,3,3,No,CD4,65.08
M,5,6,2,centr,WB,3,3,No,CD8,28.11
M,5,6,2,centr,WB,3,3,No,CD3_N,22.05
M,5,6,2,centr,WB,3,3,No,CD4_N,16.54
M,5,6,2,centr,WB,3,3,No,CD8_N,36.22
M,5,6,2,centr,WB,3,3,No,CD3_CM,45.88
M,5,6,2,centr,WB,3,3,No,CD4_CM,60.67
M,5,6,2,centr,WB,3,3,No,CD8_CM,18.89
M,5,6,2,centr,WB,3,3,No,CD3_EM,14.23
M,5,6,2,centr,WB,3,3,No,CD4_EM,15.33
M,5,6,2,centr,WB,3,3,No,CD8_EM,13.83
M,5,6,2,centr,WB,3,3,No,CD3_TD,17.84
M,5,6,2,centr,WB,3,3,No,CD4_TD,7.45
M,5,6,2,centr,WB,3,3,No,CD8_TD,31.06
M,5,6,2,local,PBMC,1,1,No,CD3,73.63
M,5,6,2,local,PBMC,1,1,No,CD4,51.92
M,5,6,2,local,PBMC,1,1,No,CD8,42.49
M,5,6,2,local,PBMC,1,1,No,CD3_N,16.24
M,5,6,2,local,PBMC,1,1,No,CD4_N,22.74
M,5,6,2,local,PBMC,1,1,No,CD8_N,6.18
M,5,6,2,local,PBMC,1,1,No,CD3_CM,30.16
M,5,6,2,local,PBMC,1,1,No,CD4_CM,50.98
M,5,6,2,local,PBMC,1,1,No,CD8_CM,7.59
M,5,6,2,local,PBMC,1,1,No,CD3_EM,30.98
M,5,6,2,local,PBMC,1,1,No,CD4_EM,24.67
M,5,6,2,local,PBMC,1,1,No,CD8_EM,45.98
M,5,6,2,local,PBMC,1,1,No,CD3_TD,22.62
M,5,6,2,local,PBMC,1,1,No,CD4_TD,1.61
M,5,6,2,local,PBMC,1,1,No,CD8_TD,40.25
M,5,6,2,local,PBMC,1,2,No,CD3,72.43
M,5,6,2,local,PBMC,1,2,No,CD4,45.25
M,5,6,2,local,PBMC,1,2,No,CD8,48.53
M,5,6,2,local,PBMC,1,2,No,CD3_N,13.64
M,5,6,2,local,PBMC,1,2,No,CD4_N,17.79
M,5,6,2,local,PBMC,1,2,No,CD8_N,5.96
M,5,6,2,local,PBMC,1,2,No,CD3_CM,27.43
M,5,6,2,local,PBMC,1,2,No,CD4_CM,50.56
M,5,6,2,local,PBMC,1,2,No,CD8_CM,6.79
M,5,6,2,local,PBMC,1,2,No,CD3_EM,33.95
M,5,6,2,local,PBMC,1,2,No,CD4_EM,29.21
M,5,6,2,local,PBMC,1,2,No,CD8_EM,41.38
M,5,6,2,local,PBMC,1,2,No,CD3_TD,24.99
M,5,6,2,local,PBMC,1,2,No,CD4_TD,2.44
M,5,6,2,local,PBMC,1,2,No,CD8_TD,45.87
M,5,6,2,local,PBMC,1,3,No,CD3,67.3
M,5,6,2,local,PBMC,1,3,No,CD4,33.64
M,5,6,2,local,PBMC,1,3,No,CD8,60.76
M,5,6,2,local,PBMC,1,3,No,CD3_N,9.49
M,5,6,2,local,PBMC,1,3,No,CD4_N,16.36
M,5,6,2,local,PBMC,1,3,No,CD8_N,4.07
M,5,6,2,local,PBMC,1,3,No,CD3_CM,17.88
M,5,6,2,local,PBMC,1,3,No,CD4_CM,40.69
M,5,6,2,local,PBMC,1,3,No,CD8_CM,5.86
M,5,6,2,local,PBMC,1,3,No,CD3_EM,33.55
M,5,6,2,local,PBMC,1,3,No,CD4_EM,38.39
M,5,6,2,local,PBMC,1,3,No,CD8_EM,37.63
M,5,6,2,local,PBMC,1,3,No,CD3_TD,39.08
M,5,6,2,local,PBMC,1,3,No,CD4_TD,4.57
M,5,6,2,local,PBMC,1,3,No,CD8_TD,52.43
M,5,6,2,local,PBMC,2,1,No,CD3,82.03
M,5,6,2,local,PBMC,2,1,No,CD4,42.44
M,5,6,2,local,PBMC,2,1,No,CD8,53.93
M,5,6,2,local,PBMC,2,1,No,CD3_N,6.73
M,5,6,2,local,PBMC,2,1,No,CD4_N,8.37
M,5,6,2,local,PBMC,2,1,No,CD8_N,4.09
M,5,6,2,local,PBMC,2,1,No,CD3_CM,19.21
M,5,6,2,local,PBMC,2,1,No,CD4_CM,35.46
M,5,6,2,local,PBMC,2,1,No,CD8_CM,6.99
M,5,6,2,local,PBMC,2,1,No,CD3_EM,33.58
M,5,6,2,local,PBMC,2,1,No,CD4_EM,54.53
M,5,6,2,local,PBMC,2,1,No,CD8_EM,20.41
M,5,6,2,local,PBMC,2,1,No,CD3_TD,40.48
M,5,6,2,local,PBMC,2,1,No,CD4_TD,1.63
M,5,6,2,local,PBMC,2,1,No,CD8_TD,68.5
M,5,6,2,local,PBMC,2,2,No,CD3,83.89
M,5,6,2,local,PBMC,2,2,No,CD4,40.22
M,5,6,2,local,PBMC,2,2,No,CD8,56.19
M,5,6,2,local,PBMC,2,2,No,CD3_N,7.19
M,5,6,2,local,PBMC,2,2,No,CD4_N,8.68
M,5,6,2,local,PBMC,2,2,No,CD8_N,4.85
M,5,6,2,local,PBMC,2,2,No,CD3_CM,16.1
M,5,6,2,local,PBMC,2,2,No,CD4_CM,31.24
M,5,6,2,local,PBMC,2,2,No,CD8_CM,4.65
M,5,6,2,local,PBMC,2,2,No,CD3_EM,31.66
M,5,6,2,local,PBMC,2,2,No,CD4_EM,56.88
M,5,6,2,local,PBMC,2,2,No,CD8_EM,13.74
M,5,6,2,local,PBMC,2,2,No,CD3_TD,45.05
M,5,6,2,local,PBMC,2,2,No,CD4_TD,3.2
M,5,6,2,local,PBMC,2,2,No,CD8_TD,76.76
M,5,6,2,local,PBMC,2,3,No,CD3,81.05
M,5,6,2,local,PBMC,2,3,No,CD4,35.76
M,5,6,2,local,PBMC,2,3,No,CD8,61.3
M,5,6,2,local,PBMC,2,3,No,CD3_N,5.4
M,5,6,2,local,PBMC,2,3,No,CD4_N,4.52
M,5,6,2,local,PBMC,2,3,No,CD8_N,4.14
M,5,6,2,local,PBMC,2,3,No,CD3_CM,12.61
M,5,6,2,local,PBMC,2,3,No,CD4_CM,24.83
M,5,6,2,local,PBMC,2,3,No,CD8_CM,5.52
M,5,6,2,local,PBMC,2,3,No,CD3_EM,33.23
M,5,6,2,local,PBMC,2,3,No,CD4_EM,67.15
M,5,6,2,local,PBMC,2,3,No,CD8_EM,16.03
M,5,6,2,local,PBMC,2,3,No,CD3_TD,48.75
M,5,6,2,local,PBMC,2,3,No,CD4_TD,3.5
M,5,6,2,local,PBMC,2,3,No,CD8_TD,74.31
M,5,6,2,local,PBMC,3,1,No,CD3,73.16
M,5,6,2,local,PBMC,3,1,No,CD4,52.17
M,5,6,2,local,PBMC,3,1,No,CD8,39.72
M,5,6,2,local,PBMC,3,1,No,CD3_N,17.09
M,5,6,2,local,PBMC,3,1,No,CD4_N,21.82
M,5,6,2,local,PBMC,3,1,No,CD8_N,10.29
M,5,6,2,local,PBMC,3,1,No,CD3_CM,32.75
M,5,6,2,local,PBMC,3,1,No,CD4_CM,55.33
M,5,6,2,local,PBMC,3,1,No,CD8_CM,8.63
M,5,6,2,local,PBMC,3,1,No,CD3_EM,23.42
M,5,6,2,local,PBMC,3,1,No,CD4_EM,22.65
M,5,6,2,local,PBMC,3,1,No,CD8_EM,25.69
M,5,6,2,local,PBMC,3,1,No,CD3_TD,26.74
M,5,6,2,local,PBMC,3,1,No,CD4_TD,0.21
M,5,6,2,local,PBMC,3,1,No,CD8_TD,55.38
M,5,6,2,local,PBMC,3,2,No,CD3,72.62
M,5,6,2,local,PBMC,3,2,No,CD4,49.65
M,5,6,2,local,PBMC,3,2,No,CD8,41.79
M,5,6,2,local,PBMC,3,2,No,CD3_N,17.73
M,5,6,2,local,PBMC,3,2,No,CD4_N,22.17
M,5,6,2,local,PBMC,3,2,No,CD8_N,10.47
M,5,6,2,local,PBMC,3,2,No,CD3_CM,31.05
M,5,6,2,local,PBMC,3,2,No,CD4_CM,53
M,5,6,2,local,PBMC,3,2,No,CD8_CM,8.29
M,5,6,2,local,PBMC,3,2,No,CD3_EM,22.53
M,5,6,2,local,PBMC,3,2,No,CD4_EM,24.5
M,5,6,2,local,PBMC,3,2,No,CD8_EM,20.34
M,5,6,2,local,PBMC,3,2,No,CD3_TD,28.69
M,5,6,2,local,PBMC,3,2,No,CD4_TD,0.33
M,5,6,2,local,PBMC,3,2,No,CD8_TD,60.9
M,5,6,2,local,PBMC,3,3,No,CD3,64.81
M,5,6,2,local,PBMC,3,3,No,CD4,42.59
M,5,6,2,local,PBMC,3,3,No,CD8,47.91
M,5,6,2,local,PBMC,3,3,No,CD3_N,15.82
M,5,6,2,local,PBMC,3,3,No,CD4_N,22.38
M,5,6,2,local,PBMC,3,3,No,CD8_N,9.4
M,5,6,2,local,PBMC,3,3,No,CD3_CM,24.76
M,5,6,2,local,PBMC,3,3,No,CD4_CM,48.27
M,5,6,2,local,PBMC,3,3,No,CD8_CM,7.86
M,5,6,2,local,PBMC,3,3,No,CD3_EM,24.15
M,5,6,2,local,PBMC,3,3,No,CD4_EM,29.04
M,5,6,2,local,PBMC,3,3,No,CD8_EM,21.78
M,5,6,2,local,PBMC,3,3,No,CD3_TD,35.27
M,5,6,2,local,PBMC,3,3,No,CD4_TD,0.32
M,5,6,2,local,PBMC,3,3,No,CD8_TD,60.96
M,5,6,2,local,WB,1,1,No,CD3,55.56
M,5,6,2,local,WB,1,1,No,CD4,63.63
M,5,6,2,local,WB,1,1,No,CD8,33.18
M,5,6,2,local,WB,1,1,No,CD3_N,38.2
M,5,6,2,local,WB,1,1,No,CD4_N,37.47
M,5,6,2,local,WB,1,1,No,CD8_N,39.11
M,5,6,2,local,WB,1,1,No,CD3_CM,40.75
M,5,6,2,local,WB,1,1,No,CD4_CM,52.9
M,5,6,2,local,WB,1,1,No,CD8_CM,19.16
M,5,6,2,local,WB,1,1,No,CD3_EM,13.49
M,5,6,2,local,WB,1,1,No,CD4_EM,9.42
M,5,6,2,local,WB,1,1,No,CD8_EM,22.41
M,5,6,2,local,WB,1,1,No,CD3_TD,7.56
M,5,6,2,local,WB,1,1,No,CD4_TD,0.21
M,5,6,2,local,WB,1,1,No,CD8_TD,19.32
M,5,6,2,local,WB,1,2,No,CD3,55.49
M,5,6,2,local,WB,1,2,No,CD4,63.61
M,5,6,2,local,WB,1,2,No,CD8,33.29
M,5,6,2,local,WB,1,2,No,CD3_N,38.62
M,5,6,2,local,WB,1,2,No,CD4_N,37.66
M,5,6,2,local,WB,1,2,No,CD8_N,39.26
M,5,6,2,local,WB,1,2,No,CD3_CM,39.79
M,5,6,2,local,WB,1,2,No,CD4_CM,52.36
M,5,6,2,local,WB,1,2,No,CD8_CM,18.38
M,5,6,2,local,WB,1,2,No,CD3_EM,13.08
M,5,6,2,local,WB,1,2,No,CD4_EM,9.67
M,5,6,2,local,WB,1,2,No,CD8_EM,21.69
M,5,6,2,local,WB,1,2,No,CD3_TD,8.51
M,5,6,2,local,WB,1,2,No,CD4_TD,0.31
M,5,6,2,local,WB,1,2,No,CD8_TD,20.67
M,5,6,2,local,WB,1,3,No,CD3,55.93
M,5,6,2,local,WB,1,3,No,CD4,63.54
M,5,6,2,local,WB,1,3,No,CD8,33.4
M,5,6,2,local,WB,1,3,No,CD3_N,38.31
M,5,6,2,local,WB,1,3,No,CD4_N,37.32
M,5,6,2,local,WB,1,3,No,CD8_N,39.07
M,5,6,2,local,WB,1,3,No,CD3_CM,40.24
M,5,6,2,local,WB,1,3,No,CD4_CM,52.78
M,5,6,2,local,WB,1,3,No,CD8_CM,18.62
M,5,6,2,local,WB,1,3,No,CD3_EM,13.14
M,5,6,2,local,WB,1,3,No,CD4_EM,9.62
M,5,6,2,local,WB,1,3,No,CD8_EM,21.75
M,5,6,2,local,WB,1,3,No,CD3_TD,8.31
M,5,6,2,local,WB,1,3,No,CD4_TD,0.28
M,5,6,2,local,WB,1,3,No,CD8_TD,20.56
M,5,6,2,local,WB,2,1,No,CD3,65.83
M,5,6,2,local,WB,2,1,No,CD4,68.13
M,5,6,2,local,WB,2,1,No,CD8,25.48
M,5,6,2,local,WB,2,1,No,CD3_N,18.18
M,5,6,2,local,WB,2,1,No,CD4_N,18.75
M,5,6,2,local,WB,2,1,No,CD8_N,17.61
M,5,6,2,local,WB,2,1,No,CD3_CM,43.12
M,5,6,2,local,WB,2,1,No,CD4_CM,53.56
M,5,6,2,local,WB,2,1,No,CD8_CM,23.33
M,5,6,2,local,WB,2,1,No,CD3_EM,25.8
M,5,6,2,local,WB,2,1,No,CD4_EM,24.34
M,5,6,2,local,WB,2,1,No,CD8_EM,28.53
M,5,6,2,local,WB,2,1,No,CD3_TD,12.9
M,5,6,2,local,WB,2,1,No,CD4_TD,3.35
M,5,6,2,local,WB,2,1,No,CD8_TD,30.53
M,5,6,2,local,WB,2,2,No,CD3,65.49
M,5,6,2,local,WB,2,2,No,CD4,67.87
M,5,6,2,local,WB,2,2,No,CD8,25.81
M,5,6,2,local,WB,2,2,No,CD3_N,18.34
M,5,6,2,local,WB,2,2,No,CD4_N,18.89
M,5,6,2,local,WB,2,2,No,CD8_N,17.66
M,5,6,2,local,WB,2,2,No,CD3_CM,43.02
M,5,6,2,local,WB,2,2,No,CD4_CM,53.79
M,5,6,2,local,WB,2,2,No,CD8_CM,22.95
M,5,6,2,local,WB,2,2,No,CD3_EM,25.14
M,5,6,2,local,WB,2,2,No,CD4_EM,23.83
M,5,6,2,local,WB,2,2,No,CD8_EM,27.97
M,5,6,2,local,WB,2,2,No,CD3_TD,13.5
M,5,6,2,local,WB,2,2,No,CD4_TD,3.49
M,5,6,2,local,WB,2,2,No,CD8_TD,31.41
M,5,6,2,local,WB,2,3,No,CD3,65.86
M,5,6,2,local,WB,2,3,No,CD4,67.92
M,5,6,2,local,WB,2,3,No,CD8,25.76
M,5,6,2,local,WB,2,3,No,CD3_N,19.17
M,5,6,2,local,WB,2,3,No,CD4_N,19.63
M,5,6,2,local,WB,2,3,No,CD8_N,18.29
M,5,6,2,local,WB,2,3,No,CD3_CM,42.57
M,5,6,2,local,WB,2,3,No,CD4_CM,53.07
M,5,6,2,local,WB,2,3,No,CD8_CM,23.37
M,5,6,2,local,WB,2,3,No,CD3_EM,24.36
M,5,6,2,local,WB,2,3,No,CD4_EM,23.48
M,5,6,2,local,WB,2,3,No,CD8_EM,27.36
M,5,6,2,local,WB,2,3,No,CD3_TD,13.9
M,5,6,2,local,WB,2,3,No,CD4_TD,3.82
M,5,6,2,local,WB,2,3,No,CD8_TD,30.98
M,5,6,2,local,WB,3,1,No,CD3,56.37
M,5,6,2,local,WB,3,1,No,CD4,65.45
M,5,6,2,local,WB,3,1,No,CD8,28
M,5,6,2,local,WB,3,1,No,CD3_N,23.49
M,5,6,2,local,WB,3,1,No,CD4_N,17.98
M,5,6,2,local,WB,3,1,No,CD8_N,35.69
M,5,6,2,local,WB,3,1,No,CD3_CM,44.47
M,5,6,2,local,WB,3,1,No,CD4_CM,59.41
M,5,6,2,local,WB,3,1,No,CD8_CM,17.21
M,5,6,2,local,WB,3,1,No,CD3_EM,13.72
M,5,6,2,local,WB,3,1,No,CD4_EM,15.22
M,5,6,2,local,WB,3,1,No,CD8_EM,14.98
M,5,6,2,local,WB,3,1,No,CD3_TD,18.32
M,5,6,2,local,WB,3,1,No,CD4_TD,7.39
M,5,6,2,local,WB,3,1,No,CD8_TD,32.12
M,5,6,2,local,WB,3,2,No,CD3,56.75
M,5,6,2,local,WB,3,2,No,CD4,65.45
M,5,6,2,local,WB,3,2,No,CD8,28.02
M,5,6,2,local,WB,3,2,No,CD3_N,22.95
M,5,6,2,local,WB,3,2,No,CD4_N,17.64
M,5,6,2,local,WB,3,2,No,CD8_N,35
M,5,6,2,local,WB,3,2,No,CD3_CM,44.43
M,5,6,2,local,WB,3,2,No,CD4_CM,59.19
M,5,6,2,local,WB,3,2,No,CD8_CM,17.58
M,5,6,2,local,WB,3,2,No,CD3_EM,14.15
M,5,6,2,local,WB,3,2,No,CD4_EM,15.65
M,5,6,2,local,WB,3,2,No,CD8_EM,15.19
M,5,6,2,local,WB,3,2,No,CD3_TD,18.47
M,5,6,2,local,WB,3,2,No,CD4_TD,7.52
M,5,6,2,local,WB,3,2,No,CD8_TD,32.23
M,5,6,2,local,WB,3,3,No,CD3,56.56
M,5,6,2,local,WB,3,3,No,CD4,65.12
M,5,6,2,local,WB,3,3,No,CD8,28.23
M,5,6,2,local,WB,3,3,No,CD3_N,23.33
M,5,6,2,local,WB,3,3,No,CD4_N,17.67
M,5,6,2,local,WB,3,3,No,CD8_N,35.73
M,5,6,2,local,WB,3,3,No,CD3_CM,44.74
M,5,6,2,local,WB,3,3,No,CD4_CM,59.64
M,5,6,2,local,WB,3,3,No,CD8_CM,17.77
M,5,6,2,local,WB,3,3,No,CD3_EM,13.65
M,5,6,2,local,WB,3,3,No,CD4_EM,15.14
M,5,6,2,local,WB,3,3,No,CD8_EM,14.99
M,5,6,2,local,WB,3,3,No,CD3_TD,18.27
M,5,6,2,local,WB,3,3,No,CD4_TD,7.55
M,5,6,2,local,WB,3,3,No,CD8_TD,31.5
